Raw_ID1,Raw_ID2,label
MIMAT0000733,5281811,0
MIMAT0001948,5789,0
hsa_circ_0008817,6013,0
MIMAT0018074,44631912,0
MIMAT0004499,445639,0
MIMAT0019732,4033,0
MIMAT0014007,6442177,0
hsa_circ_0009012,10635,0
101927174,65110,0
MIMAT0005837,122634,0
MIMAT0001340,21633059,0
285548,5757,0
MIMAT0018194,5743,0
390963,285033,0
202181,6197,0
MIMAT0005928,11635763,0
26080,25183872,0
MIMAT0001015,5318517,0
MIMAT0000568,3220,0
MIMAT0000595,4033,0
hsa_circ_0018440,2767,0
MIMAT0015038,24978538,0
100505938,5394,1
MIMAT0004599,544,0
MIMAT0003333,2733526,1
MIMAT0004573,60852,0
hsa_circ_0078150,15951529,1
hsa_circ_0086159,28486,0
MIMAT0000680,5978,0
MIMAT0000703,37542,0
101927489,444254,0
111216282,9444,0
MIMAT0012822,5284616,0
hsa_circ_0005415,216239,0
MIMAT0014010,6468,0
MIMAT0015019,6057,0
MIMAT0000461,60750,1
100533955,5280448,0
MIMAT0000462,445434,0
106480679,208908,0
MIMAT0001283,37542,0
MIMAT0018002,2051,0
MIMAT0000609,4763,0
100996570,23973,0
MIMAT0002060,5206,0
MIMAT0000098,5283344,0
MIMAT0011156,443586,0
100303491,5288826,0
MIMAT0003247,442428,0
MIMAT0000877,442428,0
MIMAT0004976,5997,0
MIMAT0004942,6918837,0
hsa_circ_0076155,29327,0
MIMAT0000082,2375,0
MIMAT0000069,5978,1
MIMAT0005595,3779,1
MIMAT0000899,74483,1
64002,1207,0
MIMAT0003734,2662,0
MIMAT0000449,2520,1
MIMAT0000223,5284616,1
MIMAT0000802,60198,0
MIMAT0000200,441074,0
101929147,41867,0
MIMAT0000608,5757,0
641516,16132265,0
MIMAT0014863,644241,0
MIMAT0015195,124886,0
MIMAT0000786,3220,0
hsa_circ_0000500,15951529,1
100132677,445154,0
hsa_circ_0008518,15951529,1
MIMAT0019851,3229,0
MIMAT0000371,1674,0
MIMAT0005826,6013,1
MIMAT0004977,969516,0
101927686,5793,0
MIMAT0004523,2662,0
102723099,29327,0
101927574,4091,0
MIMAT0019059,42113,0
28996,2236,0
MIMAT0015064,89594,0
MIMAT0001547,445154,1
100270746,123865,0
MIMAT0000837,47936,0
MIMAT0000571,135403648,0
101927230,451668,0
MIMAT0003322,135403648,1
hsa_circ_0040185,24268,0
MIMAT0018001,222528,0
MIMAT0000264,9444,1
MIMAT0001627,5959,0
MIMAT0003728,15939,0
MIMAT0014002,54675776,0
MIMAT0002873,5280453,0
6093,15939,0
MIMAT0003254,65110,0
MIMAT0003263,261004,0
MIMAT0019920,6918289,0
MIMAT0004663,544,0
hsa_circ_0007924,5281004,0
hsa_circ_0001811,4641,0
100874261,387447,0
MIMAT0015142,3028194,0
MIMAT0004982,5284583,0
hsa_circ_0000044,13089,0
MIMAT0015347,2662,0
MIMAT0000236,6001,1
MIMAT0001728,24268,1
hsa_circ_0004271,445639,0
MIMAT0015113,3652,0
MIMAT0004852,16741,0
100505832,47725,0
MIMAT0014009,11433190,0
MIMAT0001708,2733,0
MIMAT0004670,3386,0
MIMAT0000526,72301,0
hsa_circ_0087564,25183872,0
MIMAT0000656,636397,0
hsa_circ_0026512,15625,0
MIMAT0016858,5951,0
MIMAT0007869,6036,0
MIMAT0005795,6197,0
MIMAT0000161,5352624,0
MIMAT0016913,56842234,0
101926978,3006531,0
MIMAT0003885,5755,1
MIMAT0000894,42611257,0
MIMAT0006778,222757,0
hsa_circ_0021727,29327,0
MIMAT0003281,4946,0
MIMAT0000461,5793,1
MIMAT0004188,49803145,0
MIMAT0003295,9931953,0
MIMAT0004644,442972,0
MIMAT0005922,5310940,1
hsa_circ_0001880,15951529,1
MIMAT0003112,5291,0
MIMAT0031893,3763,0
MIMAT0005899,47725,0
MIMAT0004982,387447,1
101927482,24360,0
MIMAT0000279,36462,1
MIMAT0004224,89594,1
MIMAT0019958,45266826,0
hsa_circ_0006473,49803145,0
MIMAT0002060,5280896,1
hsa_circ_0043469,10836,0
MIMAT0000160,16197265,0
hsa_circ_0004083,15951529,1
MIMAT0014022,5538,0
hsa_circ_0000042,47725,0
hsa_circ_0069997,71496458,1
MIMAT0005322,3779,1
MIMAT0000065,5757,1
MIMAT0005877,91820602,0
MIMAT0002814,31703,1
MIMAT0003236,5460341,0
101929467,9804992,0
hsa_circ_0008952,12967,0
MIMAT0000136,93004,0
MIMAT0000836,3961,0
MIMAT0001848,60700,0
MIMAT0015069,60750,1
MIMAT0003473,3345,0
100616668,31401,0
MIMAT0003314,2733,0
hsa_circ_0001880,148124,0
100128811,65015,0
MIMAT0001280,74483,1
MIMAT0000755,119307,1
105372147,445580,0
9641,5282350,0
MIMAT0000281,5978,1
MIMAT0000611,24268,0
MIMAT0002837,712,0
MIMAT0000544,5280360,0
MIMAT0000626,5212,0
MIMAT0005278,2907,0
MIMAT0003209,24497,0
387723,1110,0
hsa_circ_0042435,4946,0
MIMAT0016886,31401,0
MIMAT0003249,5280343,0
MIMAT0000514,638278,0
101927667,5394,1
102800310,241,0
hsa_circ_0041019,4829,0
hsa_circ_0005379,444732,0
hsa_circ_0051899,145858,0
MIMAT0014025,5978,0
MIMAT0019806,15951529,0
MIMAT0004798,9898279,0
MIMAT0000062,42113,0
MIMAT0001536,3385,1
MIMAT0000719,6089,0
MIMAT0015054,3385,1
MIMAT0016925,72304,0
MIMAT0004797,15625,0
100130935,2995,0
692205,156413,0
MIMAT0003714,9547215,0
MIMAT0003308,13089,1
hsa_circ_0018440,6076,0
MIMAT0015038,6041,0
644649,443586,0
hsa_circ_0062980,5280453,0
hsa_circ_0001880,10836,0
23513,6089,0
MIMAT0017017,5280795,0
MIMAT0000048,460612,0
MIMAT0003729,60700,0
MIMAT0003329,36314,1
MIMAT0005628,11226684,0
MIMAT0003265,60750,1
MIMAT0003333,6918289,0
hsa_circ_0005572,15951529,1
100130700,9826528,0
MIMAT0004224,60198,0
MIMAT0005834,6410,1
hsa_circ_0000038,60700,0
MIMAT0004799,5755,0
MIMAT0004577,24288,0
MIMAT0000245,2767,1
MIMAT0000430,442972,1
MIMAT0000751,712,1
hsa_circ_0068462,7222,0
hsa_circ_0002130,1175,0
MIMAT0015042,3385,1
5654,9576410,0
MIMAT0015055,65015,0
MIMAT0003271,31401,1
MIMAT0002810,2767,0
MIMAT0001887,5280427,0
MIMAT0018961,5329102,0
hsa_circ_0001278,74483,0
MIMAT0000271,36314,1
MIMAT0001068,5222465,0
hsa_circ_0006491,15951529,1
101060524,449171,0
hsa_circ_0044837,5284616,0
MIMAT0019972,5329102,0
MIMAT0016866,241,0
MIMAT0035719,122634,0
645687,11433190,0
MIMAT0000094,2723601,0
MIMAT0003882,41867,0
MIMAT0004921,3117,0
MIMAT0001792,5757,0
MIMAT0001081,667639,0
MIMAT0004970,2767,1
MIMAT0001639,124886,0
MIMAT0013982,24268,1
MIMAT0004784,4943,0
MIMAT0025123,285033,0
MIMAT0000066,3385,1
MIMAT0006584,89594,1
MIMAT0003727,6057,0
MIMAT0005933,8490,0
MIMAT0004971,5281614,0
MIMAT0000416,31703,1
MIMAT0012852,3496,0
MIMAT0000781,97226,0
100499484,56843276,0
MIMAT0000874,8029,1
MIMAT0000763,2767,1
MIMAT0004721,1832,0
MIMAT0002838,222757,0
MIMAT0004621,446220,0
MIMAT0015194,222757,0
MIMAT0004791,114900,0
hsa_circ_0059665,42890,0
MIMAT0000093,5978,1
MIMAT0003208,1983,1
hsa_circ_0000510,5538,0
MIMAT0000255,37542,0
MIMAT0019000,2995,0
MIMAT0003205,60838,0
MIMAT0014009,5352624,0
MIMAT0003246,3028194,0
MIMAT0004524,5280343,1
hsa_circ_0006004,784,0
MIMAT0006767,6505803,0
29797,3779,0
MIMAT0000216,5881,0
MIMAT0000070,6279,1
MIMAT0000248,9949648,0
hsa_circ_0002303,444795,0
101927931,56842234,0
MIMAT0000131,54675776,0
100506866,5394,1
MIMAT0004937,443586,1
MIMAT0007887,3385,1
MIMAT0005315,241,0
hsa_circ_0008310,77999,0
MIMAT0002852,31703,1
hsa_circ_0042444,1832,0
hsa_circ_0000457,11960529,0
MIMAT0001545,444732,0
100302650,2767,1
MIMAT0004508,14403,0
MIMAT0019903,10184653,0
hsa_circ_0050125,29327,0
hsa_circ_0009792,15951529,1
hsa_circ_0025506,216326,0
MIMAT0001735,77999,0
MIMAT0004497,3345,0
MIMAT0001028,6001,0
hsa_circ_0007148,4158,0
103752588,148124,0
545,6857599,1
MIMAT0000860,216239,0
hsa_circ_0063776,24978538,0
MIMAT0004893,15951529,0
hsa_circ_0000614,5994,0
MIMAT0000086,6013,1
MIMAT0016870,60750,1
hsa_circ_0063305,1175,0
MIMAT0005826,3101,0
MIMAT0004810,9949648,0
MIMAT0000692,2578,0
hsa_circ_0055957,8029,0
MIMAT0000686,71496458,0
hsa_circ_0076251,25262965,0
MIMAT0003491,24180719,0
MIMAT0003315,6197,0
MIMAT0000617,6253,1
MIMAT0003285,285033,0
MIMAT0000573,229455,0
MIMAT0012825,445154,0
hsa_circ_0087293,5361,0
MIMAT0000071,65064,0
MIMAT0000826,9898279,0
hsa_circ_0001449,5951,0
MIMAT0003121,5755,0
MIMAT0000441,9931953,1
MIMAT0000246,6410,1
MIMAT0004982,123865,0
hsa_circ_0044837,9064,0
hsa_circ_0008044,5280448,0
MIMAT0004519,1674,0
MIMAT0001423,455658,0
MIMAT0018992,5281811,0
MIMAT0005591,47289,0
MIMAT0004692,3385,1
hsa_circ_0011448,4033,0
MIMAT0019695,3220,0
MIMAT0003389,644241,0
MIMAT0002850,60750,0
MIMAT0000371,5280961,0
MIMAT0009977,5394,0
100144602,24268,0
MIMAT0001761,104741,0
MIMAT0000828,10635,0
MIMAT0005583,444732,0
MIMAT0000454,15951529,0
MIMAT0003269,14888,0
MIMAT0002814,42113,0
MIMAT0000661,1130,0
MIMAT0005918,31101,0
MIMAT0004977,544,0
MIMAT0000819,784,0
100652739,737139,0
MIMAT0004837,56842234,0
MIMAT0000574,77999,0
MIMAT0000084,11433190,0
101927811,11635763,0
MIMAT0004233,644241,0
hsa_circ_0074806,460612,0
MIMAT0002830,2767,1
MIMAT0015346,4829,0
MIMAT0000210,6410,1
MIMAT0000821,5291,0
MIMAT0000552,6197,0
hsa_circ_0007404,657237,0
hsa_circ_0037274,14403,0
MIMAT0004798,148124,0
hsa_circ_0005907,135403648,0
441242,448537,0
MIMAT0000710,6857599,1
MIMAT0004736,31703,0
MIMAT0000437,446556,1
MIMAT0019879,4891,0
MIMAT0004985,657237,0
MIMAT0000378,5281004,1
hsa_circ_0018905,5816,0
hsa_circ_0009594,448013,0
100996266,37542,0
MIMAT0005928,42890,0
MIMAT0000123,5280343,1
hsa_circ_0022142,3652,0
MIMAT0004609,451668,0
MIMAT0000100,3385,1
MIMAT0000070,104842,1
MIMAT0000762,442793,0
MIMAT0001787,72301,0
MIMAT0001701,636397,0
100533955,11556711,0
hsa_circ_0060516,47936,0
572,119104,0
MIMAT0019695,47318,0
1281,5881,0
MIMAT0000719,4891,0
MIMAT0003738,2995,0
hsa_circ_0003748,445434,0
MIMAT0000062,148124,0
MIMAT0003478,5281929,0
MIMAT0000647,5284616,1
MIMAT0001420,10184653,0
hsa_circ_0022383,24360,0
hsa_circ_0001887,11953817,0
MIMAT0004635,60953,0
MIMAT0002061,46843772,0
hsa_circ_0000524,10635,0
MIMAT0003250,11226684,0
MIMAT0004682,56843276,0
MIMAT0002173,439530,0
MIMAT0005572,790,0
hsa_circ_0042435,24759,0
MIMAT0005945,65064,0
MIMAT0005824,445639,0
MIMAT0002178,60823,1
MIMAT0000069,712,1
MIMAT0000670,6057,0
MIMAT0000776,23973,0
MIMAT0037307,123865,0
MIMAT0016878,9576410,0
646324,636397,0
MIMAT0000688,4033,0
MIMAT0014002,445580,0
MIMAT0015048,54454,0
MIMAT0004855,5943,0
MIMAT0004224,5538,0
MIMAT0004828,122634,0
MIMAT0000156,4763,0
MIMAT0016878,5288209,0
hsa_circ_0006473,15951529,1
MIMAT0000729,5206,0
4855,784,0
MIMAT0001635,31703,1
101928517,16078949,0
MIMAT0015337,442428,0
100505576,3690,0
hsa_circ_0005281,31703,0
MIMAT0003766,11433190,0
hsa_circ_0092329,9700,0
103344926,5284583,0
MIMAT0001037,5381226,0
hsa_circ_0026457,60606,0
MIMAT0003339,5291,0
100506274,5359268,0
hsa_circ_0001203,3385,0
MIMAT0000893,6505803,0
MIMAT0005924,4091,0
MIMAT0000217,210332,1
MIMAT0005945,1175,0
MIMAT0003181,15939,0
MIMAT0015337,24268,1
MIMAT0000267,9804992,0
MIMAT0002826,148124,1
MIMAT0000566,6440495,1
MIMAT0002878,3902,0
MIMAT0004578,3821,0
hsa_circ_0000724,9826528,0
102723883,5793,0
MIMAT0003393,5311,1
MIMAT0000369,5462222,0
MIMAT0000525,43815,0
hsa_circ_0079166,5280896,0
MIMAT0000278,135403648,1
MIMAT0005896,104746,0
hsa_circ_0001449,11953817,0
MIMAT0000143,4033,0
MIMAT0004558,2767,1
MIMAT0004616,216345,0
MIMAT0019337,452548,0
hsa_circ_0005354,71496458,0
MIMAT0000157,702,1
645687,31703,0
MIMAT0003151,24978538,0
MIMAT0000657,210332,1
MIMAT0003338,5280961,0
MIMAT0006767,261000,0
100874366,3007,0
hsa_circ_0005354,3496,0
MIMAT0004747,5943,0
MIMAT0003331,104842,0
MIMAT0000146,47725,0
MIMAT0016863,6106,0
MIMAT0019826,138374198,0
hsa_circ_0004709,2051,0
MIMAT0000632,54671203,0
MIMAT0002869,5280360,0
MIMAT0001631,2733526,1
MIMAT0003337,6106,0
MIMAT0004807,16741,0
MIMAT0000597,6410,1
MIMAT0000227,2733526,1
MIMAT0019820,24978538,0
MIMAT0002060,3652,0
100128252,443586,0
MIMAT0000812,5284373,0
MIMAT0004796,3006531,0
hsa_circ_0007761,145858,0
55545,104758,0
MIMAT0018001,10184653,0
hsa_circ_0000557,8029,0
MIMAT0001867,65348,0
MIMAT0001822,5281708,0
MIMAT0004758,667639,0
MIMAT0014001,60780,0
MIMAT0005867,25183872,0
MIMAT0003199,6440495,0
MIMAT0004782,6057,0
MIMAT0014988,261000,0
MIMAT0016916,4158,0
6596,6857599,1
hsa_circ_0049627,7222,0
8454,3961,0
hsa_circ_0009732,5746,0
MIMAT0023623,5280896,0
hsa_circ_0042359,5459308,0
MIMAT0000281,104746,0
hsa_circ_0000324,969516,0
MIMAT0019887,9804992,0
MIMAT0005595,24268,0
MIMAT0002177,2767,1
101927541,8029,0
389023,11626560,0
MIMAT0005319,89594,0
MIMAT0000527,5212,0
MIMAT0000159,1207,0
MIMAT0000898,5359268,0
hsa_circ_0002755,73581,0
MIMAT0018966,4091,0
MIMAT0006775,790,0
hsa_circ_0000813,122634,0
MIMAT0005900,8490,0
MIMAT0019855,114900,0
100289255,387447,0
6615,5789,0
MIMAT0000686,36462,1
hsa_circ_0065932,5881,0
MIMAT0005794,16741,0
646405,15,0
100379249,5394,1
hsa_circ_0000339,24180719,0
MIMAT0005877,241,0
MIMAT0005626,6001,0
MIMAT0003306,10621,0
hsa_circ_0091894,60780,0
MIMAT0001630,3220,1
hsa_circ_0011571,210332,0
MIMAT0016878,164676,0
100506498,2336,0
MIMAT0004987,5352624,0
MIMAT0003887,1983,0
MIMAT0000439,3220,1
hsa_circ_0005974,91820602,0
MIMAT0000229,21109,0
MIMAT0042989,5381226,0
MIMAT0001863,3019,0
440925,5394,1
MIMAT0000158,4891,1
hsa_circ_0006131,164676,0
MIMAT0004573,4033,0
344462,71496458,0
MIMAT0003731,6410,1
MIMAT0000435,31401,1
MIMAT0000123,1983,0
100505994,56843276,0
MIMAT0007884,702,0
hsa_circ_0048232,6918289,0
MIMAT0015347,1176,0
hsa_circ_0085278,5281929,0
hsa_circ_0001829,4091,0
MIMAT0009451,91466,0
100507632,60838,0
MIMAT0004748,3385,1
MIMAT0000606,108065,0
MIMAT0004787,54670067,0
MIMAT0003291,21109,0
MIMAT0003735,3488,0
MIMAT0000421,3229,1
hsa_circ_0008382,4158,0
MIMAT0004596,15625,0
MIMAT0004558,97226,1
MIMAT0001732,54675776,0
MIMAT0002849,387447,0
MIMAT0001390,442793,0
MIMAT0018095,107985,0
hsa_circ_0002483,138374198,0
100033426,1176,0
MIMAT0017002,5280427,0
100506860,2187,0
hsa_circ_0003441,3220,0
hsa_circ_0005087,2336,0
100885775,24288,0
641516,54675776,0
MIMAT0000516,73581,0
MIMAT0000136,17754356,0
hsa_circ_0005513,122634,0
hsa_circ_0061260,210332,0
MIMAT0015196,6442177,0
hsa_circ_0007769,126941,0
MIMAT0005278,2733526,0
MIMAT0000655,126941,0
hsa_circ_0058191,3902,0
100033427,444254,0
10984,5394,1
MIMAT0000559,46843772,0
MIMAT0000551,5352624,0
23766,24821094,0
MIMAT0000235,4212,0
MIMAT0001783,36314,0
MIMAT0000764,6013,0
100128164,53232,0
MIMAT0005939,5288209,0
MIMAT0000275,5318517,1
MIMAT0002880,5793,1
MIMAT0011446,89594,1
MIMAT0014008,2375,0
hsa_circ_0079163,222757,0
MIMAT0019838,6918289,0
MIMAT0003714,9700,0
MIMAT0003270,60700,0
MIMAT0001588,790,0
MIMAT0000158,5997,0
hsa_circ_0027491,108065,0
MIMAT0005827,9826528,0
MIMAT0000369,5789,0
MIMAT0004809,91820602,0
hsa_circ_0008926,65064,0
MIMAT0015336,73581,0
MIMAT0000714,36314,0
hsa_circ_0000773,45266826,0
MIMAT0001020,4033,0
MIMAT0002845,31703,1
MIMAT0000074,9444,1
100996570,5280951,0
MIMAT0005906,3071,0
MIMAT0019058,2767,1
hsa_circ_0000557,442428,0
MIMAT0000208,6036,1
MIMAT0000833,1548943,0
MIMAT0002829,60780,1
hsa_circ_0008518,3062316,0
101927750,77999,0
MIMAT0000793,896,0
hsa_circ_0006382,15951529,1
286411,23939,0
100129291,6505803,0
MIMAT0004693,7222,0
hsa_circ_0073647,216345,0
hsa_circ_0049627,2375,0
hsa_circ_0092303,25244711,0
MIMAT0007881,60780,1
hsa_circ_0040188,4763,0
MIMAT0004977,31703,1
MIMAT0004743,21109,0
MIMAT0004498,229455,0
MIMAT0005318,4943,0
MIMAT0019814,123631,0
MIMAT0000100,9949648,0
MIMAT0035005,4158,0
MIMAT0005300,2336,0
MIMAT0004189,445858,0
MIMAT0018352,64971,0
MIMAT0019827,24759,0
MIMAT0001028,6253,0
hsa_circ_0002483,5222465,0
6290,25227436,0
MIMAT0015359,31101,0
MIMAT0000421,135403648,1
hsa_circ_0086241,462382,0
MIMAT0003181,42890,0
MIMAT0000219,9804992,0
6494,11626560,0
MIMAT0003298,2375,1
MIMAT0003240,123865,0
101927155,25244711,0
MIMAT0003304,91466,0
MIMAT0004586,5790,0
MIMAT0002817,445154,0
MIMAT0000381,44259,0
MIMAT0004934,265237,0
MIMAT0002849,2733526,0
MIMAT0004702,3006531,0
101927167,790,0
MIMAT0003237,6037,0
MIMAT0006775,5282350,0
MIMAT0001805,74483,1
hsa_circ_0086694,5790,0
MIMAT0003892,15951529,0
MIMAT0000241,77999,0
MIMAT0004955,3397,0
MIMAT0001420,8490,1
MIMAT0001732,13089,0
MIMAT0003298,5951,0
MIMAT0001768,10836,0
100873998,737139,0
hsa_circ_0008910,9804992,0
MIMAT0019075,441074,0
MIMAT0004602,28486,0
644242,667639,0
MIMAT0000177,6115,0
MIMAT0000888,8029,1
101928674,47318,0
MIMAT0003336,544,0
MIMAT0000196,12967,0
hsa_circ_0004703,43815,0
hsa_circ_0004271,104746,0
MIMAT0004770,126941,0
hsa_circ_0005855,3220,0
MIMAT0005868,46843772,0
105375475,442972,0
MIMAT0003466,3006531,0
MIMAT0000219,11635763,0
hsa_circ_0070617,3229,0
hsa_circ_0005949,2907,0
MIMAT0000246,4095,0
MIMAT0000817,3101,0
MIMAT0001267,30323,0
MIMAT0000784,5459308,0
MIMAT0002176,2767,1
102724077,445639,0
100132891,5291,0
MIMAT0000982,2767,0
MIMAT0000617,104741,1
100873998,5284583,0
MIMAT0002868,5280343,0
646576,229455,0
hsa_circ_0006913,24288,0
MIMAT0004733,24268,0
MIMAT0003162,60750,0
MIMAT0000318,5757,1
MIMAT0000733,60700,0
hsa_circ_0047663,24759,0
MIMAT0000542,23939,0
MIMAT0019798,3117,0
MIMAT0019904,2336,0
MIMAT0013984,5284583,0
MIMAT0004952,5280360,0
MIMAT0003265,54675776,0
MIMAT0000185,5280896,1
MIMAT0003338,5318517,0
MIMAT0004922,65348,0
MIMAT0000826,5284373,0
MIMAT0000121,5280795,0
MIMAT0000009,5280448,0
MIMAT0003375,10635,0
MIMAT0019689,452548,0
MIMAT0004555,5459308,0
105377105,969516,0
MIMAT0004828,451668,0
MIMAT0000646,2733526,1
101927027,5757,0
hsa_circ_0025506,6857599,1
644919,8490,0
MIMAT0019772,2662,0
414243,445580,0
MIMAT0003227,60838,0
MIMAT0004896,5035,0
286333,54671203,0
MIMAT0000458,442428,1
MIMAT0004970,23939,0
101928607,54454,0
hsa_circ_0000554,16741,0
MIMAT0003237,6036,0
MIMAT0000821,5789,0
MIMAT0018982,265237,0
100506126,24288,0
hsa_circ_0003247,25262965,0
100126791,91820602,0
MIMAT0001786,451668,0
MIMAT0004498,12967,0
10263,6857599,1
MIMAT0004812,5793,1
MIMAT0004773,148124,1
MIMAT0003151,126941,0
MIMAT0000518,969516,1
MIMAT0015326,5281811,0
25812,5284583,0
MIMAT0014009,8029,0
hsa_circ_0005623,97226,0
MIMAT0004589,145858,1
hsa_circ_0005855,156413,0
28996,5280445,0
MIMAT0005576,60838,1
MIMAT0000797,6442177,0
MIMAT0000074,4624,1
MIMAT0000149,896,0
MIMAT0000066,2520,1
MIMAT0000067,6197,0
MIMAT0001078,24821094,0
hsa_circ_0031027,60700,0
100874041,2051,0
572,5280448,0
MIMAT0000146,60953,0
hsa_circ_0002402,56843276,0
9950,2578,0
MIMAT0019718,667639,0
MIMAT0000137,222528,0
MIMAT0000448,91466,0
MIMAT0004569,60953,0
MIMAT0003278,5757,0
100130691,4158,0
MIMAT0000275,36462,1
hsa_circ_0003908,156413,0
MIMAT0003475,108065,1
MIMAT0000372,216239,0
hsa_circ_0080576,5943,0
MIMAT0000755,31703,1
hsa_circ_0043634,2236,0
MIMAT0000828,42611257,0
23043,6279,0
MIMAT0019968,689043,0
MIMAT0000731,9576410,0
MIMAT0000261,31401,0
100128252,5394,1
MIMAT0004640,442428,0
MIMAT0004513,93004,0
MIMAT0003886,448537,0
hsa_circ_0036391,5311,0
MIMAT0018108,452548,0
MIMAT0000176,3101,0
MIMAT0000603,28486,0
MIMAT0001724,6623,0
hsa_circ_0004636,42611257,0
MIMAT0003121,439530,0
MIMAT0000830,969516,0
MIMAT0004496,24821094,0
hsa_circ_0030162,91820602,0
100996437,5394,1
MIMAT0019904,12967,0
MIMAT0000092,47318,0
MIMAT0014029,104746,0
MIMAT0000134,261004,0
100507098,253602,0
hsa_circ_0018499,9898279,0
101927167,2336,0
MIMAT0003239,2767,1
MIMAT0014005,3779,0
MIMAT0003347,3220,0
MIMAT0000566,4946,1
hsa_circ_0061251,5284583,0
MIMAT0000643,60606,0
MIMAT0001866,74483,1
MIMAT0001831,446220,1
MIMAT0004700,14403,0
MIMAT0002868,5789,0
MIMAT0000748,3117,0
MIMAT0003182,4095,0
MIMAT0000262,3385,1
MIMAT0000267,451668,1
MIMAT0004810,45266826,0
MIMAT0000274,123631,1
MIMAT0001632,442972,0
MIMAT0000177,6623,0
MIMAT0005921,56649450,0
hsa_circ_0015494,712,0
hsa_circ_0006491,222528,0
hsa_circ_0013055,65064,0
MIMAT0003727,1548943,0
158381,36314,0
MIMAT0000414,6623,1
MIMAT0000248,702,1
hsa_circ_0002965,12967,0
MIMAT0048651,2578,0
MIMAT0000385,60823,0
MIMAT0014979,5280360,0
MIMAT0000435,60750,1
MIMAT0002883,15939,0
MIMAT0000441,448537,1
MIMAT0000155,5206,0
MIMAT0004679,16132265,0
MIMAT0003181,5881,0
MIMAT0000232,14888,1
MIMAT0004867,47936,0
MIMAT0003376,15,0
hsa_circ_0003323,15951529,1
MIMAT0000982,8029,0
101101772,6167,0
hsa_circ_0001490,15951529,1
hsa_circ_0087862,15951529,1
MIMAT0003182,5746,0
MIMAT0003385,9826528,0
896,3821,0
hsa_circ_0003759,4829,0
101929027,3028194,0
MIMAT0000748,6036,0
MIMAT0017059,5284616,0
MIMAT0005577,439530,0
5937,123865,0
hsa_circ_0000463,2723601,0
MIMAT0003885,2520,1
hsa_circ_0048766,54680783,0
MIMAT0000459,3385,1
MIMAT0019713,6442177,0
MIMAT0015052,15,0
MIMAT0004777,3385,0
MIMAT0000555,10621,1
hsa_circ_0051041,4943,0
MIMAT0003326,445580,0
642633,5943,0
hsa_circ_0005379,24180719,0
MIMAT0000435,5394,1
hsa_circ_0074930,2336,0
100421746,54680783,0
441666,222757,0
MIMAT0005898,15951529,0
MIMAT0005951,6037,0
100129291,253602,0
hsa_circ_0005418,6076,0
MIMAT0019001,6857599,0
MIMAT0005870,9949648,0
hsa_circ_0081001,54680783,0
MIMAT0000445,25262965,1
MIMAT0000728,24978538,0
hsa_circ_0006318,2767,1
MIMAT0000141,24288,0
MIMAT0005444,104758,0
hsa_circ_0077216,46843772,0
MIMAT0004721,126941,0
MIMAT0004770,60780,1
MIMAT0000069,5394,1
hsa_circ_0008389,5755,0
643977,36314,0
hsa_circ_0000008,1110,0
hsa_circ_0013055,1832,0
MIMAT0003375,11556711,0
hsa_circ_0085173,448013,0
MIMAT0000084,24497,1
MIMAT0002818,31703,1
642633,2767,1
MIMAT0000121,4033,0
hsa_circ_0008806,56843276,0
MIMAT0003885,5790,1
MIMAT0000262,2767,1
MIMAT0002888,5793,1
MIMAT0003269,47725,1
hsa_circ_0015494,43815,0
MIMAT0018087,3385,1
101927167,4624,0
MIMAT0004540,5950,0
MIMAT0000162,162282,0
hsa_circ_0003484,4033,0
MIMAT0000437,5394,1
hsa_circ_0042359,452548,0
MIMAT0000900,72304,0
9950,3220,0
hsa_circ_0006117,5793,0
100874058,5280427,0
MIMAT0001735,445858,0
hsa_circ_0019591,5280795,0
MIMAT0015347,6253,0
MIMAT0004486,23939,0
MIMAT0000167,6918837,0
MIMAT0000167,5206,0
105374631,4763,0
MIMAT0004796,5865,0
MIMAT0000093,216239,1
MIMAT0004957,119307,0
hsa_circ_0078607,141643,0
5610,9826528,0
MIMAT0002819,5394,1
hsa_circ_0030724,14888,0
MIMAT0003122,123865,0
hsa_circ_0026512,5280951,0
MIMAT0004628,36462,0
MIMAT0004607,5865,1
hsa_circ_0008616,261004,0
MIMAT0019022,148124,0
hsa_circ_0068464,2995,0
hsa_circ_0000872,1548943,0
MIMAT0004626,9826528,0
MIMAT0003320,42611257,0
104326188,6076,0
MIMAT0000722,448537,1
hsa_circ_0008926,21109,0
MIMAT0000934,1983,0
MIMAT0000075,31703,1
MIMAT0015055,31101,0
MIMAT0000095,3229,1
MIMAT0000523,25183872,0
55647,6410,0
hsa_circ_0011293,5755,0
MIMAT0002821,3385,1
hsa_circ_0000557,23939,0
hsa_circ_0003489,6197,0
MIMAT0000764,91466,0
MIMAT0000424,2520,1
MIMAT0000565,8490,1
MIMAT0014979,5283344,0
MIMAT0004555,122634,0
MIMAT0003252,138374198,0
MIMAT0004661,6115,0
MIMAT0000220,5282350,0
MIMAT0004903,31703,1
MIMAT0000152,4763,0
hsa_circ_0007333,1674,0
MIMAT0004886,8378,0
MIMAT0002061,25262965,0
hsa_circ_0087357,156413,0
hsa_circ_0000817,45266826,0
MIMAT0000416,24360,0
MIMAT0000559,5978,0
389023,737139,0
hsa_circ_0006392,5757,0
MIMAT0002889,5978,0
hsa_circ_0072876,31401,0
23612,2336,0
MIMAT0001279,5460341,0
hsa_circ_0071196,15951529,1
MIMAT0005459,2767,1
MIMAT0005972,737139,0
hsa_circ_0004964,91820602,0
101927352,9931953,0
hsa_circ_0086694,3006531,0
MIMAT0002889,969516,1
MIMAT0003467,3062316,0
100287216,4158,0
MIMAT0002842,3385,1
MIMAT0019765,5280427,0
101927489,3101,0
MIMAT0002820,448537,1
MIMAT0000083,3385,1
MIMAT0005906,6106,0
MIMAT0000756,4829,0
MIMAT0001619,24978538,0
MIMAT0002848,445639,0
MIMAT0000594,60823,0
MIMAT0003285,47725,0
MIMAT0003329,104746,0
MIMAT0000582,4091,0
MIMAT0009448,97226,1
MIMAT0000415,712,1
hsa_circ_0089371,5994,0
hsa_circ_0022589,460612,0
MIMAT0000030,47725,0
hsa_circ_0000453,13342,0
MIMAT0001853,23973,0
MIMAT0001366,2244,0
MIMAT0005792,29327,0
MIMAT0000814,3007,0
101752399,784,0
MIMAT0003335,145858,0
MIMAT0019957,43815,0
MIMAT0004536,123865,0
100874343,15951529,0
150538,3229,0
339192,5394,1
MIMAT0003259,30323,0
hsa_circ_0001147,36314,0
101928607,1175,0
hsa_circ_0044907,5281614,0
MIMAT0001635,712,1
hsa_circ_0002971,54454,0
MIMAT0000070,2767,1
MIMAT0004747,4943,0
MIMAT0019689,5881,0
MIMAT0004643,5280453,0
hsa_circ_0089033,5352624,0
MIMAT0003330,60823,1
MIMAT0000262,123631,0
MIMAT0001808,122724,0
MIMAT0002809,54670067,0
MIMAT0000104,3220,0
MIMAT0001079,2187,0
MIMAT0003496,5994,0
MIMAT0004971,3652,0
MIMAT0000784,91466,0
101929660,445858,0
MIMAT0004663,54454,0
105375475,15625,0
645996,439530,0
hsa_circ_0009357,21109,0
MIMAT0001538,60780,0
MIMAT0000858,16197265,0
100131067,10635,0
MIMAT0005929,449171,0
hsa_circ_0033149,65064,0
hsa_circ_0070520,17754356,0
MIMAT0018356,97226,1
MIMAT0004515,689043,0
hsa_circ_0000554,6857599,0
hsa_circ_0061251,24268,0
hsa_circ_0001518,5997,0
MIMAT0000062,444795,1
MIMAT0003734,29327,0
MIMAT0000236,138374198,0
hsa_circ_0076522,222528,0
MIMAT0002832,60780,1
MIMAT0004938,43815,0
100506046,5460341,0
MIMAT0000538,3019,0
hsa_circ_0003550,11953817,0
10517,5755,0
MIMAT0005791,54671203,0
MIMAT0001832,60700,0
hsa_circ_0041019,216326,0
100652736,4943,0
MIMAT0002880,9804992,0
MIMAT0000511,5281614,0
MIMAT0015187,9898279,0
MIMAT0000814,2578,0
MIMAT0000542,3652,0
MIMAT0000104,135403648,1
101927416,6918837,0
hsa_circ_0062545,60852,0
MIMAT0003169,712,0
MIMAT0001633,2907,0
MIMAT0015197,14403,0
MIMAT0003237,265237,0
MIMAT0019019,445580,0
MIMAT0005460,455658,0
hsa_circ_0005087,114900,0
MIMAT0003265,5793,1
MIMAT0011435,89594,1
MIMAT0003513,5881,0
MIMAT0015170,6106,0
hsa_circ_0041252,5281929,0
hsa_circ_0000458,5381226,0
MIMAT0000241,216326,0
MIMAT0004552,644241,0
MIMAT0004586,439530,0
MIMAT0000898,10184653,0
MIMAT0004599,2375,1
100033431,5288209,0
hsa_circ_0003251,2733526,0
MIMAT0000583,8378,0
hsa_circ_0007551,6037,0
MIMAT0000705,2767,1
MIMAT0000580,16078949,1
hsa_circ_0001203,2236,0
MIMAT0000156,657237,0
hsa_circ_0000516,208908,0
hsa_circ_0007632,8029,0
MIMAT0015166,5361,0
101927416,65015,0
MIMAT0000104,2051,0
hsa_circ_0006913,65015,0
MIMAT0014989,5743,0
hsa_circ_0000326,6468,0
MIMAT0000426,5394,1
MIMAT0000732,43815,1
MIMAT0004825,3779,0
692205,65064,0
MIMAT0003254,5793,0
MIMAT0015164,5789,0
MIMAT0019886,3385,1
MIMAT0004491,6623,0
100131733,5394,1
hsa_circ_0076155,15951529,1
MIMAT0004923,5793,1
MIMAT0000671,8029,0
MIMAT0000428,448537,1
MIMAT0000830,24497,0
hsa_circ_0026349,23725625,0
MIMAT0000777,171548,0
MIMAT0005584,11960529,0
MIMAT0003294,43815,1
MIMAT0005826,54670067,1
MIMAT0000655,16078949,0
hsa_circ_0041019,41867,0
MIMAT0000671,3345,1
hsa_circ_0008817,638278,0
4976,445580,0
MIMAT0000421,5793,1
MIMAT0000421,122724,0
100996266,38904,0
MIMAT0004482,25244711,0
101927780,13089,0
hsa_circ_0042474,6918289,0
MIMAT0018982,6076,0
100287082,23725625,0
100132923,3652,0
100506930,60838,0
MIMAT0000445,442972,1
MIMAT0001733,4033,0
MIMAT0019855,6197,0
MIMAT0003223,3397,0
hsa_circ_0001599,8029,0
hsa_circ_0007630,3961,0
MIMAT0003466,5281004,1
hsa_circ_0000549,441074,0
MIMAT0019916,784,0
hsa_circ_0001667,107985,0
MIMAT0019848,11433190,0
MIMAT0004861,2353,0
MIMAT0000759,6410,0
MIMAT0015077,60750,1
MIMAT0004782,2995,0
hsa_circ_0001818,28486,0
MIMAT0003209,10184653,0
MIMAT0015007,261004,0
MIMAT0000418,969516,1
MIMAT0003119,5757,0
MIMAT0000451,5280360,0
MIMAT0000257,31101,0
MIMAT0002835,439530,0
MIMAT0005880,6623,0
MIMAT0018361,702,0
hsa_circ_0090328,5459308,0
MIMAT0004616,145858,1
MIMAT0003179,265237,0
hsa_circ_0001318,24821094,0
MIMAT0015345,460612,0
100132677,5394,1
MIMAT0001852,5280453,0
MIMAT0015347,2051,0
MIMAT0005628,138374198,0
MIMAT0019851,5943,0
MIMAT0001748,455658,0
hsa_circ_0075900,104758,0
hsa_circ_0008771,5280795,0
MIMAT0001827,216239,0
MIMAT0001701,6623,0
MIMAT0017016,5789,0
hsa_circ_0002089,5352624,0
MIMAT0000422,104758,0
100033426,60953,0
MIMAT0000076,5329102,1
MIMAT0004976,5943,0
MIMAT0001852,3496,0
MIMAT0000133,16132265,1
MIMAT0018941,93004,0
MIMAT0013984,5035,0
MIMAT0003889,5280445,0
MIMAT0004913,1548943,0
MIMAT0035720,6918289,0
MIMAT0000207,14403,0
MIMAT0001629,11707110,0
MIMAT0001627,21633059,0
MIMAT0015042,5755,0
hsa_circ_0001235,3103,0
hsa_circ_0040786,15951529,1
MIMAT0009448,24978538,0
hsa_circ_0075900,6410,0
MIMAT0003377,72301,0
MIMAT0011162,4158,0
MIMAT0019878,2767,1
MIMAT0015193,60838,0
MIMAT0000270,5310940,0
hsa_circ_0004015,123631,1
hsa_circ_0078607,15951529,1
MIMAT0000766,444254,0
MIMAT0004837,15625,0
MIMAT0001341,2767,1
hsa_circ_0002303,6623,0
MIMAT0003734,8490,1
MIMAT0003150,5865,1
hsa_circ_0009577,15951529,1
MIMAT0015026,1832,0
MIMAT0000297,5790,0
hsa_circ_0005623,16078949,0
MIMAT0001387,5284616,0
MIMAT0000663,439530,0
MIMAT0000566,54675776,0
MIMAT0015048,36314,1
hsa_circ_0040188,4158,0
MIMAT0000372,15939,0
MIMAT0000650,126941,0
MIMAT0000088,544,0
MIMAT0005966,446220,0
MIMAT0004574,1130,0
MIMAT0004501,13342,0
100996645,5394,1
MIMAT0004767,141643,0
101927931,5943,0
MIMAT0004630,216326,0
hsa_circ_0001355,4943,0
hsa_circ_0005235,56649450,0
MIMAT0015188,24268,1
MIMAT0001412,4095,0
MIMAT0019748,439530,0
MIMAT0000430,60750,1
MIMAT0003396,15625,1
hsa_circ_0000835,60606,0
101752399,73581,0
MIMAT0000779,5951,0
MIMAT0015340,36314,0
MIMAT0000520,6623,0
MIMAT0001063,1175,0
340811,1674,0
MIMAT0000086,64971,0
100874249,53232,0
MIMAT0019903,5206,0
MIMAT0002874,6001,0
2149,4829,0
MIMAT0001633,65015,0
MIMAT0003238,91820602,0
MIMAT0000690,657237,0
MIMAT0004481,712,0
MIMAT0015343,3103,0
MIMAT0000853,3028194,0
55370,11953817,0
100033431,5035,0
MIMAT0007884,3385,1
MIMAT0000632,122634,0
MIMAT0005844,5950,0
MIMAT0001705,216345,0
hsa_circ_0044556,119307,0
MIMAT0000689,5746,1
MIMAT0002846,5284583,0
MIMAT0000093,2767,1
MIMAT0001792,15625,1
MIMAT0004985,444795,0
hsa_circ_0006784,969516,0
MIMAT0002055,8490,0
MIMAT0004733,31101,0
728463,11635763,0
MIMAT0003195,2520,0
hsa_circ_0008087,6468,0
MIMAT0000592,65110,0
hsa_circ_0000141,5994,0
MIMAT0005789,141643,0
MIMAT0000531,15,0
MIMAT0003176,46843772,0
105378769,119307,0
hsa_circ_0006900,31101,0
MIMAT0019337,2187,0
MIMAT0003880,3385,1
MIMAT0014928,443586,0
MIMAT0002837,11707110,0
MIMAT0004680,5310940,1
MIMAT0015145,3386,0
MIMAT0000417,6623,1
MIMAT0000775,3028194,1
102724927,4946,0
MIMAT0001813,47289,0
MIMAT0000525,6197,0
100873972,5394,1
MIMAT0002869,138374198,0
MIMAT0000517,108065,0
MIMAT0035720,3763,0
MIMAT0015356,6279,0
MIMAT0004569,216239,1
hsa_circ_0092329,15951529,1
MIMAT0004814,9064,0
MIMAT0013802,2733526,0
MIMAT0019878,3385,1
MIMAT0000452,60750,1
MIMAT0003335,5994,0
hsa_circ_0001147,3220,0
MIMAT0003295,6279,0
MIMAT0000423,5288826,1
MIMAT0003327,5310940,1
MIMAT0000219,5284616,1
hsa_circ_0064808,60823,0
25855,123631,0
100505938,7222,0
MIMAT0001810,122634,0
MIMAT0000760,6089,0
MIMAT0004494,9576410,0
MIMAT0000757,60700,0
hsa_circ_0025054,445434,0
105375401,1110,0
101927761,5394,1
MIMAT0019022,49803145,0
440416,449171,0
hsa_circ_0003323,3397,0
MIMAT0001015,208908,0
MIMAT0000053,89594,1
390963,442972,0
MIMAT0004928,16132265,0
MIMAT0000456,36314,1
643446,123631,1
MIMAT0001887,54671203,0
MIMAT0003119,448537,0
MIMAT0005635,42113,0
MIMAT0000445,97226,1
MIMAT0001780,2236,0
hsa_circ_0008359,60700,0
101929427,38904,0
MIMAT0000657,5310940,0
MIMAT0001063,23973,1
101928287,54454,0
MIMAT0004758,4158,0
MIMAT0001076,5281929,0
100506495,60750,0
MIMAT0001536,445858,1
MIMAT0003294,36314,1
MIMAT0003233,3657,0
MIMAT0002823,4946,0
hsa_circ_0002874,5943,0
hsa_circ_0072797,222757,0
100292680,5394,1
hsa_circ_0007245,54680783,0
MIMAT0014998,23939,0
9489,2995,0
MIMAT0004925,15,0
MIMAT0004612,6440495,0
MIMAT0000138,2244,0
55165,6013,0
MIMAT0000565,5283344,0
MIMAT0004922,72304,0
MIMAT0000817,31101,0
hsa_circ_0009624,9064,0
MIMAT0000957,114900,0
101929059,5394,1
MIMAT0000752,148124,1
MIMAT0004953,24978538,0
MIMAT0004987,1674,0
MIMAT0019704,216326,0
643911,60823,0
hsa_circ_0078654,10635,0
100130392,122634,0
MIMAT0019879,702,0
MIMAT0002888,712,1
MIMAT0000523,145858,0
MIMAT0000093,5755,0
101927811,65348,0
MIMAT0000836,261000,0
MIMAT0014332,443586,0
MIMAT0004796,5291,0
MIMAT0000068,2336,1
115804232,5394,1
hsa_circ_0006903,2733526,0
100506207,25244711,0
hsa_circ_0030724,1674,0
hsa_circ_0037972,47936,0
100506495,5394,1
MIMAT0003948,97226,1
MIMAT0000239,65110,0
MIMAT0000666,123596,0
26751,3902,0
MIMAT0000781,5978,0
10517,5281004,0
hsa_circ_0062980,162282,0
hsa_circ_0021727,5206,0
hsa_circ_0042435,702,0
MIMAT0004702,2051,0
MIMAT0004630,985,0
MIMAT0000416,60780,0
643827,5280448,0
545,11707110,0
441242,5394,1
MIMAT0000652,135403648,0
hsa_circ_0004271,5790,0
MIMAT0003211,5281811,0
hsa_circ_0084606,42611257,0
MIMAT0015165,6440495,0
hsa_circ_0068697,3019,0
hsa_circ_0003838,3657,0
162632,42611257,0
MIMAT0004501,712,0
MIMAT0000722,97226,1
MIMAT0004959,162282,0
100506696,5460341,0
MIMAT0000824,6076,0
339005,261000,0
MIMAT0012825,455658,0
101929395,49803145,0
100132529,5793,0
23612,44259,0
MIMAT0000214,5035,0
MIMAT0001630,31703,1
MIMAT0003459,138374198,0
MIMAT0000973,261004,0
hsa_circ_0004390,5281811,0
MIMAT0000600,3345,0
MIMAT0000987,216345,0
MIMAT0000652,3345,0
hsa_circ_0087234,3397,0
hsa_circ_0030724,5281929,0
MIMAT0015323,5318517,0
MIMAT0000889,3019,0
MIMAT0003150,2520,1
MIMAT0001340,36314,0
MIMAT0014003,41867,0
101927171,6505803,0
MIMAT0019947,10621,0
MIMAT0000231,6918837,0
MIMAT0003879,23973,0
hsa_circ_0023249,6089,0
MIMAT0000459,36314,1
MIMAT0004701,387447,0
MIMAT0001862,5755,0
MIMAT0000256,2767,1
hsa_circ_0025506,5641,0
101927102,253602,0
MIMAT0001708,54680783,0
MIMAT0003049,2187,0
MIMAT0004563,3220,1
MIMAT0005922,10836,0
100499484,54454,0
hsa_circ_0036054,122724,0
MIMAT0000135,126941,0
MIMAT0003891,1673,0
MIMAT0006770,89594,1
MIMAT0005293,5281004,1
101927416,54675776,0
MIMAT0001786,60700,0
MIMAT0002884,23973,1
MIMAT0000078,36462,1
390963,5281929,0
MIMAT0002872,60700,1
MIMAT0005951,6918289,0
MIMAT0000258,2767,1
MIMAT0000387,5206,0
MIMAT0001638,2051,0
MIMAT0001341,24180719,1
MIMAT0004764,5283344,0
MIMAT0004644,30323,0
100421746,4095,0
MIMAT0000609,6918837,0
MIMAT0004678,148124,0
MIMAT0002109,2662,0
hsa_circ_0002483,36314,1
100996307,164676,0
MIMAT0003466,1983,0
MIMAT0004663,9444,0
MIMAT0000150,11707110,0
MIMAT0004841,2995,0
MIMAT0005876,644241,0
100507056,4829,0
MIMAT0000065,6197,0
hsa_circ_0000042,460612,0
MIMAT0019947,6115,0
100033426,5282350,0
100286844,261000,0
25989,171548,0
MIMAT0004799,689043,0
MIMAT0000236,5222465,0
MIMAT0002109,4624,0
MIMAT0000535,5997,0
100302650,216239,0
hsa_circ_0040786,41867,0
hsa_circ_0059060,15951529,1
MIMAT0048651,3062316,0
MIMAT0000597,210332,1
MIMAT0000104,2767,1
MIMAT0000246,104842,0
hsa_circ_0002955,2733526,0
hsa_circ_0001497,65110,0
hsa_circ_0011245,2520,0
1591,6468,0
MIMAT0000140,445154,0
MIMAT0001821,452548,0
hsa_circ_0076100,72304,0
MIMAT0000655,5281004,1
MIMAT0000185,216239,0
hsa_circ_0001572,15951529,1
MIMAT0000074,5329102,1
MIMAT0018191,5288209,0
MIMAT0000566,5997,0
MIMAT0001341,10184653,0
MIMAT0003515,2520,0
MIMAT0000747,5280448,0
hsa_circ_0015796,5361,0
MIMAT0002838,2767,1
MIMAT0000378,5310940,0
MIMAT0000376,89594,0
100129075,9576410,0
hsa_circ_0001318,5790,0
MIMAT0000569,104842,0
MIMAT0002173,36314,1
MIMAT0001629,23725625,0
1832,445580,0
hsa_circ_0040786,448013,0
MIMAT0000253,5743,0
MIMAT0011160,544,0
100033418,222528,0
hsa_circ_0001721,6918289,0
MIMAT0004233,3488,0
MIMAT0001781,156413,0
100303491,5280360,0
hsa_circ_0001203,42611257,0
101928913,37542,0
hsa_circ_0001851,6001,0
hsa_circ_0044837,10635,0
MIMAT0000593,3019,0
hsa_circ_0000518,5035,0
100874249,4158,0
MIMAT0007889,3385,1
MIMAT0000812,5743,1
MIMAT0000381,12967,1
MIMAT0004867,5284373,0
100132169,5865,0
MIMAT0004939,119307,0
hsa_circ_0003967,657237,0
MIMAT0000729,5222465,0
hsa_circ_0005235,5318517,0
100506866,4943,0
MIMAT0000069,42113,0
hsa_circ_0000102,16078949,0
MIMAT0000674,2336,0
MIMAT0016918,3062316,0
MIMAT0003312,3385,1
MIMAT0000813,8490,0
MIMAT0025580,5280795,0
MIMAT0000805,2723601,0
MIMAT0003326,444795,1
hsa_circ_0001329,689043,0
MIMAT0014996,31703,1
hsa_circ_0046263,44259,0
MIMAT0000130,5206,0
MIMAT0004848,1176,0
MIMAT0004488,9804992,0
hsa_circ_0036054,5284373,0
MIMAT0002831,7222,0
MIMAT0018945,60198,0
MIMAT0001705,5381226,0
100131564,439530,0
hsa_circ_0001851,11556711,0
103352539,164676,0
MIMAT0004519,97226,0
199704,4091,0
MIMAT0004680,445154,0
MIMAT0000776,2578,0
MIMAT0000686,5291,1
hsa_circ_0008359,15951529,1
hsa_circ_0044556,2907,0
hsa_circ_0086779,31101,0
hsa_circ_0034067,25227436,0
MIMAT0000441,712,1
MIMAT0000626,2236,0
hsa_circ_0023610,60823,0
MIMAT0001723,442972,0
MIMAT0000655,14403,0
hsa_circ_0002782,13089,0
MIMAT0002878,6440495,0
29797,2375,0
MIMAT0000617,441074,0
hsa_circ_0009654,171548,0
441307,5394,1
100506881,442972,0
5654,5281929,0
MIMAT0000430,15625,0
100131604,15,0
101928399,3397,0
MIMAT0035720,1674,0
26058,5284616,0
MIMAT0004515,13089,0
100499177,5755,0
100885775,261000,0
MIMAT0005577,54675776,0
MIMAT0000462,9576410,0
hsa_circ_0000518,3385,0
MIMAT0019699,446556,0
MIMAT0004538,3007,0
hsa_circ_0045234,2907,0
MIMAT0001268,15939,0
1397,5743,0
MIMAT0003169,21633059,0
MIMAT0016895,3690,0
MIMAT0003193,3386,0
MIMAT0003210,1176,0
MIMAT0001618,444732,1
MIMAT0000076,21633059,1
MIMAT0001731,24268,1
MIMAT0006012,164676,0
MIMAT0019749,5460341,0
MIMAT0000609,108065,0
101927597,4641,0
MIMAT0002850,2767,1
MIMAT0001867,5291,0
MIMAT0001824,1673,0
MIMAT0005942,71496458,0
MIMAT0003244,47289,0
MIMAT0004484,5280360,0
100292680,54680783,0
hsa_circ_0089414,11626560,0
MIMAT0000420,24180719,1
MIMAT0000808,5865,0
MIMAT0000420,444254,0
MIMAT0015170,24821094,0
MIMAT0004609,5865,0
MIMAT0001052,445639,0
MIMAT0004284,5790,0
MIMAT0001725,5206,0
MIMAT0003292,6410,0
101927482,5394,1
MIMAT0005900,2767,0
6093,452548,0
MIMAT0001413,36314,1
MIMAT0004560,3386,0
MIMAT0000417,441074,0
MIMAT0000421,5978,1
hsa_circ_0076917,60750,0
MIMAT0000093,3397,0
MIMAT0003753,265237,0
MIMAT0004730,49803145,0
MIMAT0000715,60700,0
245,6041,0
hsa_circ_0001518,5280427,0
MIMAT0004888,5283344,0
MIMAT0023634,104746,0
MIMAT0003287,387447,0
245,74483,0
MIMAT0000445,47725,0
643977,2767,0
hsa_circ_0071174,446556,0
hsa_circ_0059914,104842,0
MIMAT0005443,737139,0
MIMAT0004550,15,0
MIMAT0000138,387447,0
hsa_circ_0092303,71496458,0
MIMAT0003318,16078949,0
100506258,5280445,0
MIMAT0000518,443586,1
MIMAT0000789,5743,1
MIMAT0000069,36314,1
MIMAT0000546,216345,0
MIMAT0000664,54454,0
101929427,2767,0
hsa_circ_0075900,5360373,0
MIMAT0004499,8029,0
hsa_circ_0052154,462382,0
MIMAT0000419,5283344,0
MIMAT0001878,4095,0
hsa_circ_0007761,65015,0
MIMAT0004445,16197265,0
100287216,5288209,0
MIMAT0003474,702,1
MIMAT0005291,8378,0
hsa_circ_0002782,23973,0
MIMAT0000069,3229,1
hsa_circ_0007275,644241,0
hsa_circ_0001847,712,0
MIMAT0005903,448013,0
MIMAT0003223,5318517,0
hsa_circ_0028864,1983,0
hsa_circ_0003643,712,0
MIMAT0000762,135403648,1
MIMAT0003396,443586,0
1407,5755,0
hsa_circ_0028864,25183872,0
MIMAT0005853,265237,0
100132169,5284616,0
MIMAT0003728,9064,1
MIMAT0014011,24268,1
MIMAT0000559,6410,1
100874058,11228183,0
MIMAT0003187,6036,0
5889,6036,0
MIMAT0035720,36462,0
MIMAT0019006,6037,0
101927167,6167,0
644242,119307,0
MIMAT0003734,15625,0
MIMAT0005932,3385,1
MIMAT0000857,4624,0
MIMAT0000265,3385,1
MIMAT0004224,8490,0
100506175,47725,0
MIMAT0003296,442972,0
MIMAT0000575,8029,1
hsa_circ_0075896,5281811,0
MIMAT0002857,2767,1
MIMAT0015338,4763,0
hsa_circ_0063158,4091,0
MIMAT0004612,30323,0
100507540,448537,0
MIMAT0005898,4033,0
MIMAT0019879,5281614,0
MIMAT0015017,38904,0
MIMAT0019796,47936,0
286827,657237,0
MIMAT0000238,6037,0
hsa_circ_0018652,5950,0
hsa_circ_0003908,5280795,0
102800310,3385,0
100506759,5288826,0
MIMAT0001639,3763,0
MIMAT0004782,5360373,0
MIMAT0001835,444795,0
MIMAT0003315,5291,0
10263,8029,0
MIMAT0015085,60750,1
MIMAT0000853,6440495,1
100144596,15939,0
MIMAT0001537,5538,0
MIMAT0002844,5538,0
441307,442428,0
MIMAT0001707,4091,0
100009613,2375,0
105372147,114900,0
MIMAT0004704,6036,1
5610,443586,0
102723099,261004,0
MIMAT0004810,216239,1
MIMAT0001627,25183872,0
hsa_circ_0007148,44631912,0
MIMAT0000510,74483,0
MIMAT0000086,13342,0
MIMAT0001792,6505803,0
MIMAT0003891,8490,1
MIMAT0000706,11556711,0
hsa_circ_0078150,985,0
MIMAT0004522,6106,0
MIMAT0000608,89594,1
MIMAT0000827,2236,1
MIMAT0003049,5035,0
MIMAT0004703,124886,0
MIMAT0001532,6440495,0
100873998,2336,0
MIMAT0004631,6036,0
101928796,45266826,0
MIMAT0000414,36314,1
101060542,1673,0
hsa_circ_0087234,24288,0
MIMAT0000092,4829,0
MIMAT0004450,8029,0
MIMAT0000243,148124,1
MIMAT0001339,5291,0
MIMAT0000422,60953,0
MIMAT0000818,2662,0
101927843,54671203,0
hsa_circ_0050055,123631,0
100132111,216239,0
MIMAT0000244,5280896,0
MIMAT0003380,6197,0
MIMAT0003726,441074,0
6425,3496,0
MIMAT0000432,3385,1
MIMAT0005914,5816,0
MIMAT0000074,5978,1
MIMAT0004589,261004,0
hsa_circ_0062610,5329102,0
101928796,544,0
MIMAT0001846,53232,0
MIMAT0000138,8378,0
101669762,6089,0
55109,24180719,0
100126791,3062316,0
MIMAT0018932,13089,0
MIMAT0000064,1207,0
hsa_circ_0068462,9444,0
hsa_circ_0062163,11960529,0
hsa_circ_0001439,5281614,0
MIMAT0015344,448013,0
hsa_circ_0076413,5459308,0
MIMAT0013990,45266826,0
MIMAT0003155,6410,0
MIMAT0002827,442428,0
MIMAT0025580,737139,0
MIMAT0003127,5793,1
MIMAT0000728,5281708,0
MIMAT0015139,445434,0
MIMAT0000082,3229,1
MIMAT0019789,5282350,0
MIMAT0005593,4033,0
hsa_circ_0002654,3488,0
hsa_circ_0001318,3071,0
MIMAT0004661,44259,0
MIMAT0001618,119307,1
104326188,60606,0
MIMAT0000146,24759,0
hsa_circ_0001386,5284373,0
MIMAT0000158,4641,0
MIMAT0001809,11433190,0
MIMAT0018977,1832,0
MIMAT0005867,5310940,1
MIMAT0001878,15625,1
MIMAT0015170,3496,0
MIMAT0019069,104842,0
MIMAT0002834,5280427,0
MIMAT0018080,216326,0
MIMAT0000370,25183872,0
101927667,60606,0
MIMAT0025123,122634,0
MIMAT0004846,784,0
MIMAT0001390,6076,0
MIMAT0005572,1673,0
MIMAT0007892,6623,1
MIMAT0000755,5881,0
104266957,10635,0
hsa_circ_0004703,15951529,1
MIMAT0004983,5288826,0
hsa_circ_0000554,24759,0
MIMAT0000099,21633059,0
MIMAT0005796,5288826,0
hsa_circ_0050055,5641,0
MIMAT0000731,47318,0
MIMAT0015085,439260,0
MIMAT0004324,6410,1
MIMAT0000449,60953,1
hsa_circ_0025506,6918289,0
MIMAT0000759,1673,0
MIMAT0000827,93004,0
MIMAT0015358,5281708,0
MIMAT0001619,5641,0
MIMAT0000825,5394,0
MIMAT0019864,24821094,0
hsa_circ_0087400,5959,0
MIMAT0019947,60750,1
MIMAT0004577,441074,0
MIMAT0004482,4946,0
MIMAT0019019,657237,0
MIMAT0000680,216239,1
MIMAT0004497,3117,0
hsa_circ_0006117,445639,0
MIMAT0002814,387447,0
101928530,11635763,0
102724316,43815,0
MIMAT0000691,3385,1
100505576,439260,0
MIMAT0048134,1175,0
MIMAT0004773,4212,0
MIMAT0016847,5881,0
MIMAT0018987,443586,0
hsa_circ_0003423,15951529,1
MIMAT0000652,2733526,1
MIMAT0004613,53232,0
MIMAT0003252,216239,0
hsa_circ_0004808,644241,0
hsa_circ_0040786,15939,0
MIMAT0002873,6857599,1
MIMAT0003472,11226684,0
MIMAT0018087,3229,0
hsa_circ_0085173,15951529,1
MIMAT0004856,9898279,0
hsa_circ_0003759,5288826,0
MIMAT0019815,737139,0
MIMAT0004926,54454,0
MIMAT0015018,2353,0
MIMAT0003193,6041,0
hsa_circ_0062163,446556,0
MIMAT0004533,443586,1
MIMAT0003375,65348,0
MIMAT0018194,3007,0
MIMAT0000644,44259,0
MIMAT0004945,135403648,0
MIMAT0000089,5311,1
104644205,3488,0
619455,5281004,0
MIMAT0003895,16197265,0
MIMAT0004635,2051,0
64002,31703,1
MIMAT0000379,2236,0
MIMAT0000280,446220,0
MIMAT0004926,3385,1
MIMAT0000791,5282350,0
hsa_circ_0003438,6167,0
MIMAT0001734,47289,0
hsa_circ_0000008,23973,0
5654,439260,0
MIMAT0000868,2733526,1
MIMAT0005031,241,0
MIMAT0019765,156413,0
MIMAT0000764,31703,1
MIMAT0001827,5359268,0
100507266,5394,1
MIMAT0000852,3019,1
MIMAT0000688,60606,0
hsa_circ_0000760,15951529,1
MIMAT0000281,6076,0
MIMAT0005921,9804992,0
100616668,5997,0
MIMAT0002845,444254,0
MIMAT0003280,108065,0
MIMAT0023635,15625,0
MIMAT0003882,4946,0
MIMAT0000687,6279,0
100130581,444732,0
105375475,5394,1
MIMAT0017005,3652,0
MIMAT0000235,9700,0
MIMAT0000973,5280445,0
MIMAT0000103,455658,0
MIMAT0000092,15625,1
MIMAT0000710,47318,0
100128398,5284616,0
MIMAT0000257,444732,1
hsa_circ_0000120,445434,0
MIMAT0017993,638278,0
hsa_circ_0061346,5329102,0
hsa_circ_0007990,5789,0
MIMAT0031893,5280453,0
MIMAT0004703,462382,0
MIMAT0002848,141643,0
MIMAT0000704,790,0
389906,4033,0
101060542,5394,1
MIMAT0003167,3006531,0
MIMAT0005870,60198,0
MIMAT0016886,119307,1
MIMAT0019886,2236,0
MIMAT0000779,5755,0
hsa_circ_0006873,126941,1
101927873,5394,1
100132923,5394,1
MIMAT0003401,210332,0
hsa_circ_0038138,24497,0
hsa_circ_0082864,60198,0
MIMAT0001545,5311,1
MIMAT0001632,43815,0
6301,2244,0
101928492,1207,0
hsa_circ_0002971,15951529,1
MIMAT0015025,445639,0
MIMAT0000840,4891,0
hsa_circ_0067352,114900,0
645206,15625,0
MIMAT0001627,9700,1
MIMAT0016920,12967,0
MIMAT0000139,45266826,0
724087,9898279,0
MIMAT0000104,119307,1
5728,15,0
hsa_circ_0085173,25262965,0
MIMAT0003239,2733526,1
hsa_circ_0001450,5997,0
MIMAT0003188,2353,0
MIMAT0000278,5743,1
hsa_circ_0013055,15951529,1
MIMAT0004845,462382,0
MIMAT0000549,5462222,0
hsa_circ_0056281,1207,0
100507266,5222465,0
MIMAT0018937,5288826,0
MIMAT0005591,3385,1
MIMAT0001948,444732,0
MIMAT0018993,3385,1
MIMAT0004235,5641,0
MIMAT0000083,6623,1
MIMAT0019820,2520,0
hsa_circ_0087293,5280343,0
MIMAT0000070,162282,1
102467147,441074,0
MIMAT0004790,2236,0
hsa_circ_0003511,5280951,0
hsa_circ_0071196,25227436,0
MIMAT0000523,3961,0
MIMAT0000090,10635,1
hsa_circ_0079262,65064,0
MIMAT0003256,126941,0
MIMAT0002834,31703,1
MIMAT0001792,1673,0
MIMAT0003269,60823,1
29108,5329102,0
MIMAT0018184,2051,0
MIMAT0000280,2767,1
100131176,3101,0
MIMAT0000416,3385,1
100131564,60606,0
MIMAT0014979,171548,0
103352670,439530,0
MIMAT0000290,3006531,0
MIMAT0001783,5281708,0
414243,3019,0
MIMAT0005911,60750,1
MIMAT0001706,54670067,0
MIMAT0004216,442793,0
MIMAT0019801,5280453,0
MIMAT0003247,5978,1
724087,3496,0
MIMAT0001078,5359268,1
hsa_circ_0085173,702,0
MIMAT0000075,6106,1
MIMAT0000376,5280795,0
hsa_circ_0008242,60823,0
hsa_circ_0000858,44631912,0
MIMAT0000368,60750,1
MIMAT0001948,24360,0
MIMAT0000682,5538,1
644242,4946,0
MIMAT0015144,5212,0
MIMAT0004603,6106,0
100129196,5394,1
102724515,5994,0
MIMAT0019019,4943,0
MIMAT0000858,6440495,1
MIMAT0004324,5288826,0
MIMAT0003326,3220,0
MIMAT0000081,36462,1
MIMAT0005847,5793,0
MIMAT0003309,442972,0
MIMAT0000758,5281929,0
MIMAT0005792,104842,0
MIMAT0004677,44631912,0
hsa_circ_0023610,3821,0
MIMAT0004796,5281708,0
MIMAT0001536,9826528,1
MIMAT0004798,261004,0
100009613,5994,0
hsa_circ_0000336,15951529,1
100128164,6468,0
hsa_circ_0000818,15951529,1
MIMAT0005307,11226684,0
MIMAT0001798,11433190,0
hsa_circ_0000324,444795,0
727896,36314,0
MIMAT0005892,36314,0
MIMAT0019848,2767,1
hsa_circ_0070520,6857599,0
hsa_circ_0007148,2353,0
100302650,10621,0
hsa_circ_0000038,9576410,0
MIMAT0019003,3220,0
hsa_circ_0002955,122724,0
MIMAT0000682,9700,0
650226,5311,0
MIMAT0002829,3902,0
646626,3652,0
MIMAT0001015,1674,0
MIMAT0004807,5816,0
100505881,985,0
MIMAT0003282,3385,1
MIMAT0019708,5978,0
692205,5280448,0
MIMAT0019732,56843276,0
MIMAT0015317,24180719,0
hsa_circ_0080649,2995,0
MIMAT0000868,4624,0
hsa_circ_0072857,1673,0
MIMAT0000646,36462,1
MIMAT0002869,5462222,0
692205,6013,0
100505592,6106,0
hsa_circ_0004315,3103,0
100128386,896,0
MIMAT0000262,64971,0
MIMAT0011162,2051,0
100873972,6089,0
hsa_circ_0072904,5280343,0
MIMAT0000813,452548,0
MIMAT0000251,1832,0
MIMAT0003396,5460341,0
56997,222528,0
MIMAT0000874,60750,0
MIMAT0000434,123596,1
MIMAT0000669,53232,0
MIMAT0002859,689043,0
hsa_circ_0008087,3062316,0
MIMAT0000596,31401,1
MIMAT0000132,9064,1
MIMAT0000770,73581,0
hsa_circ_0000192,969516,0
MIMAT0004925,8378,0
MIMAT0000445,2767,1
hsa_circ_0040603,36314,1
hsa_circ_0000510,126941,0
MIMAT0000759,122724,0
MIMAT0000595,9444,0
hsa_circ_0051908,15951529,1
MIMAT0000564,77999,0
hsa_circ_0022382,56843276,0
MIMAT0002863,23725625,0
MIMAT0002177,60780,1
MIMAT0019827,3652,0
MIMAT0017999,3385,1
MIMAT0015343,6440495,0
hsa_circ_0009618,446556,0
MIMAT0004486,91820602,1
728192,5790,0
MIMAT0003280,441074,0
MIMAT0000208,2733526,0
hsa_circ_0088059,54675776,0
MIMAT0003374,1983,1
hsa_circ_0003461,3229,0
MIMAT0014031,24268,1
MIMAT0000152,452548,0
MIMAT0004810,60750,1
MIMAT0019878,24288,0
hsa_circ_0005763,667639,0
MIMAT0000247,445858,0
1281,31101,0
MIMAT0003248,9700,0
MIMAT0003327,5280453,0
389634,28486,0
hsa_circ_0040792,5284373,0
100190938,15939,0
hsa_circ_0040188,5352624,0
MIMAT0000076,164676,0
6618,3690,0
MIMAT0002879,5459308,0
hsa_circ_0026349,1175,0
MIMAT0000223,5291,0
MIMAT0004450,5746,1
hsa_circ_0040773,36314,0
hsa_circ_0008359,24268,0
MIMAT0000275,5978,1
MIMAT0000588,5280951,0
MIMAT0004933,108065,1
MIMAT0000840,60852,0
MIMAT0000211,446220,1
hsa_circ_0001721,6918837,0
MIMAT0000089,5212,0
MIMAT0000822,9826528,0
hsa_circ_0001171,3101,0
hsa_circ_0049462,3386,0
MIMAT0004697,5310940,1
hsa_circ_0058192,15951529,1
MIMAT0004534,265237,0
MIMAT0004801,42113,0
MIMAT0000803,460612,0
MIMAT0001832,74483,1
MIMAT0019827,24821094,0
MIMAT0002827,10621,0
MIMAT0005794,72304,0
MIMAT0000086,3386,0
101929423,2051,0
MIMAT0004736,8029,1
hsa_circ_0026462,784,0
101928168,448537,0
hsa_circ_0030162,25244711,0
MIMAT0004589,1176,0
MIMAT0000890,6440495,1
MIMAT0019032,119104,0
6301,636397,0
653190,222757,0
158381,6857599,1
728374,712,0
hsa_circ_0001818,6106,0
hsa_circ_0047253,56842234,0
MIMAT0001840,74483,1
MIMAT0004532,6410,1
MIMAT0001835,104746,0
101929427,24978538,0
103344926,449171,0
MIMAT0005922,9931953,0
MIMAT0004748,43815,0
MIMAT0000548,8490,0
hsa_circ_0002654,6623,0
hsa_circ_0024842,36314,1
MIMAT0001365,24268,1
hsa_circ_0008030,9547215,0
MIMAT0001076,47318,0
MIMAT0014029,24180719,0
hsa_circ_0001691,124886,0
MIMAT0000238,4095,0
100506860,104842,0
MIMAT0003487,1175,0
MIMAT0005950,10836,0
hsa_circ_0005185,5746,0
hsa_circ_0075736,60198,0
727896,2733526,0
hsa_circ_0063623,3117,0
hsa_circ_0007333,5352624,0
hsa_circ_0007761,265237,0
MIMAT0016870,60953,0
hsa_circ_0060516,24497,0
4976,2662,0
199704,5943,0
MIMAT0004982,712,0
MIMAT0004450,3488,0
724087,446220,0
hsa_circ_0001811,77999,0
MIMAT0014025,5284616,0
hsa_circ_0003251,443586,0
415056,790,0
MIMAT0000982,123631,0
hsa_circ_0071174,261000,0
MIMAT0004826,441074,0
101928304,657237,0
MIMAT0000245,5280951,0
MIMAT0002817,38904,1
MIMAT0000151,24821094,0
MIMAT0000222,6857599,1
hsa_circ_0045219,15951529,1
MIMAT0004546,445639,0
MIMAT0000073,5311,1
MIMAT0000770,16197265,0
645996,6505803,0
MIMAT0000435,444732,1
100132891,5280343,0
MIMAT0000451,3220,0
339192,5757,0
100652739,9547215,0
MIMAT0002061,5284583,0
MIMAT0004938,31703,0
MIMAT0000069,216345,1
6494,5381226,0
100128811,444732,0
MIMAT0000258,43815,1
MIMAT0004939,65110,0
hsa_circ_0057518,126941,1
MIMAT0004548,5310940,1
hsa_circ_0000339,23939,0
101927174,5394,1
MIMAT0004187,3103,0
MIMAT0007870,443586,1
hsa_circ_0075736,689043,0
MIMAT0000245,89594,0
100129075,3821,0
hsa_circ_0003251,253602,0
MIMAT0019972,65015,0
MIMAT0003282,446556,0
MIMAT0003176,445154,1
574029,156413,0
MIMAT0000757,452548,0
MIMAT0000681,5793,1
MIMAT0019963,123865,0
hsa_circ_0000237,54454,0
MIMAT0003257,4095,0
hsa_circ_0006691,5222465,0
MIMAT0014988,47289,0
hsa_circ_0023404,3652,0
MIMAT0003249,5978,1
hsa_circ_0003534,15951529,1
111216280,5394,1
hsa_circ_0002987,2236,0
MIMAT0000104,6857599,1
hsa_circ_0000463,119307,0
MIMAT0018993,16078949,0
MIMAT0000786,445858,0
MIMAT0019055,11635763,0
101929059,54454,0
MIMAT0000610,36314,0
MIMAT0003278,442972,0
MIMAT0001283,5359268,0
MIMAT0003499,6410,1
hsa_circ_0015796,46843772,0
MIMAT0000067,6089,0
MIMAT0019807,3385,1
MIMAT0004721,445154,0
MIMAT0002867,5381226,0
MIMAT0005591,44259,0
MIMAT0011446,5280951,0
MIMAT0003253,5310940,1
MIMAT0004507,65110,0
MIMAT0002838,6089,0
hsa_circ_0091692,25227436,0
MIMAT0002876,3657,0
MIMAT0003288,16132265,0
231,11635763,0
hsa_circ_0088128,9915743,0
MIMAT0026558,2995,0
100506759,93004,0
MIMAT0000279,148124,1
MIMAT0000537,5284616,1
MIMAT0019692,2733526,0
51741,3821,0
MIMAT0000445,60700,0
MIMAT0000414,712,1
MIMAT0015069,24180719,1
100132169,969516,0
100505530,123865,0
MIMAT0015065,6918837,0
MIMAT0004503,56843276,0
MIMAT0002831,15951529,0
102724434,3220,0
hsa_circ_0001898,16078949,0
MIMAT0019864,3821,0
MIMAT0000778,712,0
MIMAT0004943,443586,1
MIMAT0023623,449171,0
MIMAT0004489,135403648,0
MIMAT0019045,5994,0
5970,387447,0
9383,5394,1
MIMAT0001771,3019,0
MIMAT0000822,16078949,0
MIMAT0001546,5035,0
MIMAT0000602,16078949,0
MIMAT0003330,31703,1
hsa_circ_0066556,15951529,1
MIMAT0000255,3220,1
MIMAT0017999,65015,0
MIMAT0000657,6410,1
MIMAT0000187,8490,0
MIMAT0000211,15625,1
MIMAT0003469,16741,1
MIMAT0004971,13342,0
MIMAT0005791,47289,0
MIMAT0004643,5073,0
MIMAT0001068,444732,0
hsa_circ_0063623,5950,0
hsa_circ_0003505,15951529,1
4321,5280795,0
MIMAT0000648,210332,1
hsa_circ_0086490,2236,0
MIMAT0005291,5281811,0
100216479,6001,0
MIMAT0003491,6410,1
hsa_circ_0036056,36314,1
hsa_circ_0000676,104741,0
MIMAT0003121,3779,1
MIMAT0000073,5280795,1
MIMAT0000238,3902,0
MIMAT0002861,2733526,1
MIMAT0000176,4829,0
115804232,25183872,0
MIMAT0006587,445858,0
100507099,14403,0
MIMAT0000655,6918837,0
MIMAT0000427,5394,1
hsa_circ_0040773,442793,0
hsa_circ_0005949,712,0
hsa_circ_0008359,176870,0
100505839,15625,0
MIMAT0002109,5284583,1
MIMAT0000555,9826528,0
MIMAT0005844,24268,0
MIMAT0001635,73581,0
MIMAT0000267,36314,1
MIMAT0004939,9949648,0
MIMAT0000086,14888,1
MIMAT0000539,216326,0
MIMAT0000869,261004,0
MIMAT0000222,3103,1
MIMAT0001534,3220,0
MIMAT0017015,5284616,1
339005,3763,0
hsa_circ_0001829,2733526,0
MIMAT0004233,91820602,0
MIMAT0000434,44259,0
hsa_circ_0059880,784,0
hsa_circ_0001721,9064,0
MIMAT0004978,4095,0
MIMAT0001534,60750,0
MIMAT0015037,36314,1
MIMAT0003884,9915743,0
hsa_circ_0022382,216345,0
101927282,11228183,0
MIMAT0001627,3488,0
100506866,5790,0
MIMAT0001340,11556711,0
MIMAT0002835,10836,0
hsa_circ_0072387,5280343,0
MIMAT0000583,5743,0
MIMAT0004877,443586,0
MIMAT0004871,11626560,0
MIMAT0018001,5381226,0
MIMAT0005796,29327,0
MIMAT0004667,47936,0
MIMAT0004867,77999,0
hsa_circ_0076251,387447,0
hsa_circ_0006614,448013,0
MIMAT0016858,3385,1
hsa_circ_0085616,4829,0
MIMAT0019854,1673,0
MIMAT0011446,74483,0
MIMAT0003337,5280951,0
MIMAT0001413,60750,1
hsa_circ_0008952,124886,0
MIMAT0004621,689043,1
MIMAT0000428,2520,1
MIMAT0015041,60606,0
MIMAT0000189,5280896,1
MIMAT0015345,451668,0
MIMAT0015000,636397,0
MIMAT0000077,3103,0
MIMAT0000257,60780,0
hsa_circ_0022142,5206,0
hsa_circ_0000287,4891,0
MIMAT0001796,5280795,0
MIMAT0004503,162282,0
hsa_circ_0000742,261004,0
MIMAT0015138,448537,0
MIMAT0003330,77999,0
hsa_circ_0004891,4946,0
hsa_circ_0008087,44631912,0
hsa_circ_0005272,445639,0
MIMAT0000617,5755,1
hsa_circ_0088485,445639,0
hsa_circ_0072837,53232,0
hsa_circ_0003441,442428,0
MIMAT0000752,43815,1
193629,47289,0
MIMAT0003393,60750,1
MIMAT0003762,23939,0
MIMAT0003323,6076,0
100287216,5394,1
MIMAT0000821,5280896,0
hsa_circ_0008702,222528,0
MIMAT0000567,3961,0
MIMAT0015190,4763,0
hsa_circ_0024842,156413,0
MIMAT0004643,443586,1
MIMAT0003329,5280453,1
hsa_circ_0001599,4829,0
hsa_circ_0003759,6468,0
MIMAT0014029,222528,0
MIMAT0000093,2520,1
hsa_circ_0087357,544,0
MIMAT0004672,5793,0
MIMAT0001850,445154,0
hsa_circ_0003438,5352624,0
MIMAT0002888,148124,1
hsa_circ_0075736,222528,0
MIMAT0004595,2767,0
MIMAT0001791,5281708,0
MIMAT0023623,31101,0
hsa_circ_0000742,15951529,1
MIMAT0001866,3028194,0
hsa_circ_0001649,15951529,1
MIMAT0018071,24180719,1
MIMAT0019772,5951,0
MIMAT0001777,3496,0
MIMAT0001771,1110,0
100303491,24360,0
hsa_circ_0006608,5743,0
MIMAT0000708,969516,0
MIMAT0004517,5641,0
MIMAT0015340,104741,0
MIMAT0004595,10621,1
MIMAT0019718,4033,0
MIMAT0003274,5816,0
hsa_circ_0003552,638278,0
MIMAT0002016,16197265,0
MIMAT0005315,93004,0
hsa_circ_0006131,15951529,1
MIMAT0004497,2375,0
MIMAT0003239,216345,0
MIMAT0000893,4033,0
100048912,124886,0
MIMAT0000090,119307,1
MIMAT0000766,54454,0
MIMAT0003270,60750,1
MIMAT0003340,5280453,1
MIMAT0005929,5394,0
hsa_circ_0001275,5281004,0
MIMAT0001275,460612,0
101929344,6036,0
MIMAT0000666,5284616,1
MIMAT0000772,5311,1
MIMAT0001030,11635763,0
MIMAT0022692,3961,0
100128398,5978,0
MIMAT0009447,42890,0
MIMAT0005827,446220,0
MIMAT0019784,6918289,0
101927220,2236,0
MIMAT0019055,2051,0
MIMAT0019934,1110,0
MIMAT0003164,444732,1
MIMAT0000075,42113,0
MIMAT0000592,31101,0
286150,2187,0
MIMAT0004680,30323,0
101927381,449171,0
hsa_circ_0001545,3006531,0
MIMAT0000076,969516,1
MIMAT0000127,5641,1
MIMAT0000250,445434,0
100144603,3101,0
641516,1674,0
MIMAT0014012,5994,0
MIMAT0000246,5790,0
MIMAT0015024,16078949,0
101929467,5394,1
MIMAT0017016,442793,0
MIMAT0000080,969516,1
MIMAT0003254,5381226,0
MIMAT0003333,15625,0
hsa_circ_0005164,15951529,1
hsa_circ_0075281,5288826,0
MIMAT0000888,6106,0
MIMAT0003227,253602,0
MIMAT0015319,4095,0
MIMAT0004895,455658,0
MIMAT0001095,28486,0
100507217,3821,0
MIMAT0003889,443586,0
101927780,985,0
MIMAT0004911,216326,1
MIMAT0005588,9931953,0
MIMAT0000530,16741,1
MIMAT0000761,2733526,1
MIMAT0026739,44259,0
hsa_circ_0000510,15951529,1
hsa_circ_0007117,265237,0
hsa_circ_0075320,72301,0
hsa_circ_0001386,5280445,0
MIMAT0005943,148124,0
MIMAT0003881,122634,0
MIMAT0003308,5978,1
MIMAT0003409,25183872,0
MIMAT0005898,31703,1
MIMAT0002877,1673,0
MIMAT0005278,42113,0
MIMAT0000244,5291,1
MIMAT0000074,91820602,1
MIMAT0000231,11953817,1
MIMAT0001784,5280951,0
MIMAT0003325,31703,1
MIMAT0019958,11433190,0
MIMAT0001081,60606,0
MIMAT0001812,104741,0
100129858,65064,0
MIMAT0002888,5280896,0
MIMAT0000099,387447,1
hsa_circ_0006903,5280445,0
6605,3821,0
286333,285033,0
MIMAT0003121,64971,0
MIMAT0003725,5284616,1
MIMAT0015136,6440495,0
101927043,5284373,0
MIMAT0019757,5311,0
104644205,261000,0
MIMAT0001736,6001,0
MIMAT0002849,162282,0
hsa_circ_0003302,444254,0
103352539,5281004,0
MIMAT0001812,74483,1
hsa_circ_0048695,6013,0
MIMAT0001371,5789,0
101927230,5318517,0
MIMAT0003247,5329102,1
MIMAT0003893,60750,0
MIMAT0000385,5280951,0
MIMAT0004721,24288,0
MIMAT0004797,210332,0
MIMAT0000853,42611257,0
MIMAT0000232,2236,0
hsa_circ_0044837,3028194,0
hsa_circ_0000835,5281614,0
MIMAT0004660,6115,0
hsa_circ_0022382,44259,0
MIMAT0003889,72301,0
MIMAT0004945,38904,1
hsa_circ_0006608,5959,0
MIMAT0004621,985,0
25859,3019,0
MIMAT0000879,5459308,0
MIMAT0002055,11953817,0
MIMAT0000253,5284616,1
MIMAT0001788,6468,0
MIMAT0000846,5310940,0
hsa_circ_0047253,5746,0
MIMAT0000728,123631,1
MIMAT0004605,5538,0
29940,56649450,0
100507266,387447,0
619455,164676,0
MIMAT0005850,6410,1
MIMAT0018971,439530,0
MIMAT0015138,445639,0
MIMAT0004504,5281929,0
255812,36314,1
hsa_circ_0023249,5280961,0
hsa_circ_0008817,15951529,1
MIMAT0003290,644241,0
hsa_circ_0003441,10635,0
MIMAT0005987,6106,0
MIMAT0005863,5280448,0
MIMAT0007889,91820602,0
23612,5394,1
MIMAT0001538,6440495,1
MIMAT0004661,114900,0
MIMAT0001270,2723601,0
MIMAT0000451,442972,0
hsa_circ_0051041,6001,0
hsa_circ_0079743,11226684,0
MIMAT0002846,6167,0
MIMAT0000554,15951529,0
MIMAT0019748,5359268,0
55647,13342,0
MIMAT0019972,5793,0
MIMAT0003125,5280445,0
MIMAT0000230,25244711,0
MIMAT0004733,448013,0
MIMAT0002857,141643,0
MIMAT0002807,36462,1
MIMAT0000657,23939,0
MIMAT0000546,45266826,0
MIMAT0001390,64971,0
MIMAT0018992,41867,0
MIMAT0018967,11626560,0
MIMAT0026720,54670067,1
MIMAT0003487,9064,1
hsa_circ_0049627,11626560,0
MIMAT0015188,3006531,0
MIMAT0002821,2767,1
MIMAT0015025,451668,0
100287082,5318517,0
10263,29327,0
hsa_circ_0003748,5280343,0
MIMAT0005280,241,0
MIMAT0000419,5073,0
MIMAT0004531,5280896,0
MIMAT0000715,2767,1
MIMAT0015347,36314,0
hsa_circ_0088059,4091,0
hsa_circ_0006606,2662,0
25989,448013,0
MIMAT0019002,25183872,0
MIMAT0000651,2520,0
503637,5284583,0
MIMAT0001780,5352624,0
MIMAT0019815,13342,0
MIMAT0003180,9064,1
MIMAT0015036,9931953,0
MIMAT0006587,1207,0
MIMAT0002834,25244711,0
MIMAT0001704,5035,0
MIMAT0018975,3385,1
MIMAT0001635,5394,1
MIMAT0004562,6918289,0
100507629,11626560,0
MIMAT0003204,164676,0
MIMAT0003159,1832,0
MIMAT0005863,285033,0
MIMAT0004238,3220,0
105374104,442428,0
MIMAT0000824,5281811,0
MIMAT0000266,3385,1
MIMAT0003328,2662,0
MIMAT0022496,2236,0
hsa_circ_0044837,24821094,0
101927642,2723601,0
hsa_circ_0000036,216326,0
MIMAT0009447,2767,0
MIMAT0018000,11433190,0
hsa_circ_0071196,460612,0
MIMAT0000061,1548943,0
MIMAT0001791,657237,0
MIMAT0003499,5281004,1
MIMAT0003338,135403648,1
hsa_circ_0008337,5280448,0
hsa_circ_0000500,89594,0
MIMAT0003125,3779,1
100129827,444732,0
MIMAT0000318,2375,1
hsa_circ_0000287,439530,0
hsa_circ_0022434,5394,0
724087,3101,0
hsa_circ_0088059,23973,0
MIMAT0000874,6115,0
hsa_circ_0004680,162282,0
1407,53232,0
MIMAT0004534,2051,0
MIMAT0000646,119307,1
MIMAT0000051,122634,0
MIMAT0000604,15951529,0
hsa_circ_0008618,15951529,1
MIMAT0000125,54671203,0
MIMAT0000255,42611257,1
hsa_circ_0089762,4829,0
hsa_circ_0080975,31703,1
111216284,784,0
MIMAT0003179,737139,0
100507053,6623,0
MIMAT0001823,25227436,0
MIMAT0000436,2375,1
MIMAT0026473,451668,0
MIMAT0000432,2733526,1
MIMAT0004700,253602,0
MIMAT0000526,16078949,0
MIMAT0000887,6041,0
MIMAT0000443,5281929,0
hsa_circ_0007326,6041,0
MIMAT0000879,2236,1
MIMAT0013994,23973,0
MIMAT0018997,448013,0
MIMAT0019903,28486,0
MIMAT0000684,5206,0
MIMAT0004560,3488,0
MIMAT0005572,5361,0
MIMAT0000732,712,1
MIMAT0019046,6197,0
101927021,5394,1
MIMAT0004837,4641,0
MIMAT0002824,10635,1
MIMAT0003254,5280795,1
MIMAT0004520,24360,0
MIMAT0000076,5757,1
MIMAT0004826,54454,0
MIMAT0000727,31703,1
MIMAT0004807,2375,0
MIMAT0000883,4946,1
hsa_circ_0003489,4763,0
MIMAT0000271,5865,1
MIMAT0019879,712,0
hsa_circ_0065932,5281929,0
MIMAT0000717,104842,0
MIMAT0004486,5790,0
MIMAT0018078,93004,0
MIMAT0000459,636397,1
MIMAT0001728,5361,0
MIMAT0001841,21633059,0
MIMAT0000714,5073,0
MIMAT0003288,446556,0
MIMAT0000100,123631,0
103344930,6505803,0
MIMAT0004946,60823,0
MIMAT0004559,47318,0
hsa_circ_0003461,790,0
100133311,60606,0
645206,15951529,0
MIMAT0004946,5746,0
25981,5978,1
MIMAT0000788,5318517,0
MIMAT0001631,36314,1
MIMAT0003465,6279,0
MIMAT0000149,25244711,0
hsa_circ_0004087,148124,0
MIMAT0016846,222528,0
MIMAT0007400,31703,1
MIMAT0000074,712,1
hsa_circ_0082179,5757,0
MIMAT0001425,30323,0
5889,445858,0
MIMAT0004188,8490,1
MIMAT0000382,2336,1
100129310,23939,0
hsa_circ_0079262,6106,0
MIMAT0005883,25227436,0
hsa_circ_0017695,21633059,0
MIMAT0019876,91820602,0
MIMAT0004507,60700,0
hsa_circ_0042444,3028194,0
MIMAT0000123,446220,1
MIMAT0004933,445434,0
MIMAT0000381,6001,0
MIMAT0002940,28486,0
10821,11228183,0
MIMAT0004808,5352624,0
MIMAT0004216,42611257,0
MIMAT0000237,444254,0
MIMAT0003475,8490,1
hsa_circ_0003183,11953817,0
8454,6857599,1
hsa_circ_0050055,74483,0
MIMAT0000792,253602,0
MIMAT0001794,74483,1
MIMAT0004595,5284616,0
MIMAT0000177,3028194,0
MIMAT0005939,1207,0
MIMAT0000073,387447,1
MIMAT0003125,49803145,0
MIMAT0000253,6857599,1
MIMAT0003255,896,0
MIMAT0001074,104758,0
MIMAT0001283,6410,0
MIMAT0004693,448537,0
MIMAT0000760,24180719,1
MIMAT0000227,265237,0
MIMAT0000831,4091,0
MIMAT0002819,449171,0
MIMAT0000554,171548,0
hsa_circ_0011448,5280427,0
MIMAT0000516,5359268,0
MIMAT0013991,138374198,0
hsa_circ_0065932,5950,0
MIMAT0001076,60852,0
MIMAT0001092,4943,0
MIMAT0000446,5310940,1
MIMAT0000657,5212,0
hsa_circ_0008618,5816,0
MIMAT0000810,2733,0
101927174,4946,0
MIMAT0018188,5280445,0
100133311,44631912,0
MIMAT0018179,5284583,0
hsa_circ_0028912,71496458,0
MIMAT0026720,41867,0
MIMAT0000381,1130,0
hsa_circ_0004083,5280961,0
MIMAT0005444,31703,1
MIMAT0001798,3652,0
MIMAT0003294,638278,0
MIMAT0000859,449171,0
hsa_circ_0071210,42611257,0
4321,135403648,0
MIMAT0003241,12967,0
MIMAT0002880,24497,0
MIMAT0000875,4091,0
MIMAT0000803,126941,0
387723,5381226,0
MIMAT0011161,13342,0
100873972,9064,0
MIMAT0002830,31401,0
hsa_circ_0030999,3117,0
MIMAT0015157,60750,0
MIMAT0005443,36462,0
MIMAT0019919,2662,0
MIMAT0000725,4763,0
MIMAT0015066,9576410,0
hsa_circ_0001568,8029,0
hsa_circ_0004771,60700,0
MIMAT0000076,24180719,1
MIMAT0003165,54670067,0
MIMAT0000786,3007,0
MIMAT0000417,5757,1
MIMAT0004631,148124,0
MIMAT0001413,5280453,1
MIMAT0004604,93004,0
MIMAT0003247,11707110,0
MIMAT0004522,2733526,0
100996266,124886,0
25855,449171,0
MIMAT0004925,5865,1
MIMAT0000882,2767,0
MIMAT0005440,5459308,0
hsa_circ_0000370,15951529,1
111216284,5394,1
MIMAT0005932,216239,0
MIMAT0019740,11953817,0
101927891,3007,0
hsa_circ_0072805,5816,0
MIMAT0003269,25183872,0
MIMAT0002850,5073,0
hsa_circ_0028098,6013,0
MIMAT0015156,8378,0
101752399,91820602,0
MIMAT0004976,544,0
MIMAT0006767,5881,0
100652772,702,0
MIMAT0000423,3385,1
MIMAT0003189,145858,1
hsa_circ_0043634,5816,0
MIMAT0019956,16132265,0
MIMAT0002820,2520,1
MIMAT0003239,445858,1
MIMAT0002854,5281004,0
MIMAT0000513,10184653,0
MIMAT0000160,65348,0
MIMAT0018976,15,0
100033434,5460341,0
MIMAT0001420,441074,0
hsa_circ_0082140,25183872,0
MIMAT0000772,54670067,1
MIMAT0000523,1130,0
100506930,2733526,0
hsa_circ_0002761,13342,0
MIMAT0003515,667639,0
MIMAT0000693,1175,0
MIMAT0000617,31703,1
hsa_circ_0056790,5206,0
MIMAT0000810,23973,0
MIMAT0000447,5291,1
MIMAT0004538,14403,0
101927171,123631,0
MIMAT0013989,5318517,0
hsa_circ_0061251,5865,0
MIMAT0004725,31703,0
hsa_circ_0018905,45266826,0
100499489,689043,0
MIMAT0003251,712,0
MIMAT0000868,5284583,0
MIMAT0002016,2578,0
hsa_circ_0059880,15951529,1
MIMAT0019938,11433190,0
MIMAT0018074,3496,0
MIMAT0015359,3117,0
MIMAT0003251,4891,0
MIMAT0003482,5035,0
55384,5394,1
MIMAT0000449,24180719,1
MIMAT0004591,5280427,0
MIMAT0004683,6440495,0
MIMAT0004775,10836,0
MIMAT0003182,712,0
hsa_circ_0001361,5978,0
hsa_circ_0037972,5310940,0
MIMAT0017134,5280427,0
hsa_circ_0022963,216345,0
hsa_circ_0061891,2662,0
100033421,119104,0
MIMAT0015002,9804992,0
MIMAT0000423,31703,1
101927282,5743,0
MIMAT0015063,636397,0
MIMAT0000159,47936,0
hsa_circ_0009594,93004,0
MIMAT0000164,5997,0
MIMAT0004870,4624,0
MIMAT0000732,72301,0
MIMAT0003163,10635,0
MIMAT0000152,5280360,0
103689912,6115,0
MIMAT0005902,42113,0
hsa_circ_0002113,162282,0
MIMAT0000602,64971,0
645687,65348,0
MIMAT0004610,444795,0
MIMAT0000443,444254,0
100133311,5035,0
hsa_circ_0033024,93004,0
MIMAT0000090,31703,1
MIMAT0000889,445580,0
MIMAT0023622,712,0
101927381,689043,0
100505832,25183872,0
100129827,5746,0
MIMAT0000814,10836,0
MIMAT0000583,2187,0
MIMAT0019697,60823,0
hsa_circ_0041523,12967,0
MIMAT0000703,21109,0
MIMAT0004497,5280343,0
MIMAT0003204,6468,0
MIMAT0003335,5310940,1
hsa_circ_0039930,9547215,0
MIMAT0000734,2767,1
hsa_circ_0026462,15951529,1
hsa_circ_0043632,23973,0
MIMAT0000763,114900,0
hsa_circ_0029426,253602,0
MIMAT0003881,4033,0
MIMAT0004672,47289,0
MIMAT0014928,5394,0
MIMAT0000793,445154,0
MIMAT0023622,122634,0
MIMAT0015054,15625,0
MIMAT0005458,15939,0
hsa_circ_0006941,11226684,0
286333,969516,0
105372147,636397,0
MIMAT0000722,1983,1
MIMAT0005796,636397,0
MIMAT0002811,445154,0
MIMAT0004508,2767,1
hsa_circ_0004032,222528,0
100506860,91820602,0
MIMAT0000434,1983,0
MIMAT0000581,285033,0
hsa_circ_0003643,2907,0
MIMAT0003236,644241,0
hsa_circ_0043634,71496458,1
MIMAT0000741,122724,0
hsa_circ_0041252,24759,0
MIMAT0018926,21109,0
MIMAT0000562,42890,0
5937,13342,0
hsa_circ_0000453,689043,0
hsa_circ_0070520,4641,0
hsa_circ_0025054,6057,0
MIMAT0004894,3488,0
100144602,3386,0
MIMAT0019839,47318,0
hsa_circ_0058058,47936,0
hsa_circ_0080975,4946,0
MIMAT0000588,6089,0
MIMAT0000693,6057,0
MIMAT0004450,23725625,0
hsa_circ_0008870,5280951,0
101928517,91466,0
hsa_circ_0052154,23725625,0
MIMAT0000104,6253,1
MIMAT0001545,5865,0
MIMAT0001787,5359268,0
MIMAT0000145,9064,1
MIMAT0000604,5641,0
hsa_circ_0002078,42113,0
hsa_circ_0000324,6076,0
MIMAT0019936,24759,0
MIMAT0000145,5281004,1
MIMAT0019971,439530,0
MIMAT0003879,2733526,0
hsa_circ_0006392,6106,0
MIMAT0004810,1130,0
MIMAT0003185,12967,1
MIMAT0015120,72304,0
MIMAT0004605,6167,0
101928530,60780,0
MIMAT0004589,25183872,0
MIMAT0023634,16132265,0
hsa_circ_0001204,60852,0
MIMAT0000217,65110,0
hsa_circ_0089033,4033,0
MIMAT0003218,3902,0
1591,6857599,1
hsa_circ_0058058,156413,0
MIMAT0011156,5943,0
MIMAT0000867,47936,0
MIMAT0004660,1983,0
MIMAT0019000,3397,0
MIMAT0001794,5950,0
hsa_circ_0000453,6442177,0
1397,25227436,0
MIMAT0000677,56842234,0
MIMAT0002845,5284583,0
MIMAT0003311,104758,0
hsa_circ_0078150,5281614,0
MIMAT0003892,896,0
100886964,5950,0
MIMAT0015189,2236,0
100499467,3229,0
MIMAT0005595,8029,1
MIMAT0019075,229455,0
MIMAT0000081,5206,0
105379054,445580,0
hsa_circ_0037447,3121,0
MIMAT0019801,712,0
646626,261004,0
MIMAT0003205,2051,0
101927416,460612,0
MIMAT0018087,4946,0
MIMAT0001538,4033,0
MIMAT0019920,31703,0
MIMAT0026720,6115,0
MIMAT0000602,1548943,0
hsa_circ_0008394,5997,0
MIMAT0005932,23725625,0
MIMAT0000434,97226,1
MIMAT0004952,25244711,0
MIMAT0015341,6857599,0
MIMAT0001725,54454,0
MIMAT0015051,1983,0
hsa_circ_0087357,72304,0
100033416,28486,0
MIMAT0015172,462382,0
MIMAT0004703,108065,1
MIMAT0005876,5310940,1
100131733,9547215,0
MIMAT0004569,14888,1
MIMAT0003311,43815,0
MIMAT0000450,4946,0
MIMAT0001788,657237,0
MIMAT0004812,241,0
MIMAT0005952,13342,0
MIMAT0000706,41867,0
MIMAT0000226,644241,0
MIMAT0003049,1130,0
MIMAT0003244,5310940,0
MIMAT0000009,11707110,0
MIMAT0004648,60852,0
286333,4091,0
MIMAT0000070,56842234,0
386597,5311,0
100652736,135403648,0
hsa_circ_0072805,1983,0
hsa_circ_0002130,45266826,0
MIMAT0000462,5035,0
hsa_circ_0003441,25262965,0
MIMAT0000727,3496,0
MIMAT0000198,3007,0
MIMAT0000072,119307,1
MIMAT0004669,448537,0
hsa_circ_0008952,1130,0
MIMAT0001278,25244711,0
hsa_circ_0008044,60606,0
MIMAT0000436,442972,1
101927102,7222,0
MIMAT0000650,4763,0
MIMAT0004957,60823,1
hsa_circ_0022378,6623,0
MIMAT0003281,969516,0
MIMAT0004235,89594,1
MIMAT0001331,969516,0
MIMAT0019776,31703,0
MIMAT0000769,91466,0
MIMAT0000369,5329102,0
MIMAT0005278,4829,0
MIMAT0000227,5381226,0
MIMAT0005945,285033,0
MIMAT0005876,3385,1
hsa_circ_0000520,60838,0
100126799,60823,0
hsa_circ_0080576,72301,0
101929901,2733,0
MIMAT0000680,119307,1
MIMAT0000265,9064,0
MIMAT0004909,5793,1
MIMAT0000741,4091,0
MIMAT0017988,11226684,0
100874366,60838,0
MIMAT0004921,9931953,0
hsa_circ_0003484,4829,0
MIMAT0003297,46843772,0
100316868,36462,1
MIMAT0004187,6410,1
MIMAT0000735,38904,0
MIMAT0000086,6857599,1
MIMAT0001781,14888,0
hsa_circ_0000521,5746,0
MIMAT0000717,5280951,0
MIMAT0000898,49803145,0
MIMAT0007881,5310940,1
MIMAT0004901,444254,0
100506046,148124,1
MIMAT0003497,261004,0
MIMAT0000728,10635,1
MIMAT0002860,5281614,0
MIMAT0000125,446556,0
MIMAT0000781,2375,0
MIMAT0001884,5288826,0
100505738,138374198,0
MIMAT0000075,6041,0
MIMAT0004971,123631,0
100506465,5394,1
4976,2051,0
MIMAT0004210,72301,0
MIMAT0005899,5281811,0
MIMAT0000612,5284583,0
hsa_circ_0001204,74483,0
26298,12967,0
MIMAT0004697,29327,0
MIMAT0001812,6013,0
MIMAT0000561,5943,1
55109,2244,0
MIMAT0001541,216326,1
MIMAT0003475,210332,1
728613,3821,0
100505576,5394,1
MIMAT0000445,5281811,0
MIMAT0001052,54670067,0
MIMAT0004655,24497,0
MIMAT0019045,5951,0
101928495,24180719,0
MIMAT0023634,104758,0
MIMAT0000554,5280343,0
hsa_circ_0001518,15951529,1
MIMAT0000797,5282350,0
MIMAT0004694,5361,0
645166,11433190,0
MIMAT0019756,60750,1
MIMAT0003322,11635763,0
hsa_circ_0008310,15951529,1
MIMAT0019926,15,0
100873998,5994,0
MIMAT0019903,60780,0
MIMAT0003338,31703,1
MIMAT0000863,5743,0
MIMAT0000073,15,0
101927528,1548943,0
MIMAT0003308,10635,1
MIMAT0000208,5959,0
MIMAT0000280,60700,0
MIMAT0016890,3385,1
MIMAT0004704,1832,0
hsa_circ_0082864,42113,0
hsa_circ_0089371,6197,0
MIMAT0002819,60780,0
MIMAT0003471,2995,0
MIMAT0000222,1983,1
MIMAT0019806,5743,0
MIMAT0015001,2907,0
MIMAT0004945,6089,0
MIMAT0000140,25183872,0
hsa_circ_0001531,5793,0
hsa_circ_0080212,241,0
100996301,737139,0
100288798,16741,0
hsa_circ_0008122,3385,0
MIMAT0004747,210332,1
MIMAT0005922,5280795,0
MIMAT0000090,65015,0
MIMAT0000752,241,0
MIMAT0004675,8490,0
MIMAT0001722,56649450,0
100507500,104741,0
MIMAT0014007,6197,0
100151643,104741,0
MIMAT0019839,443586,0
MIMAT0007347,119307,0
hsa_circ_0036683,3345,0
MIMAT0004556,4829,0
hsa_circ_0004315,5284373,0
MIMAT0003299,2767,1
MIMAT0018941,4624,0
MIMAT0006764,6041,0
MIMAT0000237,3220,0
hsa_circ_0089762,11707110,0
MIMAT0000241,9804992,0
MIMAT0000769,5816,0
100033417,985,0
MIMAT0000255,138374198,0
MIMAT0004748,9931953,0
MIMAT0001784,15625,1
100132891,46843772,0
hsa_circ_0008337,1983,0
hsa_circ_0075494,91466,0
MIMAT0003879,6076,0
hsa_circ_0002303,24180719,0
MIMAT0004673,29327,0
728463,28486,0
MIMAT0000073,969516,1
hsa_circ_0003908,9931953,0
MIMAT0000787,15939,0
MIMAT0001279,3062316,0
100874392,25262965,0
MIMAT0000424,31703,1
MIMAT0000089,1110,1
MIMAT0015037,65110,0
MIMAT0004802,5311,1
hsa_circ_0085567,123631,0
100129781,5394,1
MIMAT0000789,3779,1
MIMAT0004826,261004,0
MIMAT0003237,657237,0
100286844,65015,0
MIMAT0010357,60750,1
MIMAT0000140,441074,0
MIMAT0000431,123631,1
MIMAT0000161,6036,0
MIMAT0000875,8029,1
hsa_circ_0026457,148124,0
MIMAT0001784,2520,0
MIMAT0004515,4943,0
MIMAT0001798,222528,0
MIMAT0004747,445639,0
MIMAT0001625,5222465,0
hsa_circ_0018722,15951529,1
MIMAT0000372,11556711,0
MIMAT0001706,54675776,0
hsa_circ_0000036,15951529,1
MIMAT0001791,15625,1
hsa_circ_0023115,5280343,0
MIMAT0015187,4943,0
MIMAT0000575,24821094,0
MIMAT0000785,5283344,0
MIMAT0000890,60700,0
100506881,5950,0
MIMAT0004631,13342,0
100133991,72304,0
MIMAT0000065,11635763,0
100874043,122724,0
101928880,5212,0
MIMAT0000099,10621,0
hsa_circ_0046263,445580,0
101927592,3690,0
MIMAT0001639,6857599,1
MIMAT0001367,5280445,0
440993,138374198,0
MIMAT0019817,5280961,0
MIMAT0004505,5352624,0
MIMAT0000439,135403648,0
MIMAT0009196,65015,0
MIMAT0000432,9826528,1
MIMAT0004693,638278,0
MIMAT0004555,445154,0
hsa_circ_0028912,3902,0
646324,4033,0
MIMAT0004622,5280445,0
MIMAT0004916,31703,1
MIMAT0005932,6167,0
hsa_circ_0077007,2336,0
MIMAT0003152,2767,0
hsa_circ_0041523,6037,0
641516,5212,0
100505881,1207,0
MIMAT0007889,9931953,0
MIMAT0015069,60953,0
hsa_circ_0072837,5460341,0
MIMAT0000051,89594,1
26033,2662,0
hsa_circ_0023255,64971,0
MIMAT0002852,176870,0
MIMAT0005584,31703,1
MIMAT0003465,16741,1
101928650,265237,0
MIMAT0004534,5994,0
hsa_circ_0000714,30323,0
hsa_circ_0065264,14403,0
hsa_circ_0025202,10635,0
MIMAT0004556,737139,0
hsa_circ_0002971,6197,0
MIMAT0012848,5743,1
196968,47289,0
645682,2767,0
101928492,446220,0
hsa_circ_0050055,3007,0
MIMAT0001081,5281708,0
hsa_circ_0087564,4891,0
MIMAT0005301,544,0
101929427,5394,1
26751,9915743,0
MIMAT0000790,3779,1
MIMAT0014008,3690,0
MIMAT0002174,24180719,0
MIMAT0001092,5281004,1
MIMAT0019864,5950,0
100132111,119307,0
245,38904,0
MIMAT0000419,24180719,1
MIMAT0000426,5288826,1
MIMAT0015063,985,0
MIMAT0001623,2733526,0
100507466,6623,0
MIMAT0003464,24497,0
MIMAT0004976,60198,0
581,74483,0
MIMAT0001736,216326,0
MIMAT0003277,3071,0
hsa_circ_0048956,712,0
MIMAT0014007,104741,0
hsa_circ_0005941,54675776,0
MIMAT0000588,210332,1
hsa_circ_0011293,222528,0
645553,42113,0
MIMAT0000568,2520,0
MIMAT0015318,11228183,0
644242,5943,0
MIMAT0004950,5318517,0
101752399,3690,0
MIMAT0000866,6440495,1
MIMAT0004704,443586,0
MIMAT0001092,6253,0
MIMAT0002837,60780,1
MIMAT0000136,8490,1
MIMAT0003291,42611257,0
MIMAT0001742,5757,0
MIMAT0023623,4891,0
MIMAT0003223,156413,0
MIMAT0005588,9826528,0
hsa_circ_0000614,3071,0
MIMAT0004596,5361,0
MIMAT0000665,5360373,0
MIMAT0002880,36314,0
MIMAT0003118,5641,0
MIMAT0004787,5381226,0
MIMAT0015164,449171,0
MIMAT0003385,444795,1
102724312,3062316,0
hsa_circ_0089652,47936,0
MIMAT0003240,448537,0
hsa_circ_0003302,6076,0
104355136,24497,0
MIMAT0000881,3496,0
MIMAT0000782,2236,1
MIMAT0003121,5881,0
MIMAT0004637,2995,0
MIMAT0000837,261004,0
MIMAT0009206,60750,1
100506046,5288826,0
MIMAT0000416,969516,1
hsa_circ_0075494,667639,0
MIMAT0000617,5757,1
100289019,6279,0
100505538,56842234,0
hsa_circ_0003620,4641,0
MIMAT0015173,6468,0
MIMAT0004224,54454,0
MIMAT0003247,2520,1
MIMAT0018068,119307,1
MIMAT0018943,24268,0
hsa_circ_0063329,9700,0
MIMAT0001863,208908,0
hsa_circ_0091419,5212,0
101927230,5394,1
hsa_circ_0049356,667639,0
MIMAT0004671,4891,0
MIMAT0000706,452548,0
MIMAT0000525,3071,0
hsa_circ_0007117,148124,0
MIMAT0001731,9700,0
hsa_circ_0002590,123865,0
MIMAT0000278,657237,1
hsa_circ_0003967,47936,0
MIMAT0015144,5281004,0
hsa_circ_0079385,60780,0
MIMAT0024618,5352624,0
hsa_circ_0001565,2244,0
MIMAT0000823,3345,0
MIMAT0000900,6442177,0
hsa_circ_0058361,6442177,0
MIMAT0003328,5959,0
MIMAT0007881,5978,1
hsa_circ_0072797,216239,0
MIMAT0000583,60606,0
MIMAT0019928,3385,1
MIMAT0001288,5288209,0
MIMAT0017141,3071,0
MIMAT0000575,126941,0
MIMAT0003326,54670067,1
MIMAT0000893,89594,0
6596,4095,0
MIMAT0003221,91820602,0
MIMAT0014989,285033,0
MIMAT0004779,5881,0
hsa_circ_0008359,5280448,0
MIMAT0015347,444795,0
MIMAT0000654,5284373,0
hsa_circ_0036683,24497,0
MIMAT0002863,4095,0
645166,444732,0
100874041,36462,0
MIMAT0000790,122724,0
MIMAT0000267,5641,0
100129196,91820602,0
hsa_circ_0003484,15951529,1
MIMAT0002846,5460341,0
MIMAT0002846,31703,1
101927931,17754356,0
MIMAT0001369,16741,0
MIMAT0001700,24978538,0
MIMAT0001639,108065,0
MIMAT0015339,89594,0
MIMAT0006588,1832,0
100033439,21633059,0
hsa_circ_0001874,1674,0
101927282,4212,0
hsa_circ_0047663,11226684,0
MIMAT0005896,3385,0
MIMAT0004933,6468,0
101927230,11953817,0
MIMAT0015055,54671203,0
MIMAT0000222,24180719,1
MIMAT0018927,60750,1
MIMAT0007885,6167,0
hsa_circ_0006900,5283344,0
100131564,5280445,0
MIMAT0001852,104746,0
MIMAT0000245,10621,0
MIMAT0018982,5280795,0
644919,636397,0
MIMAT0003886,73581,0
hsa_circ_0000881,54680783,0
hsa_circ_0001851,4095,0
MIMAT0015072,11228183,0
MIMAT0015156,5280445,0
MIMAT0000451,4641,1
MIMAT0001425,74483,1
MIMAT0004648,54671203,0
hsa_circ_0059880,30323,0
101927391,23939,0
MIMAT0000597,3117,0
MIMAT0003122,16741,0
647946,54454,0
MIMAT0019957,60750,1
MIMAT0013994,2244,0
hsa_circ_0038138,89594,0
MIMAT0000243,3763,0
hsa_circ_0037274,444732,0
MIMAT0004801,148124,0
MIMAT0003202,3103,0
hsa_circ_0076413,29327,0
100287616,5394,1
MIMAT0018185,15951529,0
MIMAT0001090,13342,0
MIMAT0004971,5360373,0
100033433,11707110,0
MIMAT0002060,15,0
hsa_circ_0040203,5281004,0
MIMAT0003238,5280448,0
ENSG00000255237,72304,0
MIMAT0000562,2723601,0
100507334,285033,0
100287498,25183872,0
MIMAT0000682,2767,1
MIMAT0000593,4946,0
MIMAT0000423,2733526,1
100996246,16197265,0
MIMAT0004725,5743,1
MIMAT0000834,60700,0
MIMAT0014029,261000,0
MIMAT0015063,31703,1
100506881,71496458,0
100506844,443586,0
MIMAT0003296,6036,0
MIMAT0019757,446220,0
MIMAT0001736,2375,0
hsa_circ_0036287,13342,0
MIMAT0000570,11626560,0
MIMAT0000784,2236,1
hsa_circ_0048766,15951529,1
MIMAT0000213,216239,0
hsa_circ_0079163,2733,0
MIMAT0000435,4624,0
MIMAT0004795,261004,0
MIMAT0019864,124886,0
MIMAT0000095,3496,0
hsa_circ_0008623,15951529,1
hsa_circ_0005086,5978,0
MIMAT0005584,3220,0
MIMAT0007870,3101,0
101929059,123631,0
100144603,2244,0
100130392,141643,0
MIMAT0000682,4095,0
106481742,24268,0
MIMAT0000440,2723601,0
hsa_circ_0025506,104746,0
MIMAT0014024,23939,0
hsa_circ_0051899,455658,0
MIMAT0001365,443586,0
MIMAT0003311,3652,0
MIMAT0004671,43815,0
MIMAT0002810,712,0
MIMAT0000143,60852,0
MIMAT0000731,141643,0
MIMAT0006700,104746,0
MIMAT0000865,5951,0
MIMAT0005922,3385,1
101929397,5394,1
MIMAT0000062,5865,1
MIMAT0001278,985,0
hsa_circ_0084927,261004,0
MIMAT0015358,667639,0
MIMAT0004680,42113,0
441058,5394,1
hsa_circ_0083026,24360,0
MIMAT0000861,3117,0
MIMAT0000200,15,0
hsa_circ_0068514,72304,0
MIMAT0015063,4624,0
MIMAT0001764,5394,0
hsa_circ_0092329,2662,0
MIMAT0000781,208908,0
hsa_circ_0002755,60700,0
MIMAT0005635,64971,0
hsa_circ_0005210,6106,0
MIMAT0000136,16197265,0
MIMAT0000278,462382,0
hsa_circ_0000211,71496458,0
MIMAT0000418,5793,1
MIMAT0004937,5280427,0
MIMAT0004985,93004,0
MIMAT0005878,5280360,0
101927043,5950,0
MIMAT0004563,24821094,0
101927381,60823,0
hsa_circ_0003602,5950,0
100129310,17754356,0
MIMAT0001759,5881,0
MIMAT0002820,10635,0
hsa_circ_0050581,8490,0
hsa_circ_0071196,5746,0
MIMAT0000142,107985,0
MIMAT0003304,5994,1
100506498,11228183,0
728192,5281811,0
100216479,30323,0
8453,5381226,0
hsa_circ_0000861,8378,0
MIMAT0003511,210332,1
100128252,6279,0
645682,451668,0
MIMAT0000513,443586,1
MIMAT0004918,60823,1
MIMAT0005892,77999,0
MIMAT0000091,16078949,0
MIMAT0004324,36462,0
MIMAT0013991,9949648,0
2176,24821094,0
hsa_circ_0040603,3779,0
MIMAT0001698,445639,0
hsa_circ_0084927,451668,0
hsa_circ_0091692,47936,0
101926978,11953817,0
MIMAT0000070,2375,1
MIMAT0018971,3062316,0
hsa_circ_0015796,24497,0
MIMAT0004704,2353,0
hsa_circ_0079048,56842234,0
MIMAT0004630,5538,0
574029,5394,1
101927528,6089,0
hsa_circ_0089652,3657,0
hsa_circ_0072876,16197265,0
hsa_circ_0074595,2236,0
MIMAT0003127,65348,0
MIMAT0000146,261004,0
MIMAT0003765,5222465,0
MIMAT0004957,41867,0
MIMAT0003407,5288826,0
MIMAT0004959,2520,1
MIMAT0000860,5757,0
MIMAT0019938,44259,0
MIMAT0004609,2662,1
MIMAT0004704,462382,0
645954,5394,1
MIMAT0001698,60838,0
MIMAT0002845,6037,0
MIMAT0002809,5978,1
MIMAT0019934,3101,0
MIMAT0000025,5381226,0
MIMAT0003735,5310940,0
MIMAT0000987,5359268,1
MIMAT0000645,2995,0
MIMAT0000865,5757,0
MIMAT0004558,445858,0
100874392,441074,0
MIMAT0001733,444254,0
101669762,3657,0
100996590,5394,1
MIMAT0000257,119307,1
MIMAT0015079,42890,0
MIMAT0000579,56842234,0
MIMAT0000417,5978,1
hsa_circ_0006473,5462222,0
hsa_circ_0008621,6057,0
101927667,3385,0
MIMAT0004488,5280445,0
MIMAT0000733,5381226,1
MIMAT0000651,47289,0
MIMAT0004692,449171,0
28996,54670067,0
MIMAT0000752,60750,1
MIMAT0000418,5394,1
MIMAT0000093,4891,0
hsa_circ_0005354,8378,0
MIMAT0000680,8029,0
MIMAT0000704,444795,0
100874366,5381226,0
MIMAT0003208,8029,1
MIMAT0003315,2767,1
MIMAT0000069,13342,1
MIMAT0019904,25262965,0
MIMAT0000076,5743,1
MIMAT0019778,2244,0
hsa_circ_0033144,47318,0
MIMAT0000772,4158,0
MIMAT0002867,5284616,0
hsa_circ_0080576,16741,0
MIMAT0003150,5978,1
MIMAT0014006,21109,0
MIMAT0000461,2662,1
MIMAT0002816,2767,1
MIMAT0000663,9949648,0
MIMAT0003887,261000,0
MIMAT0015120,3071,0
MIMAT0006789,5743,0
hsa_circ_0088059,15951529,1
MIMAT0000228,2767,1
MIMAT0003125,5743,1
MIMAT0000684,2520,1
hsa_circ_0022142,1983,0
MIMAT0000207,21633059,0
MIMAT0000883,5743,1
hsa_circ_0008518,37542,0
hsa_circ_0055957,60780,0
hsa_circ_0006392,3385,0
MIMAT0000443,91820602,1
hsa_circ_0021506,6057,0
MIMAT0000137,5281708,0
MIMAT0004775,5311,1
MIMAT0035719,46843772,0
MIMAT0012848,443586,0
MIMAT0001081,24180719,0
MIMAT0003179,2236,0
MIMAT0000755,15951529,0
MIMAT0015359,4943,0
hsa_circ_0006873,5280448,0
hsa_circ_0083530,6197,0
hsa_circ_0008382,5311,0
MIMAT0004736,72301,0
MIMAT0005898,5280453,0
100270746,5311,0
MIMAT0003741,6918837,0
MIMAT0016915,1673,0
105221694,5281004,0
MIMAT0001812,3397,0
MIMAT0000726,24497,0
MIMAT0000611,657237,0
hsa_circ_0022080,5280961,0
MIMAT0000813,5959,0
100131874,60750,1
MIMAT0003294,36462,0
MIMAT0005319,4946,0
MIMAT0005900,3961,0
hsa_circ_0031288,60852,0
MIMAT0000099,54680783,0
101927666,9826528,0
MIMAT0000371,3657,0
MIMAT0022692,5394,1
6866,5280896,0
101060524,8490,0
MIMAT0004517,38904,0
677769,11626560,0
MIMAT0003125,56649450,0
MIMAT0003271,6089,0
MIMAT0001825,985,0
hsa_circ_0048232,462382,0
100507468,3902,0
MIMAT0009451,5943,0
MIMAT0000281,5865,1
6618,65348,0
100270746,42890,0
MIMAT0004503,969516,0
MIMAT0003331,6468,0
hsa_circ_0040185,5280951,0
MIMAT0000278,54454,1
MIMAT0001076,9700,0
100144603,5394,1
hsa_circ_0005281,54454,0
MIMAT0001068,97226,0
101928414,210332,0
105375475,9804992,0
MIMAT0000890,30323,0
hsa_circ_0075320,5311,0
MIMAT0005589,60750,1
hsa_circ_0007333,222757,0
hsa_circ_0001691,31703,0
MIMAT0000224,5978,0
MIMAT0000082,5394,1
MIMAT0000421,8378,0
51762,439530,0
hsa_circ_0028861,1175,0
100505839,5281708,0
MIMAT0003884,97226,1
hsa_circ_0086241,31703,1
MIMAT0004623,9064,1
MIMAT0004578,6279,0
hsa_circ_0003423,11707110,0
MIMAT0003215,442972,0
MIMAT0004976,31703,1
MIMAT0002820,23939,0
MIMAT0004639,6076,0
6596,65110,0
MIMAT0000164,3071,0
100507099,5073,0
hsa_circ_0075320,2723601,0
MIMAT0000795,445154,1
hsa_circ_0000773,91466,0
100506797,28486,0
MIMAT0000257,2662,1
MIMAT0004957,97226,0
MIMAT0001761,74483,1
MIMAT0000737,3779,0
MIMAT0000231,148124,1
hsa_circ_0000787,13342,0
MIMAT0000433,5310940,1
MIMAT0013993,24268,1
hsa_circ_0000792,261004,0
MIMAT0004496,265237,0
hsa_circ_0008310,10184653,0
100506474,65110,0
101060524,5394,1
MIMAT0000455,3101,0
MIMAT0000086,72304,1
hsa_circ_0004368,969516,0
MIMAT0003232,4212,0
101927477,5291,0
MIMAT0005797,1673,0
hsa_circ_0000211,36314,0
MIMAT0001724,6001,0
MIMAT0007888,9547215,0
27242,6197,0
MIMAT0000684,253602,0
hsa_circ_0028098,15951529,1
649446,2353,0
101927391,5394,1
MIMAT0003458,5280453,0
hsa_circ_0000419,15951529,1
MIMAT0001537,145858,1
26751,285033,0
MIMAT0019836,56649450,0
440416,5394,1
MIMAT0005580,104741,0
MIMAT0016878,119104,0
MIMAT0000367,6253,0
MIMAT0003470,5284373,0
hsa_circ_0063305,638278,0
hsa_circ_0087963,5288209,0
100505592,65348,0
MIMAT0000836,5746,0
hsa_circ_0002168,222757,0
MIMAT0018971,1832,0
hsa_circ_0055943,42113,0
100874261,60198,0
hsa_circ_0008001,1673,0
MIMAT0003152,2236,0
MIMAT0002016,21633059,0
MIMAT0004825,462382,0
MIMAT0017417,253602,0
MIMAT0000144,54671203,1
MIMAT0003883,969516,0
162632,6076,0
100132169,261000,0
MIMAT0013988,285033,0
hsa_circ_0009577,56843276,0
MIMAT0019929,97226,0
MIMAT0004949,5222465,0
MIMAT0001841,11556711,0
101927541,8490,0
MIMAT0003308,15625,0
hsa_circ_0029426,3019,0
MIMAT0011160,5816,0
MIMAT0005627,23973,1
MIMAT0004604,5793,1
MIMAT0015041,11707110,0
MIMAT0004970,1548943,0
MIMAT0000834,5361,0
MIMAT0003301,31703,1
MIMAT0007887,2520,0
MIMAT0000130,9064,0
100126299,6197,0
MIMAT0002873,11228183,0
MIMAT0007401,1673,0
MIMAT0000427,5381226,0
MIMAT0007881,265237,0
MIMAT0000891,1674,1
MIMAT0009448,11707110,0
MIMAT0003165,5793,1
MIMAT0004775,60750,0
MIMAT0013983,24268,1
MIMAT0005318,16078949,0
100132923,3062316,0
MIMAT0016900,31401,0
MIMAT0000594,23725625,0
hsa_circ_0083092,445580,0
MIMAT0015068,3385,1
MIMAT0000280,441074,0
MIMAT0016920,5352624,0
MIMAT0005580,9444,0
MIMAT0004955,5793,1
MIMAT0000367,24759,0
hsa_circ_0000746,11960529,0
MIMAT0000654,124886,0
MIMAT0000775,5291,0
MIMAT0000447,2767,1
MIMAT0000213,6041,0
hsa_circ_0085567,24180719,0
MIMAT0000646,47289,0
MIMAT0004799,73581,0
MIMAT0015055,14403,0
MIMAT0000649,2578,0
MIMAT0013985,24268,1
25855,31703,0
MIMAT0015018,3385,1
hsa_circ_0003620,790,0
hsa_circ_0006913,15951529,1
hsa_circ_0009624,5280453,0
MIMAT0018078,3385,1
MIMAT0017016,5329102,0
MIMAT0004790,64971,0
hsa_circ_0066290,15951529,1
MIMAT0003223,9931953,0
hsa_circ_0008494,47289,0
MIMAT0015027,5460341,0
MIMAT0000130,210332,1
101927686,265237,0
101927171,5280961,0
101927642,6057,0
hsa_circ_0025135,5746,0
100289019,31703,1
MIMAT0000655,222528,0
hsa_circ_0003908,444254,0
MIMAT0004614,439260,0
MIMAT0015359,1832,0
MIMAT0005899,164676,0
MIMAT0016876,60750,1
574029,21633059,0
MIMAT0000643,784,0
MIMAT0015019,10635,0
MIMAT0015048,3385,1
MIMAT0000092,2767,1
MIMAT0000449,54454,0
hsa_circ_0078150,171548,0
hsa_circ_0011462,15951529,1
MIMAT0001708,122724,0
100131067,3345,0
MIMAT0001862,74483,1
MIMAT0000098,24180719,1
MIMAT0002869,5283344,0
MIMAT0018204,24821094,0
MIMAT0002846,5280453,1
MIMAT0002106,222757,0
MIMAT0000136,6036,1
MIMAT0003297,60606,0
hsa_circ_0005623,31101,0
MIMAT0003276,4641,0
MIMAT0018361,444732,0
hsa_circ_0039930,37542,0
hsa_circ_0048775,2733,0
MIMAT0022834,3652,0
MIMAT0000726,5790,0
MIMAT0000632,5997,0
MIMAT0004597,3385,1
MIMAT0000733,119307,0
MIMAT0000076,451668,1
MIMAT0000081,2336,1
MIMAT0004957,31703,1
hsa_circ_0003183,2662,0
hsa_circ_0006491,135403648,0
hsa_circ_0006884,15951529,1
MIMAT0000416,145858,1
hsa_circ_0007326,216239,0
389023,790,0
MIMAT0004945,15625,0
MIMAT0000834,119104,0
hsa_circ_0005528,176870,0
101929395,74483,0
hsa_circ_0011245,2995,0
MIMAT0000523,6857599,0
MIMAT0002816,6253,0
MIMAT0000769,9064,1
MIMAT0000104,64971,0
101929559,3019,0
MIMAT0004569,60780,0
MIMAT0000763,443586,0
MIMAT0000646,3961,1
1281,216345,0
100128386,49803145,0
hsa_circ_0005763,12967,0
100507098,5310940,0
MIMAT0005796,208908,0
hsa_circ_0001318,15951529,1
MIMAT0003322,37542,1
MIMAT0000381,53232,0
100507540,5310940,0
100132707,712,0
MIMAT0017282,446220,1
6425,53232,0
MIMAT0000715,13342,0
MIMAT0016847,37542,0
hsa_circ_0003247,3101,0
hsa_circ_0022080,11433190,0
MIMAT0001853,3902,0
hsa_circ_0085278,60750,0
MIMAT0000884,6057,0
MIMAT0000426,14888,1
hsa_circ_0021727,448013,0
MIMAT0000243,24268,0
MIMAT0000274,1130,0
hsa_circ_0061107,6468,0
MIMAT0004777,3071,0
MIMAT0003205,64971,0
101927381,6197,0
MIMAT0000298,5978,0
MIMAT0000082,42890,0
MIMAT0015346,24268,1
MIMAT0000254,2767,1
6494,11228183,0
MIMAT0000723,448537,1
MIMAT0005457,41867,0
MIMAT0000574,24497,0
MIMAT0001735,4158,0
MIMAT0017017,104746,0
100506495,114900,0
MIMAT0001631,4891,0
MIMAT0000515,442428,0
MIMAT0000600,5793,0
MIMAT0000375,208908,0
MIMAT0004739,3488,0
100289178,138374198,0
MIMAT0000076,2520,1
MIMAT0000858,636397,0
MIMAT0003276,6089,0
hsa_circ_0075281,15951529,1
MIMAT0015328,9949648,0
MIMAT0005318,42890,0
hsa_circ_0091894,4763,0
MIMAT0019758,42113,0
MIMAT0005863,25227436,0
MIMAT0000062,689043,0
hsa_circ_0007275,15,0
MIMAT0013993,689043,0
727896,5310940,0
hsa_circ_0047444,8029,0
hsa_circ_0044907,54670067,0
MIMAT0002878,3779,0
hsa_circ_0002955,15951529,1
MIMAT0000160,2336,1
MIMAT0000462,5310940,1
MIMAT0019749,3385,1
MIMAT0000103,2733526,1
MIMAT0000238,65110,0
MIMAT0000667,5281708,0
hsa_circ_0092276,11433190,0
hsa_circ_0076100,1110,0
hsa_circ_0022080,5280427,0
MIMAT0019003,216239,0
MIMAT0000076,31703,1
26033,261000,0
MIMAT0000766,790,0
MIMAT0015079,3385,1
MIMAT0004799,208908,0
MIMAT0000156,5280343,1
100129781,60838,0
MIMAT0004520,689043,0
MIMAT0000167,135403648,0
hsa_circ_0066290,657237,0
MIMAT0026720,47725,1
MIMAT0002109,15625,0
MIMAT0004801,49803145,0
hsa_circ_0086694,6197,0
MIMAT0000650,6410,1
MIMAT0004220,16741,0
hsa_circ_0005721,126941,1
MIMAT0001865,135403648,0
MIMAT0000785,5743,1
MIMAT0000609,5951,0
401898,1673,0
MIMAT0003189,3229,0
MIMAT0001764,72301,0
MIMAT0001367,164676,0
MIMAT0001278,5959,0
MIMAT0002812,56649450,0
MIMAT0002817,9949648,0
387978,2733,0
6494,6106,0
MIMAT0015000,9700,0
MIMAT0006778,6442177,0
hsa_circ_0068697,1175,0
hsa_circ_0006608,5284583,0
MIMAT0005898,141643,0
MIMAT0000723,2767,1
MIMAT0000850,3028194,1
hsa_circ_0001518,54680783,0
hsa_circ_0000042,97226,0
MIMAT0003313,1130,0
MIMAT0000121,24497,0
100129075,9547215,0
MIMAT0000609,6197,0
MIMAT0011160,1176,0
MIMAT0019019,3385,1
101928794,74483,0
MIMAT0000422,5280961,0
hsa_circ_0011385,445154,0
MIMAT0005319,6440495,1
643446,16078949,0
MIMAT0007888,2995,0
MIMAT0000882,74483,0
MIMAT0012852,1832,0
MIMAT0019775,3385,1
103352670,44631912,0
MIMAT0000687,31703,1
100507540,24268,0
503637,65110,0
MIMAT0004926,24180719,0
MIMAT0005898,60750,1
hsa_circ_0085278,216239,0
MIMAT0000435,123631,1
MIMAT0000065,5284616,0
MIMAT0004550,3690,0
MIMAT0004697,6857599,1
hsa_circ_0000036,443586,0
MIMAT0005457,31703,0
MIMAT0004607,24288,0
MIMAT0001887,24759,0
hsa_circ_0008242,5281004,0
100506498,24288,0
hsa_circ_0007275,123865,0
100506274,56842234,0
4321,2995,0
hsa_circ_0006606,2244,0
hsa_circ_0000524,9547215,0
hsa_circ_0050119,3345,0
hsa_circ_0044907,3385,0
hsa_circ_0003302,11953817,0
MIMAT0002825,1207,0
MIMAT0000656,3397,0
MIMAT0000820,444732,0
MIMAT0013983,446556,0
hsa_circ_0002782,3006531,0
MIMAT0000249,1207,0
MIMAT0001794,16078949,0
MIMAT0001545,56649450,0
hsa_circ_0005046,9931953,0
101927761,47936,0
MIMAT0000680,6001,0
MIMAT0000434,135403648,1
MIMAT0000671,5743,0
MIMAT0005909,5280951,0
MIMAT0004687,6410,0
MIMAT0003885,31703,1
MIMAT0003283,25262965,0
MIMAT0019771,3007,0
MIMAT0004949,5310940,1
MIMAT0004770,5743,0
hsa_circ_0004851,5816,0
hsa_circ_0001278,460612,0
hsa_circ_0089762,5280343,0
MIMAT0000779,712,0
hsa_circ_0000040,985,0
MIMAT0005914,9898279,0
MIMAT0004723,5793,0
MIMAT0000764,5281708,0
MIMAT0000426,3690,1
MIMAT0035005,31703,1
MIMAT0000734,737139,0
MIMAT0003313,444254,0
MIMAT0018941,10836,0
MIMAT0007870,5329102,0
MIMAT0000868,13089,0
MIMAT0000255,3386,0
hsa_circ_0091692,3779,0
MIMAT0003882,5280961,0
hsa_circ_0057948,5755,0
MIMAT0002819,31703,1
MIMAT0004839,6013,0
MIMAT0000072,14888,1
MIMAT0000613,2375,0
MIMAT0004524,1207,0
MIMAT0019003,2236,0
MIMAT0000657,16741,0
hsa_circ_0076155,969516,0
hsa_circ_0051899,24821094,0
MIMAT0014009,253602,0
100128054,145858,0
MIMAT0003752,122724,0
MIMAT0003273,15951529,0
hsa_circ_0001667,5789,0
MIMAT0018080,544,0
MIMAT0000101,135403648,1
MIMAT0000235,145858,0
100506465,5284373,0
MIMAT0000831,5280343,0
MIMAT0001275,9826528,0
MIMAT0000156,9064,1
hsa_circ_0005281,265237,0
MIMAT0004522,3961,0
MIMAT0004871,444254,0
MIMAT0004926,638278,0
MIMAT0000730,2375,1
MIMAT0005904,28486,0
MIMAT0001424,104741,0
hsa_circ_0063776,6036,0
100874095,126941,0
MIMAT0019046,11433190,0
hsa_circ_0011245,15951529,1
MIMAT0000595,122724,0
hsa_circ_0036683,3779,0
MIMAT0003306,216239,0
MIMAT0015142,6013,0
hsa_circ_0037511,23973,0
hsa_circ_0002755,442428,0
MIMAT0003208,54680783,0
hsa_circ_0076155,265237,0
MIMAT0000257,969516,1
hsa_circ_0000255,2336,0
MIMAT0018204,3821,0
MIMAT0015140,5793,0
MIMAT0000279,229455,1
196968,107985,0
MIMAT0003885,11556711,0
645553,3117,0
hsa_circ_0000760,5959,0
101927447,3763,0
MIMAT0018987,455658,0
MIMAT0019979,16132265,0
100133669,5352624,0
hsa_circ_0092315,445639,0
MIMAT0000064,4091,1
MIMAT0004955,2733526,1
100132707,3007,0
MIMAT0004810,712,0
MIMAT0003159,5288826,0
MIMAT0000249,16078949,1
MIMAT0004488,5288826,0
9489,6041,0
hsa_circ_0000763,77999,0
hsa_circ_0003438,141643,0
hsa_circ_0026143,9700,0
106480679,216345,0
MIMAT0003879,15625,0
hsa_circ_0004709,31703,0
MIMAT0003223,448537,1
1397,222757,0
hsa_circ_0007769,1673,0
MIMAT0004743,702,0
MIMAT0004692,9700,0
23612,208908,0
MIMAT0001582,5280951,0
101928530,5281614,0
MIMAT0015348,445858,0
MIMAT0004609,5959,0
hsa_circ_0000518,15951529,1
MIMAT0003237,123631,1
MIMAT0000236,460612,0
MIMAT0000848,3779,1
MIMAT0003879,46843772,0
hsa_circ_0065384,176870,0
MIMAT0005904,31703,1
MIMAT0000836,452548,0
100129534,9700,0
MIMAT0001887,44631912,0
100133311,442428,0
hsa_circ_0075736,4763,0
MIMAT0003191,72304,0
MIMAT0000842,3121,1
MIMAT0000387,3007,0
MIMAT0003323,11433190,0
MIMAT0003884,74483,0
hsa_circ_0083026,31401,0
MIMAT0000441,124886,0
hsa_circ_0072387,60606,0
101929655,54454,0
MIMAT0000804,3071,0
MIMAT0002060,449171,0
MIMAT0016870,2353,0
MIMAT0004972,1548943,0
MIMAT0019806,5206,0
MIMAT0004505,176870,0
MIMAT0002831,444732,1
101927136,5394,1
100126793,9931953,0
147947,5318517,0
hsa_circ_0005418,46843772,0
MIMAT0007884,229455,0
MIMAT0000650,15,0
100288798,54680783,0
MIMAT0000259,5394,1
hsa_circ_0076251,5206,0
MIMAT0004540,141643,0
MIMAT0001532,6623,0
hsa_circ_0001147,25262965,0
MIMAT0004902,2336,0
MIMAT0019774,3117,0
645206,1673,0
MIMAT0002856,138374198,0
hsa_circ_0078607,23939,0
hsa_circ_0091692,60606,0
25850,6167,0
MIMAT0003225,123631,0
100131604,37542,0
hsa_circ_0008359,241,0
MIMAT0007884,5281708,0
MIMAT0015323,38904,0
hsa_circ_0079048,9576410,0
MIMAT0000982,64971,0
MIMAT0000267,60953,1
MIMAT0004482,439260,0
103344926,5035,0
MIMAT0002837,1674,0
MIMAT0004795,65015,0
MIMAT0000677,6857599,0
MIMAT0002809,5460341,0
hsa_circ_0004254,54670067,0
hsa_circ_0031288,229455,0
hsa_circ_0008518,3385,0
MIMAT0002807,3385,1
MIMAT0002820,176870,1
MIMAT0004628,439530,0
MIMAT0026739,24497,0
MIMAT0000661,5284616,1
hsa_circ_0076917,3103,0
hsa_circ_0085616,114900,0
51100,24821094,0
hsa_circ_0000673,2520,0
104644205,97226,0
MIMAT0002821,148124,1
MIMAT0003241,46843772,0
MIMAT0003162,31703,1
101928516,444254,0
hsa_circ_0008131,784,0
MIMAT0004584,5943,0
100505938,439260,0
MIMAT0001867,74483,1
hsa_circ_0001122,2733526,0
MIMAT0007892,6442177,0
MIMAT0000441,5755,1
101752399,4212,0
MIMAT0004630,46843772,0
hsa_circ_0007250,5881,0
MIMAT0000666,5361,0
MIMAT0003307,261000,0
MIMAT0018992,442972,0
hsa_circ_0011293,42890,0
MIMAT0016852,3386,0
MIMAT0010251,2767,1
MIMAT0002107,442428,0
hsa_circ_0011293,11226684,0
hsa_circ_0092329,2578,0
MIMAT0019762,8378,0
hsa_circ_0056790,13089,0
MIMAT0003186,5280453,0
6596,1110,0
MIMAT0018971,71496458,0
101927155,444732,0
MIMAT0000530,5280360,0
MIMAT0015187,10184653,0
MIMAT0018992,123631,0
MIMAT0001370,6410,0
MIMAT0000378,443586,0
MIMAT0003379,3062316,0
MIMAT0004929,148124,1
MIMAT0000026,89594,1
MIMAT0005318,5641,0
MIMAT0005583,119307,0
101927718,445154,0
hsa_circ_0009043,138374198,0
hsa_circ_0085495,5881,0
hsa_circ_0009012,15951529,1
MIMAT0001830,89594,0
MIMAT0000561,253602,0
MIMAT0004495,54671203,0
646576,5394,1
hsa_circ_0048766,6115,0
MIMAT0000574,89594,1
MIMAT0003727,108065,1
MIMAT0003281,5281004,0
MIMAT0000693,442428,0
MIMAT0000857,25183872,0
hsa_circ_0045219,5283344,0
MIMAT0004517,141643,0
MIMAT0004723,162282,0
MIMAT0004977,9931953,0
MIMAT0000677,72304,0
hsa_circ_0003461,442793,0
101805492,141643,0
100996301,15625,0
hsa_circ_0071196,5538,0
MIMAT0019002,122634,0
MIMAT0013983,445434,0
MIMAT0018994,439260,0
MIMAT0015342,44631912,0
MIMAT0001805,6041,0
100033416,17754356,0
MIMAT0014008,119104,0
hsa_circ_0000192,42113,0
100506783,5755,0
MIMAT0019887,15,0
hsa_circ_0003273,5311,0
MIMAT0000129,8490,1
651053,135403648,0
MIMAT0001857,1983,0
MIMAT0001783,24497,0
MIMAT0001825,23725625,0
MIMAT0000068,5310940,1
hsa_circ_0028864,5284373,0
MIMAT0006588,439530,0
MIMAT0003734,5280427,0
MIMAT0015337,148124,0
MIMAT0014928,42890,0
MIMAT0003248,1673,0
hsa_circ_0000881,5462222,0
101927761,5310940,0
MIMAT0003318,23973,0
MIMAT0014023,23973,0
100126793,442428,0
MIMAT0001724,10184653,0
MIMAT0003728,10621,1
MIMAT0000592,15625,0
MIMAT0019718,4641,0
646576,3121,0
MIMAT0003274,46843772,0
MIMAT0004572,443586,1
hsa_circ_0008044,56843276,0
MIMAT0002174,5329102,1
MIMAT0000159,5460341,0
MIMAT0000534,5757,0
MIMAT0000090,64971,0
hsa_circ_0003838,8490,0
hsa_circ_0048232,123596,0
MIMAT0003738,23973,0
MIMAT0019913,3028194,0
MIMAT0000786,25183872,0
hsa_circ_0000554,104758,0
MIMAT0015362,122634,0
MIMAT0003333,60750,1
MIMAT0001623,2723601,0
MIMAT0001536,2767,1
MIMAT0004982,5462222,0
MIMAT0000082,9547215,0
MIMAT0019359,3821,0
MIMAT0019817,4943,0
728207,171548,0
100874043,5394,1
hsa_circ_0080209,5793,0
MIMAT0003883,15939,0
MIMAT0003308,5757,1
MIMAT0013994,445858,0
MIMAT0004603,10635,0
MIMAT0048651,11228183,0
hsa_circ_0059216,229455,0
MIMAT0000433,5281811,0
MIMAT0003303,31703,1
hsa_circ_0000521,60852,0
MIMAT0003491,60852,0
MIMAT0000077,14888,1
MIMAT0003274,114900,0
hsa_circ_0000817,5280360,0
MIMAT0013991,6857599,0
MIMAT0000062,162282,1
727896,14888,0
hsa_circ_0022142,15951529,1
hsa_circ_0047641,164676,0
MIMAT0000688,3103,0
MIMAT0000904,11707110,0
100129827,42611257,0
MIMAT0003295,5281811,0
MIMAT0015017,261000,0
102724312,222757,0
MIMAT0004913,985,0
MIMAT0000537,2733526,1
hsa_circ_0002971,25262965,0
MIMAT0004970,31703,1
hsa_circ_0025135,8378,0
MIMAT0000074,455658,0
101927034,60606,0
100506119,9547215,0
MIMAT0003326,36462,1
MIMAT0003331,31703,1
MIMAT0000065,28486,0
MIMAT0000777,5361,0
MIMAT0000792,54454,0
hsa_circ_0006913,2733526,0
MIMAT0019738,36314,0
hsa_circ_0006903,31703,1
100874343,448013,0
MIMAT0000435,17754356,0
MIMAT0005796,452548,0
MIMAT0015189,24268,1
MIMAT0002940,36462,0
MIMAT0025580,285033,0
MIMAT0014012,5790,0
hsa_circ_0005272,17754356,0
MIMAT0000151,15,0
MIMAT0005625,5381226,0
102723354,31101,0
MIMAT0000090,135403648,1
MIMAT0004839,3690,0
MIMAT0002868,6279,0
100379249,452548,0
hsa_circ_0007250,6197,0
hsa_circ_0009012,5881,0
hsa_circ_0091692,24268,0
MIMAT0007889,145858,0
MIMAT0000574,3117,0
101928399,13089,0
MIMAT0002814,5459308,0
MIMAT0015164,5281929,0
100131176,5284373,0
MIMAT0005952,6918837,0
MIMAT0002866,171548,0
MIMAT0000424,3385,1
MIMAT0013994,12967,0
MIMAT0000516,12967,0
MIMAT0001618,64971,0
MIMAT0017002,5281614,0
hsa_circ_0083026,65015,0
MIMAT0003766,74483,1
MIMAT0005943,25244711,0
MIMAT0015036,31703,1
MIMAT0000241,36314,1
MIMAT0000603,1130,0
MIMAT0000796,9576410,0
hsa_circ_0080210,11953817,0
MIMAT0000535,31101,0
MIMAT0015326,71496458,0
100507053,2767,0
hsa_circ_0005161,56843276,0
hsa_circ_0001874,6442177,0
hsa_circ_0028299,4891,0
MIMAT0000070,123596,0
MIMAT0000536,8490,1
MIMAT0004841,5284373,0
9774,4943,0
MIMAT0003181,11960529,0
MIMAT0004795,10836,0
hsa_circ_0008539,3779,0
MIMAT0001285,13342,0
727896,123865,0
MIMAT0003188,53232,0
MIMAT0000755,60700,1
101927034,42113,0
hsa_circ_0050125,119307,0
MIMAT0000774,104842,0
MIMAT0000863,42611257,0
100507334,6076,0
MIMAT0000734,5281004,0
MIMAT0005951,42113,0
MIMAT0004501,74483,0
hsa_circ_0001439,15951529,1
286333,2187,0
MIMAT0003302,3961,0
hsa_circ_0005046,452548,0
MIMAT0004559,6057,0
MIMAT0004450,141643,0
1591,5280795,0
hsa_circ_0005949,3385,1
MIMAT0003726,443586,1
MIMAT0003330,91820602,1
MIMAT0006012,3821,0
MIMAT0001627,4763,0
hsa_circ_0005281,6013,0
hsa_circ_0085173,124886,0
MIMAT0000130,16078949,1
100144596,216345,0
hsa_circ_0000323,44259,0
MIMAT0005635,4829,0
MIMAT0001278,441074,0
MIMAT0004596,3006531,0
hsa_circ_0005235,5951,0
MIMAT0002872,6857599,1
MIMAT0000721,443586,0
hsa_circ_0042474,6057,0
MIMAT0001867,3690,0
386597,24180719,0
MIMAT0004603,5352624,0
MIMAT0014989,65348,0
MIMAT0018068,3220,0
MIMAT0001538,448537,0
MIMAT0003310,210332,0
MIMAT0004621,636397,0
MIMAT0000781,6089,0
MIMAT0000416,2520,1
MIMAT0000438,712,1
9950,2051,0
hsa_circ_0086490,6013,0
100861402,91466,0
MIMAT0003500,16741,1
MIMAT0000419,119307,1
MIMAT0005792,72304,0
100996335,5381226,0
MIMAT0000722,5280448,0
MIMAT0003472,4891,0
hsa_circ_0003738,15951529,1
hsa_circ_0048164,15951529,1
MIMAT0001074,3385,0
100996570,64971,0
MIMAT0019893,23973,0
MIMAT0000754,5757,1
hsa_circ_0072857,114900,0
MIMAT0000153,5997,0
MIMAT0000748,3007,0
100132677,42890,0
51560,2578,0
MIMAT0000783,216326,0
MIMAT0004814,5310940,0
MIMAT0015195,54680783,0
MIMAT0015000,44259,0
MIMAT0004660,5361,0
MIMAT0000072,712,1
101928796,3496,0
MIMAT0000689,5310940,1
101928304,5394,1
MIMAT0000220,4091,0
MIMAT0019844,4829,0
hsa_circ_0036750,15951529,1
MIMAT0006012,6468,0
MIMAT0004764,9700,0
MIMAT0001412,222757,0
MIMAT0005850,16132265,0
651053,6857599,1
MIMAT0018987,60750,1
MIMAT0000645,126941,0
hsa_circ_0000370,156413,0
MIMAT0000086,36314,1
MIMAT0004922,122724,0
MIMAT0000673,449171,0
101927477,21109,0
MIMAT0003507,5943,0
MIMAT0003452,285033,0
MIMAT0000244,442972,1
hsa_circ_0070098,451668,0
100131564,5394,1
684959,56842234,0
MIMAT0015341,6115,0
MIMAT0004233,5310940,0
MIMAT0004893,3385,0
hsa_circ_0000517,253602,0
MIMAT0000549,45266826,0
102725045,2578,0
MIMAT0004584,44259,0
MIMAT0000241,2375,0
MIMAT0000455,222528,0
MIMAT0002172,5381226,0
MIMAT0003478,5280427,0
MIMAT0000377,5281614,0
MIMAT0000251,3385,1
MIMAT0004187,657237,0
MIMAT0000669,3821,0
hsa_circ_0026512,54675776,0
MIMAT0001771,119307,0
MIMAT0005307,6440495,0
101927528,5394,1
MIMAT0000758,6041,0
MIMAT0000442,3345,0
645993,8490,0
MIMAT0004858,644241,0
MIMAT0017950,54680783,0
MIMAT0004229,216326,0
MIMAT0005928,896,0
MIMAT0000223,5790,0
MIMAT0000099,5284616,1
MIMAT0001877,5281929,0
MIMAT0015189,8490,0
MIMAT0001278,6013,0
MIMAT0004189,5288209,0
hsa_circ_0042265,445434,0
MIMAT0004725,54671203,0
MIMAT0005908,6918837,0
hsa_circ_0045219,28486,0
MIMAT0004909,445434,0
MIMAT0000705,6623,0
100131176,5288826,0
hsa_circ_0041523,122634,0
hsa_circ_0008389,6440495,0
105373984,1110,0
MIMAT0015196,6505803,0
MIMAT0001772,11626560,0
MIMAT0000275,5206,0
hsa_circ_0036391,216239,0
MIMAT0045392,36314,1
MIMAT0019718,5459308,0
MIMAT0000104,712,1
100270746,138374198,0
MIMAT0004979,11635763,0
101926964,5394,1
MIMAT0004533,9064,0
102723099,5462222,0
MIMAT0003382,208908,0
MIMAT0001536,123865,0
hsa_circ_0086241,11960529,0
MIMAT0000417,969516,1
MIMAT0004791,2353,0
MIMAT0001046,3657,0
MIMAT0005911,3385,1
MIMAT0000773,11953817,0
hsa_circ_0011292,4943,0
MIMAT0000680,448537,1
245,104842,0
hsa_circ_0000881,5997,0
MIMAT0004926,439260,0
MIMAT0004933,3902,0
100128811,5394,1
MIMAT0001837,5641,0
MIMAT0025412,445434,0
MIMAT0004802,23939,0
hsa_circ_0001599,216326,0
100996671,5352624,0
MIMAT0000753,3385,1
hsa_circ_0002761,222757,0
MIMAT0000142,6918289,0
100506046,5284616,1
MIMAT0007400,446556,0
MIMAT0019801,60606,0
hsa_circ_0006392,10184653,0
105374631,138374198,0
MIMAT0013985,13089,0
MIMAT0005902,5743,0
MIMAT0000318,10836,0
hsa_circ_0026302,5994,0
MIMAT0000279,6115,1
MIMAT0000661,6410,1
MIMAT0003471,7222,0
28996,5381226,0
9641,1110,0
MIMAT0000439,54454,0
MIMAT0001779,6089,0
MIMAT0001878,5462222,0
MIMAT0019817,60750,1
hsa_circ_0004254,3220,0
MIMAT0003457,91466,0
100271297,9576410,0
hsa_circ_0048956,444254,0
100652997,114900,0
hsa_circ_0002130,72304,0
hsa_circ_0000463,5329102,0
MIMAT0000065,445434,0
MIMAT0003725,3961,0
MIMAT0009196,135403648,1
hsa_circ_0028861,122724,0
MIMAT0000852,16741,0
100240735,5280896,0
102724105,9804992,0
MIMAT0003165,2520,1
MIMAT0003118,4763,0
MIMAT0005443,9949648,0
MIMAT0002834,6089,0
hsa_circ_0079743,15951529,1
6101,4158,0
MIMAT0000873,702,0
MIMAT0004952,2733526,1
MIMAT0003328,38904,1
MIMAT0005319,3779,1
MIMAT0000677,5280448,0
1973,145858,0
MIMAT0000163,3657,0
MIMAT0003322,712,1
MIMAT0003302,5073,0
100996732,16197265,0
MIMAT0003763,3220,0
MIMAT0001781,442972,0
MIMAT0000436,2733526,0
102724077,6037,0
hsa_circ_0007006,104746,0
hsa_circ_0008702,135403648,0
MIMAT0000647,6410,1
hsa_circ_0001874,64971,0
MIMAT0000686,126941,1
MIMAT0004531,41867,0
101929344,4763,0
MIMAT0003889,9898279,0
MIMAT0015085,5329102,0
MIMAT0005633,5281929,0
hsa_circ_0061260,4641,0
MIMAT0003389,9576410,0
MIMAT0003238,5641,0
MIMAT0017002,5641,0
MIMAT0007400,2733,0
100302650,11953817,0
MIMAT0017063,97226,0
MIMAT0002874,3385,1
hsa_circ_0001689,784,0
MIMAT0001339,6167,0
344462,5280961,0
MIMAT0000281,31703,1
MIMAT0000072,1110,0
MIMAT0001412,5352624,0
101929120,452548,0
MIMAT0003381,446220,0
MIMAT0004925,8490,0
hsa_circ_0028864,5311,0
MIMAT0015138,24268,1
MIMAT0018087,47289,0
MIMAT0025580,24821094,0
MIMAT0000799,12967,0
MIMAT0000089,97226,1
hsa_circ_0068462,41867,0
MIMAT0000150,54680783,0
MIMAT0000075,2520,0
MIMAT0000574,5284373,0
100421746,60852,0
MIMAT0000934,4829,0
MIMAT0000274,229455,1
MIMAT0016876,5283344,0
hsa_circ_0001055,4624,0
MIMAT0000268,31703,1
645323,3071,0
MIMAT0012852,5280453,0
MIMAT0001704,5280896,0
MIMAT0019689,5280343,0
MIMAT0004958,1674,0
101928880,9576410,0
MIMAT0004985,5329102,1
hsa_circ_0000315,93004,0
MIMAT0003276,6041,0
MIMAT0004693,442793,0
hsa_circ_0060733,53232,0
MIMAT0015174,657237,0
hsa_circ_0062865,460612,0
hsa_circ_0014737,5352624,0
100286844,56843276,0
MIMAT0000982,5283344,0
1281,5280453,0
MIMAT0001370,2578,0
100130717,5394,1
MIMAT0003480,6115,0
MIMAT0000510,444732,1
MIMAT0000722,3961,0
hsa_circ_0086159,1130,0
MIMAT0012735,60750,1
25850,5746,0
hsa_circ_0037447,638278,0
hsa_circ_0013058,122634,0
MIMAT0004784,2767,1
101929059,14888,0
101927528,387447,0
MIMAT0001778,47936,0
hsa_circ_0006913,23973,0
100505994,126941,1
619455,5394,1
101669762,2995,0
MIMAT0000777,25183872,0
MIMAT0004532,5288826,0
MIMAT0001778,449171,0
MIMAT0000258,3779,0
hsa_circ_0092329,72304,0
MIMAT0003470,1673,0
MIMAT0004763,31703,1
hsa_circ_0008131,31703,1
MIMAT0003186,56843276,0
hsa_circ_0075896,222528,0
339005,5381226,0
MIMAT0000772,5978,0
MIMAT0004687,5280453,1
MIMAT0001338,4829,0
100507632,5462222,0
MIMAT0004673,164676,0
100505738,124886,0
MIMAT0026719,72301,0
MIMAT0003299,104842,0
hsa_circ_0008044,9444,0
MIMAT0000072,36314,1
MIMAT0000772,60838,1
MIMAT0005952,222757,0
MIMAT0009196,54454,0
MIMAT0000259,56842234,0
MIMAT0003335,9898279,0
hsa_circ_0000724,737139,0
MIMAT0004942,5959,0
111216284,638278,0
MIMAT0015085,3385,1
hsa_circ_0091934,3220,0
MIMAT0014005,5743,0
hsa_circ_0002153,439260,0
MIMAT0000082,2520,1
hsa_circ_0003748,5881,0
MIMAT0001818,3103,0
hsa_circ_0068563,91466,0
MIMAT0000646,54671203,1
MIMAT0000764,91820602,1
MIMAT0015193,6857599,0
MIMAT0005584,5310940,1
MIMAT0005596,3006531,0
MIMAT0002881,5881,0
hsa_circ_0046265,3103,0
100126791,36314,1
MIMAT0003495,5310940,0
339005,25227436,0
100506368,5280453,0
hsa_circ_0003655,60780,0
hsa_circ_0036688,11960529,0
hsa_circ_0045234,15951529,1
MIMAT0004982,38904,0
29940,6505803,0
MIMAT0004763,5793,1
MIMAT0019721,1548943,0
MIMAT0005459,8490,0
MIMAT0000521,5284616,1
hsa_circ_0087357,56842234,0
25855,5757,0
MIMAT0003280,1130,0
MIMAT0000604,162282,0
MIMAT0000790,2236,1
100652736,119104,0
5573,60852,0
hsa_circ_0058361,4891,0
100132923,3220,0
MIMAT0005906,6505803,0
MIMAT0004674,54680783,0
MIMAT0000167,445154,0
MIMAT0004918,11635763,0
hsa_circ_0092289,15951529,1
MIMAT0000531,24360,0
MIMAT0003165,3103,0
hsa_circ_0030162,25262965,0
MIMAT0004498,104746,0
MIMAT0005457,24821094,0
MIMAT0003247,2353,0
MIMAT0004628,441074,0
MIMAT0001629,60198,0
MIMAT0000078,65110,1
MIMAT0003752,444732,0
MIMAT0000101,2733526,1
55545,5360373,0
100506844,446556,0
MIMAT0000087,3385,1
MIMAT0003281,5997,1
hsa_circ_0000818,449171,0
MIMAT0000441,5394,1
MIMAT0000822,4946,1
hsa_circ_0009582,15951529,1
MIMAT0000665,53232,0
100033426,77999,0
MIMAT0011446,442793,0
MIMAT0002055,5959,0
MIMAT0002171,93004,0
MIMAT0000421,3028194,0
MIMAT0016878,702,0
MIMAT0004504,65064,0
hsa_circ_0048695,4946,0
MIMAT0016852,229455,0
MIMAT0001021,41867,0
101926978,2187,0
MIMAT0000093,5284373,1
MIMAT0004773,1674,0
hsa_circ_0000150,15951529,1
MIMAT0000385,5281708,0
100126793,3902,0
MIMAT0001732,6076,0
MIMAT0001046,5790,0
651053,6041,0
hsa_circ_0006795,15951529,1
100885798,444732,0
102724246,5394,1
MIMAT0000279,9826528,0
hsa_circ_0002402,2336,0
MIMAT0000710,135403648,1
hsa_circ_0062545,15951529,1
hsa_circ_0009732,5743,0
MIMAT0003221,24360,0
MIMAT0002842,60852,0
MIMAT0000080,71496458,0
MIMAT0000144,3961,0
100270828,449171,0
MIMAT0001339,4091,0
hsa_circ_0030724,5359268,0
MIMAT0005460,8490,1
MIMAT0000754,24497,1
MIMAT0004896,47936,0
26058,790,0
hsa_circ_0001203,1674,0
MIMAT0004800,4624,0
MIMAT0001582,119104,0
100033413,261000,0
hsa_circ_0018652,29327,0
MIMAT0003471,31703,1
MIMAT0004565,30323,0
MIMAT0001547,5318517,0
MIMAT0003201,114900,0
MIMAT0003478,445580,0
MIMAT0004692,42611257,0
MIMAT0002880,3385,1
MIMAT0002819,6857599,1
MIMAT0004630,229455,0
101927686,5394,1
MIMAT0000755,60838,1
MIMAT0015348,16132265,0
MIMAT0018352,1130,0
MIMAT0004445,9064,0
MIMAT0004585,1674,0
MIMAT0005913,5641,0
MIMAT0001081,108065,1
MIMAT0004882,25183872,0
MIMAT0000705,38904,0
MIMAT0000692,44631912,0
MIMAT0000374,702,1
hsa_circ_0005741,6037,0
650226,11626560,0
100033417,5288826,0
100873998,5755,0
MIMAT0003298,5462222,0
100033434,5394,1
MIMAT0000176,65348,0
MIMAT0003471,5073,0
MIMAT0004956,5881,0
MIMAT0004620,229455,0
MIMAT0004503,107985,0
MIMAT0019920,2767,1
111216284,107985,0
MIMAT0004782,5950,0
MIMAT0003176,65015,0
MIMAT0024618,8378,0
650226,23939,0
MIMAT0003301,53232,1
hsa_circ_0005354,4091,0
100129029,896,0
5997,17754356,0
MIMAT0003290,25262965,0
MIMAT0005440,44259,0
MIMAT0003453,15625,0
MIMAT0002856,6036,0
MIMAT0003167,6041,0
440416,3071,0
MIMAT0011448,5951,0
MIMAT0018110,6037,0
hsa_circ_0003423,8029,0
100033418,104758,0
MIMAT0002867,91820602,0
MIMAT0003735,12967,1
104644205,1983,0
hsa_circ_0005418,6013,0
hsa_circ_0007031,171548,0
MIMAT0000235,126941,0
MIMAT0018943,5284373,0
MIMAT0000731,3101,0
MIMAT0004683,119104,0
MIMAT0018071,16132265,0
MIMAT0000706,3496,0
MIMAT0000381,16132265,1
100506599,43815,0
MIMAT0004810,42113,0
hsa_circ_0000471,123596,0
hsa_circ_0092303,3385,0
MIMAT0000834,5743,1
55384,216239,0
MIMAT0000751,2520,1
hsa_circ_0000038,15951529,1
MIMAT0003764,985,0
MIMAT0001817,6013,0
MIMAT0004504,442972,0
MIMAT0000064,444732,1
MIMAT0000681,5329102,1
MIMAT0001876,13342,0
hsa_circ_0000323,5459308,0
MIMAT0000098,119307,1
MIMAT0003278,3397,0
MIMAT0007348,60838,0
MIMAT0004621,6106,0
MIMAT0001841,449171,0
MIMAT0004450,15625,0
MIMAT0000231,135403648,1
101928399,5394,1
MIMAT0003289,5865,0
MIMAT0015356,6857599,0
MIMAT0004630,9576410,0
692205,5394,1
MIMAT0005319,5280343,0
MIMAT0004805,4641,0
MIMAT0000514,54675776,0
MIMAT0000095,24497,0
MIMAT0004970,444795,0
MIMAT0000264,36314,1
MIMAT0001369,1207,0
MIMAT0000539,46843772,0
hsa_circ_0006614,25183872,0
MIMAT0004237,56842234,0
101927932,1548943,0
100499489,4946,0
100507500,43815,0
MIMAT0002852,5284373,0
hsa_circ_0036399,6089,0
MIMAT0017950,5462222,0
MIMAT0007870,5311,0
MIMAT0003159,5311,0
MIMAT0019848,2353,0
MIMAT0002852,14403,0
100507466,24360,0
100505648,43815,0
MIMAT0019947,445580,0
MIMAT0015014,6037,0
hsa_circ_0068458,5746,0
MIMAT0000134,5206,0
MIMAT0005868,65110,0
MIMAT0019022,5943,0
MIMAT0000381,31703,1
100506119,442428,0
MIMAT0000651,104842,0
MIMAT0015193,5978,0
MIMAT0004695,135403648,0
hsa_circ_0041019,460612,0
MIMAT0004901,60852,0
MIMAT0000421,216239,1
MIMAT0004677,5282350,0
MIMAT0002852,2767,1
MIMAT0000423,5950,0
MIMAT0000423,14888,1
MIMAT0018110,5280453,0
MIMAT0015051,10635,0
MIMAT0000570,2375,0
MIMAT0003122,9931953,0
MIMAT0004673,6115,0
MIMAT0004216,8029,0
100506542,444732,0
MIMAT0005917,5310940,1
MIMAT0004925,43815,0
MIMAT0000511,462382,0
MIMAT0000429,3821,1
MIMAT0001413,135403648,1
hsa_circ_0000915,11953817,0
MIMAT0000646,5310940,1
MIMAT0003219,5641,0
hsa_circ_0076522,1207,0
MIMAT0004216,60750,0
MIMAT0000423,5978,1
MIMAT0001331,4946,0
hsa_circ_0047444,5282350,0
MIMAT0005794,451668,0
MIMAT0000461,3385,1
MIMAT0000538,31703,1
100533789,60852,0
MIMAT0000868,667639,0
hsa_circ_0006913,5281708,0
hsa_circ_0001691,15951529,1
MIMAT0001777,74483,1
26751,156413,0
MIMAT0003452,5459308,0
MIMAT0003381,11953817,0
100507334,2767,1
MIMAT0003321,896,0
MIMAT0001546,265237,0
MIMAT0000791,11226684,0
MIMAT0001341,689043,0
hsa_circ_0002782,16741,0
MIMAT0003290,9915743,0
105375401,644241,0
MIMAT0002860,253602,0
MIMAT0003322,124886,0
MIMAT0000420,5746,1
MIMAT0001366,24268,1
MIMAT0000281,36314,1
hsa_circ_0066874,10184653,0
MIMAT0003235,5951,0
hsa_circ_0022392,25227436,0
MIMAT0001648,11707110,0
hsa_circ_0061346,702,0
MIMAT0003300,6623,0
MIMAT0000516,54454,0
MIMAT0000245,36462,1
MIMAT0000604,29327,0
MIMAT0000266,208908,1
MIMAT0004801,5280453,0
MIMAT0001768,222757,0
MIMAT0011435,45266826,0
hsa_circ_0032825,9700,0
MIMAT0004876,97226,0
1397,2907,0
MIMAT0004588,3006531,0
100130581,17754356,0
MIMAT0003766,29327,0
103344926,42113,0
100129291,3103,0
MIMAT0000213,148124,0
MIMAT0004894,126941,0
100289178,37542,0
hsa_circ_0036287,5359268,0
389634,5394,1
MIMAT0016876,4091,0
MIMAT0000860,53232,0
MIMAT0004886,3028194,0
MIMAT0010251,65110,0
MIMAT0000611,74483,0
MIMAT0000717,4212,1
MIMAT0000560,6918289,0
hsa_circ_0016123,42611257,0
MIMAT0001370,164676,0
MIMAT0004233,5280951,0
MIMAT0000130,16132265,0
MIMAT0005588,6197,0
MIMAT0000136,11626560,0
546,6253,0
MIMAT0001069,5281614,0
hsa_circ_0007630,14888,0
MIMAT0000072,60852,1
hsa_circ_0051799,444254,0
MIMAT0000281,712,1
hsa_circ_0062163,145858,0
hsa_circ_0009172,5222465,0
MIMAT0000852,42611257,0
MIMAT0004928,122724,0
MIMAT0000242,451668,1
101927686,5641,0
MIMAT0019789,9576410,0
MIMAT0019771,60750,1
MIMAT0000510,5288826,1
7040,445154,0
MIMAT0002867,985,0
MIMAT0003310,253602,0
728374,6253,0
hsa_circ_0002955,3220,0
MIMAT0000616,6410,1
MIMAT0000531,8490,1
MIMAT0001818,2236,0
101927155,44259,0
hsa_circ_0012673,31401,0
100507466,5394,1
hsa_circ_0003940,15625,0
MIMAT0004839,449171,0
MIMAT0011446,6037,0
MIMAT0000456,5310940,1
202181,97226,0
MIMAT0000802,1110,0
51762,44631912,0
hsa_circ_0005235,2907,0
MIMAT0016901,3385,1
10263,11707110,0
MIMAT0004593,3385,1
MIMAT0003499,54670067,0
MIMAT0000726,5310940,1
MIMAT0002106,17754356,0
MIMAT0000450,13089,0
hsa_circ_0008122,15951529,1
hsa_circ_0008615,5743,0
MIMAT0003252,23973,0
MIMAT0000751,3385,1
440416,24978538,0
hsa_circ_0000339,790,0
100499484,5281929,0
MIMAT0001532,3385,1
MIMAT0000279,36314,1
MIMAT0002106,445434,0
MIMAT0003886,2520,1
MIMAT0003161,2336,0
hsa_circ_0008554,47936,0
MIMAT0001706,6167,0
MIMAT0019006,9547215,0
MIMAT0019018,5035,0
MIMAT0000102,4158,0
MIMAT0005928,45266826,0
hsa_circ_0026349,5280453,0
MIMAT0000066,3028194,0
MIMAT0000613,6167,0
hsa_circ_0000614,31703,0
101928567,5394,1
MIMAT0001630,60750,1
MIMAT0004683,114900,0
hsa_circ_0007006,3902,0
hsa_circ_0001450,138374198,0
MIMAT0001884,689043,0
101927230,5743,0
MIMAT0004486,60750,1
100506860,93004,0
54660,5755,0
MIMAT0002816,56843276,0
hsa_circ_0050581,5329102,0
MIMAT0004660,1832,0
MIMAT0004983,11960529,0
MIMAT0000270,123631,1
MIMAT0004798,460612,0
MIMAT0019053,60750,1
MIMAT0003151,3220,0
MIMAT0019807,119307,0
hsa_circ_0071174,5816,0
MIMAT0004981,89594,0
102724434,47725,0
MIMAT0004976,222528,0
MIMAT0003309,5793,0
100129534,9547215,0
MIMAT0015323,138374198,0
hsa_circ_0081001,176870,0
hsa_circ_0078605,60700,0
MIMAT0005906,5462222,0
MIMAT0000457,36314,1
11080,5789,0
MIMAT0007887,23939,0
hsa_circ_0001518,3101,0
MIMAT0003472,9898279,0
hsa_circ_0041523,6076,0
MIMAT0019957,138374198,0
hsa_circ_0008044,2723601,0
hsa_circ_0000150,3779,0
51762,449171,0
MIMAT0001876,74483,1
MIMAT0000868,3117,0
MIMAT0015077,3385,1
MIMAT0005881,9547215,0
MIMAT0000095,2767,1
100750225,5394,1
MIMAT0001706,9547215,0
MIMAT0000853,9915743,0
MIMAT0003308,5865,1
100506119,156413,0
MIMAT0000430,3385,1
MIMAT0003118,441074,0
MIMAT0000720,737139,0
MIMAT0000252,24180719,1
hsa_circ_0034067,77999,0
MIMAT0000564,89594,1
MIMAT0000251,3763,0
MIMAT0005929,36314,1
hsa_circ_0002168,45266826,0
102723099,644241,0
MIMAT0000516,8490,1
MIMAT0000232,31703,1
MIMAT0015113,5755,0
MIMAT0005847,443586,1
MIMAT0000721,2353,0
hsa_circ_0072857,56842234,0
MIMAT0003236,15951529,0
hsa_circ_0005164,1207,0
MIMAT0003490,442428,0
MIMAT0015356,455658,0
MIMAT0003249,24180719,1
MIMAT0019718,3028194,0
MIMAT0005457,445434,0
MIMAT0019919,6440495,0
MIMAT0005892,91820602,0
MIMAT0005922,60700,0
MIMAT0001541,2244,0
hsa_circ_0002131,15951529,1
hsa_circ_0003461,208908,0
439949,5394,1
MIMAT0001412,3071,0
MIMAT0017059,24360,0
MIMAT0000096,969516,1
hsa_circ_0044837,8029,0
hsa_circ_0089652,60780,0
MIMAT0004978,24978538,1
hsa_circ_0005235,5361,0
MIMAT0015000,60198,0
hsa_circ_0078605,442793,0
hsa_circ_0001204,6410,0
MIMAT0001413,448537,1
MIMAT0004708,442972,0
MIMAT0003298,5035,0
MIMAT0001846,5280951,0
MIMAT0001285,74483,1
hsa_circ_0004254,638278,0
MIMAT0000579,30323,0
hsa_circ_0006156,7222,0
MIMAT0015156,441074,0
101927125,5394,1
100129827,6857599,1
100507489,2733,0
MIMAT0004955,229455,0
MIMAT0003336,60750,1
1281,445580,0
MIMAT0004972,65015,0
MIMAT0004911,17754356,0
MIMAT0002884,97226,0
MIMAT0004607,5978,1
MIMAT0000262,5793,1
MIMAT0000069,123865,0
MIMAT0000582,145858,0
MIMAT0000069,6623,1
MIMAT0000376,10621,1
MIMAT0004523,444732,0
4855,5789,0
103752587,1674,0
hsa_circ_0000237,5359268,0
MIMAT0004635,6410,1
643911,790,0
MIMAT0004720,25262965,0
6615,11626560,0
hsa_circ_0005281,164676,0
MIMAT0000805,784,0
hsa_circ_0080210,5997,0
MIMAT0003204,6918289,0
MIMAT0019919,638278,0
100874074,5394,1
hsa_circ_0001646,5381226,0
MIMAT0004983,71496458,0
100996447,462382,0
hsa_circ_0001171,2336,0
MIMAT0000899,10635,0
MIMAT0000533,11433190,0
hsa_circ_0087063,3821,0
MIMAT0000678,969516,1
MIMAT0000418,141643,0
hsa_circ_0005164,737139,0
MIMAT0000224,24268,0
100132103,171548,0
MIMAT0002879,3690,0
100874249,5394,1
MIMAT0000515,4943,0
MIMAT0002055,265237,0
MIMAT0004926,5865,1
MIMAT0003319,31703,1
MIMAT0003329,31703,1
MIMAT0003285,89594,0
hsa_circ_0014737,5994,0
MIMAT0005572,5280896,0
MIMAT0004952,10836,0
MIMAT0004185,4158,0
100289255,451668,0
MIMAT0004187,6001,0
100507006,3386,0
MIMAT0000141,6253,0
MIMAT0001623,42890,0
100131067,45266826,0
100132967,5360373,0
MIMAT0018078,21109,0
101928516,10635,0
101929397,4943,0
MIMAT0006587,444254,0
MIMAT0003297,6037,0
MIMAT0004365,2051,0
MIMAT0000143,6001,0
MIMAT0000133,6918289,0
MIMAT0000375,156413,0
100874284,89594,0
hsa_circ_0001880,3103,0
MIMAT0019806,60750,1
hsa_circ_0002314,448537,0
644919,5280453,0
MIMAT0000746,445154,0
MIMAT0002866,31703,1
MIMAT0000706,5994,0
MIMAT0015048,5816,0
100270980,60838,0
MIMAT0000846,104842,0
MIMAT0019963,702,0
hsa_circ_0011292,3385,0
hsa_circ_0025506,91820602,0
MIMAT0000261,5311,1
hsa_circ_0006117,5381226,0
MIMAT0001283,448013,0
MIMAT0001797,29327,0
hsa_circ_0002971,6036,0
hsa_circ_0004891,60852,0
MIMAT0019017,449171,0
MIMAT0000136,6410,1
MIMAT0000724,5793,1
100033435,16132265,0
MIMAT0001859,3657,0
MIMAT0000786,5381226,0
MIMAT0015052,5288209,0
MIMAT0001840,452548,0
MIMAT0001045,5310940,0
100885779,5460341,0
MIMAT0005824,638278,0
MIMAT0000533,5281004,1
MIMAT0000552,122634,0
hsa_circ_0023610,462382,0
hsa_circ_0040786,5281614,0
hsa_circ_0000510,2733,0
MIMAT0000425,24180719,0
hsa_circ_0020354,5281614,0
100506046,114900,0
MIMAT0000154,4158,0
MIMAT0004655,2995,0
hsa_circ_0050580,2907,0
hsa_circ_0005087,1175,0
MIMAT0005293,5282350,0
MIMAT0004773,60823,1
MIMAT0003726,6410,1
MIMAT0000225,3386,0
MIMAT0019864,162282,0
MIMAT0000264,30323,1
728207,31703,0
MIMAT0000366,9444,0
MIMAT0003227,6197,0
100132529,54671203,0
hsa_circ_0000237,5641,0
MIMAT0014023,47725,0
MIMAT0004956,65348,0
hsa_circ_0089863,15951529,1
MIMAT0003318,644241,0
MIMAT0015336,171548,0
MIMAT0015343,31703,0
55000,1207,0
MIMAT0015002,56649450,0
MIMAT0000128,8490,1
231,6115,0
5937,5206,0
hsa_circ_0007326,3103,0
MIMAT0000062,64971,0
hsa_circ_0089652,5865,0
101928509,4624,0
MIMAT0000722,5994,1
100874343,462382,0
MIMAT0019337,64971,0
MIMAT0003388,442793,0
440028,5280448,0
MIMAT0004538,222757,0
hsa_circ_0068697,445154,0
MIMAT0000671,2520,0
MIMAT0000256,6197,0
MIMAT0006767,54454,0
101929023,11433190,0
MIMAT0000797,657237,0
100129534,210332,0
MIMAT0015357,24268,1
MIMAT0003310,36314,1
MIMAT0004764,5206,0
hsa_circ_0001278,24978538,0
MIMAT0003290,208908,0
hsa_circ_0026143,5359268,0
MIMAT0003221,210332,0
MIMAT0004775,667639,0
MIMAT0002174,5281614,0
MIMAT0000803,15939,0
MIMAT0001080,445858,1
101927480,77999,0
100506797,37542,0
MIMAT0000445,91820602,1
MIMAT0000973,31703,0
MIMAT0005628,446220,0
MIMAT0003179,5073,0
MIMAT0000167,24497,0
MIMAT0000219,16078949,1
MIMAT0001367,42890,0
MIMAT0000842,2907,0
MIMAT0000582,6057,0
MIMAT0000596,123631,0
MIMAT0001852,8029,0
MIMAT0002881,5035,0
103752588,11228183,0
MIMAT0000934,2907,0
MIMAT0019017,60750,1
MIMAT0015052,6279,0
MIMAT0003307,5743,0
hsa_circ_0000500,667639,0
MIMAT0000070,24360,1
100874058,6918837,0
MIMAT0000100,444732,1
MIMAT0004828,16132265,0
MIMAT0002852,36314,1
MIMAT0000417,712,1
MIMAT0000135,5281004,1
MIMAT0001364,5282350,0
MIMAT0001289,74483,1
MIMAT0001793,5310940,0
MIMAT0000674,5288826,0
MIMAT0004687,60750,1
100287498,1674,0
728613,72304,0
MIMAT0003270,54671203,0
MIMAT0025412,11953817,0
100132103,6013,0
MIMAT0000085,712,1
MIMAT0004284,2662,0
101927174,11635763,0
MIMAT0003469,5281614,0
hsa_circ_0036056,702,0
MIMAT0000265,53232,0
MIMAT0000819,6197,0
MIMAT0000427,31703,1
hsa_circ_0008926,23973,0
641516,5865,0
MIMAT0006700,3496,0
MIMAT0004809,65110,0
100507127,222528,0
MIMAT0000588,5281004,0
MIMAT0003382,3019,0
MIMAT0005460,5360373,0
hsa_circ_0018652,37542,0
MIMAT0003290,5206,0
100287216,210332,0
MIMAT0003741,11953817,0
MIMAT0001781,21633059,0
MIMAT0004934,5280896,0
MIMAT0004513,25244711,0
MIMAT0002176,5746,1
MIMAT0004978,60750,1
MIMAT0004579,9444,0
100129781,5459308,0
MIMAT0000813,11228183,0
MIMAT0000855,60198,0
MIMAT0000747,9915743,0
100507053,6857599,0
646576,108065,0
MIMAT0019796,10621,0
hsa_circ_0011462,11626560,0
hsa_circ_0001849,6041,0
MIMAT0004565,2733,0
MIMAT0000298,638278,0
MIMAT0000776,107985,0
hsa_circ_0008087,10635,0
hsa_circ_0079166,5283344,0
MIMAT0004507,71496458,0
25812,5212,0
100130889,2767,1
MIMAT0005913,2236,0
MIMAT0009834,667639,0
440993,544,0
MIMAT0000098,60750,1
hsa_circ_0003489,5951,0
hsa_circ_0087063,5073,0
MIMAT0001339,2723601,0
MIMAT0013988,5280951,0
26220,3103,0
hsa_circ_0063305,47936,0
MIMAT0001364,5950,0
MIMAT0004721,4946,1
MIMAT0004224,5280360,0
MIMAT0000069,444795,1
100499405,265237,0
104326188,5793,0
MIMAT0000529,44259,0
MIMAT0000445,25227436,1
728192,123631,1
MIMAT0004508,4212,0
hsa_circ_0008382,15951529,1
MIMAT0005903,6253,0
hsa_circ_0009582,60198,0
MIMAT0007400,5790,0
hsa_circ_0026512,5288826,0
MIMAT0003729,9826528,0
286150,544,0
MIMAT0004871,6013,0
MIMAT0000187,5318517,0
MIMAT0000723,5282350,0
MIMAT0003737,5288209,0
MIMAT0002805,93004,0
MIMAT0004585,145858,0
MIMAT0016916,4624,0
hsa_circ_0005855,7222,0
MIMAT0003248,60823,1
653190,65015,0
MIMAT0000423,5280795,0
hsa_circ_0001497,2723601,0
hsa_circ_0000763,8378,0
MIMAT0002826,2733526,1
hsa_circ_0009577,5641,0
MIMAT0000417,31703,1
MIMAT0001849,9898279,0
100499489,2375,0
MIMAT0014048,3496,1
100996266,1175,0
MIMAT0000210,5359268,0
MIMAT0001761,4829,0
728207,5310940,0
MIMAT0000268,60750,1
hsa_circ_0027491,3117,0
MIMAT0000728,5950,0
MIMAT0005904,36462,0
641518,446556,0
MIMAT0018961,261000,0
hsa_circ_0075896,60823,0
MIMAT0002882,6197,0
MIMAT0000254,5352624,1
MIMAT0003495,47318,0
MIMAT0000387,9931953,0
hsa_circ_0062545,5816,0
MIMAT0019699,1832,0
hsa_circ_0059880,10836,0
MIMAT0018961,5950,0
MIMAT0014817,64971,0
MIMAT0000209,46843772,0
MIMAT0004825,122724,0
101929152,6076,0
MIMAT0004489,3902,0
MIMAT0004921,5284373,0
MIMAT0000253,2733526,1
MIMAT0000069,38904,1
55384,36314,1
MIMAT0000717,5755,0
MIMAT0000445,444732,1
hsa_circ_0003247,60606,0
MIMAT0004660,443586,1
hsa_circ_0003373,2353,0
MIMAT0002822,2767,1
MIMAT0000099,5222465,1
MIMAT0005909,5951,0
MIMAT0002873,5793,1
MIMAT0015143,11226684,0
MIMAT0000263,2767,1
hsa_circ_0000500,65348,0
hsa_circ_0058058,148124,0
643827,31703,0
MIMAT0019936,657237,0
MIMAT0018997,5280343,0
MIMAT0003881,10621,0
MIMAT0001724,5288826,0
MIMAT0000090,2733526,1
MIMAT0003221,1983,0
hsa_circ_0009043,123596,0
MIMAT0004531,104758,0
MIMAT0004733,8029,1
hsa_circ_0001974,5212,0
105379054,5394,1
MIMAT0000423,60750,1
115804232,97226,0
MIMAT0003218,6279,0
MIMAT0000438,31703,1
hsa_circ_0023115,15951529,1
hsa_circ_0056790,24360,0
MIMAT0013990,5280343,0
MIMAT0003286,9915743,0
hsa_circ_0001440,451668,0
MIMAT0004185,47289,0
hsa_circ_0000792,261000,0
MIMAT0001095,689043,0
hsa_circ_0000519,5352624,0
MIMAT0000372,443586,1
MIMAT0026473,14403,0
8434,5280795,0
MIMAT0001080,31703,1
MIMAT0000247,285033,0
hsa_circ_0085923,15951529,1
MIMAT0003299,54670067,1
MIMAT0003752,5789,0
MIMAT0000646,2907,1
MIMAT0001820,449171,0
MIMAT0000383,5288209,0
MIMAT0002821,31703,1
MIMAT0000613,5280360,0
MIMAT0019074,439530,0
hsa_circ_0082140,3117,0
100505839,31703,0
MIMAT0003393,6106,0
MIMAT0005285,208908,0
MIMAT0005339,5352624,0
hsa_circ_0007333,5280360,0
hsa_circ_0004636,24497,0
MIMAT0019756,47725,0
MIMAT0005300,16132265,1
MIMAT0014989,6076,0
MIMAT0019022,5280961,0
hsa_circ_0051908,5381226,0
MIMAT0001733,60953,0
643911,31703,1
MIMAT0004500,6076,0
MIMAT0004603,123631,1
MIMAT0004739,387447,0
MIMAT0019074,5997,0
MIMAT0005442,784,0
MIMAT0003232,712,0
MIMAT0019713,1176,0
MIMAT0004603,54680783,0
MIMAT0000198,3019,0
hsa_circ_0050119,122724,0
100505738,5746,0
MIMAT0002830,53232,0
MIMAT0000423,135403648,1
MIMAT0005792,5212,0
hsa_circ_0007769,442793,0
hsa_circ_0074595,969516,0
MIMAT0003381,5757,1
100996266,5281811,0
MIMAT0015057,119307,1
MIMAT0000592,5459308,0
100507466,24268,0
MIMAT0000442,44631912,0
3169,23973,0
MIMAT0007885,123596,0
MIMAT0003459,15,0
MIMAT0002834,3385,1
51773,49803145,0
MIMAT0002825,10635,0
988,208908,0
102723968,4158,0
MIMAT0000366,4946,0
MIMAT0004720,6076,0
hsa_circ_0002961,445434,0
hsa_circ_0006873,28486,0
MIMAT0000899,5865,0
MIMAT0000733,442972,0
MIMAT0005924,60606,0
MIMAT0003130,285033,0
hsa_circ_0003605,15951529,1
MIMAT0014007,3028194,0
MIMAT0003271,10836,0
55000,2767,1
hsa_circ_0011385,451668,0
MIMAT0004603,2767,1
hsa_circ_0080576,222528,0
54838,5994,0
MIMAT0013991,11953817,0
MIMAT0015078,5360373,0
hsa_circ_0000315,12967,0
hsa_circ_0001147,15951529,1
MIMAT0013991,24268,1
112267897,455658,0
MIMAT0001095,5359268,0
MIMAT0000416,2375,1
hsa_circ_0003315,5281811,0
hsa_circ_0001599,4641,0
hsa_circ_0043469,5281811,0
hsa_circ_0000102,31703,0
MIMAT0000063,36462,1
MIMAT0018941,6918837,0
MIMAT0004974,31703,1
MIMAT0000432,31703,1
hsa_circ_0001811,2995,0
hsa_circ_0000008,176870,0
MIMAT0002874,31703,1
102723968,2733,0
MIMAT0003478,2236,0
MIMAT0000226,162282,1
hsa_circ_0092289,23725625,0
hsa_circ_0002153,3345,0
100132677,23973,0
MIMAT0042989,60750,1
hsa_circ_0004851,5959,0
hsa_circ_0076155,36462,0
MIMAT0001775,74483,1
MIMAT0000208,5746,0
MIMAT0002850,12967,0
MIMAT0013991,5793,0
MIMAT0000655,5283344,0
MIMAT0001273,11707110,0
MIMAT0004614,14888,1
MIMAT0000067,451668,1
MIMAT0005633,790,0
hsa_circ_0002654,126941,1
MIMAT0005460,10621,1
MIMAT0004536,16078949,1
MIMAT0013987,5281708,0
MIMAT0001638,36462,0
MIMAT0000898,6197,0
hsa_circ_0071196,119307,0
MIMAT0000273,5310940,1
MIMAT0004704,21109,0
hsa_circ_0001545,5280453,0
MIMAT0015144,1548943,0
MIMAT0003396,21109,0
MIMAT0013982,1674,0
10517,5282350,0
MIMAT0026620,969516,1
MIMAT0016858,71496458,0
hsa_circ_0001573,46843772,0
344887,24268,0
MIMAT0014031,4033,0
hsa_circ_0076155,97226,0
MIMAT0000455,241,1
MIMAT0000787,1983,0
100506274,2578,0
MIMAT0005867,42113,0
hsa_circ_0005004,15625,0
MIMAT0000589,5943,1
MIMAT0004604,123865,0
MIMAT0018184,208908,0
MIMAT0005827,124886,0
MIMAT0002859,4091,0
hsa_circ_0002590,36314,0
MIMAT0000795,11707110,0
MIMAT0001639,5311,1
MIMAT0015174,6041,0
MIMAT0000064,5881,0
115804232,452548,0
MIMAT0000853,53232,0
MIMAT0015077,119307,0
MIMAT0003172,108065,1
MIMAT0000062,712,1
MIMAT0000860,148124,0
hsa_circ_0002402,444795,0
MIMAT0004845,443586,1
hsa_circ_0001278,47289,0
MIMAT0003248,702,0
hsa_circ_0040188,11635763,0
MIMAT0004596,104758,0
55384,2907,1
hsa_circ_0017643,36314,0
MIMAT0003318,2767,1
MIMAT0004946,4212,0
MIMAT0000241,444732,0
MIMAT0000385,104746,0
hsa_circ_0063329,13342,0
MIMAT0002847,10635,0
hsa_circ_0001372,5284373,0
MIMAT0000384,5311,0
hsa_circ_0001887,25183872,0
389023,156413,0
MIMAT0019963,2187,0
MIMAT0004498,644241,0
103344930,3488,0
MIMAT0003243,444254,0
MIMAT0048134,2662,0
hsa_circ_0049587,54670067,0
MIMAT0009977,387447,0
440028,5280343,0
MIMAT0017015,449171,0
MIMAT0001863,135403648,0
101927477,5394,1
MIMAT0001538,64971,0
MIMAT0000821,6440495,1
MIMAT0004762,43815,0
MIMAT0000073,451668,1
101927934,8029,0
MIMAT0003330,5793,1
MIMAT0007401,31703,1
MIMAT0000771,5035,0
MIMAT0005853,138374198,0
hsa_circ_0040792,5978,0
105379407,25262965,0
hsa_circ_0070520,54680783,0
hsa_circ_0040792,448537,0
MIMAT0000707,36314,1
MIMAT0004954,16741,0
MIMAT0015079,544,0
hsa_circ_0006913,5280951,0
2310,24268,0
hsa_circ_0001386,5943,0
MIMAT0000429,5280448,0
MIMAT0000154,2336,1
100130935,5959,0
MIMAT0002880,60750,1
MIMAT0000884,171548,0
MIMAT0019938,25244711,0
MIMAT0001412,60750,1
MIMAT0003118,2353,0
MIMAT0000682,6857599,0
MIMAT0000387,6857599,0
MIMAT0002174,5994,0
MIMAT0003288,3071,0
MIMAT0014817,6037,0
MIMAT0000612,5288209,0
hsa_circ_0042459,11707110,0
MIMAT0000760,6857599,1
MIMAT0000314,89594,1
hsa_circ_0001821,2051,0
MIMAT0002109,3121,1
MIMAT0005458,5462222,0
MIMAT0017141,14403,0
MIMAT0000790,1674,1
MIMAT0000762,3385,1
MIMAT0000582,210332,1
hsa_circ_0006491,11626560,0
MIMAT0004613,5793,1
MIMAT0000670,5284616,1
100132529,222528,0
MIMAT0001722,3652,0
hsa_circ_0047253,14888,0
MIMAT0035719,5281708,0
100130581,5359268,0
MIMAT0004556,9700,0
hsa_circ_0004032,5743,0
hsa_circ_0000285,7222,0
hsa_circ_0018652,5997,0
MIMAT0000818,10836,0
MIMAT0000138,5361,0
hsa_circ_0065384,56842234,0
MIMAT0000802,222757,1
MIMAT0018110,60750,1
MIMAT0019719,5284616,0
MIMAT0004656,3902,0
MIMAT0000242,5959,0
MIMAT0042989,162282,0
hsa_circ_0071106,24821094,0
MIMAT0000089,444732,1
MIMAT0004903,5755,0
MIMAT0000813,3779,1
MIMAT0001827,2336,0
MIMAT0003948,3220,0
MIMAT0000796,56649450,0
MIMAT0000093,24497,1
hsa_circ_0001449,2375,0
MIMAT0019938,31101,0
hsa_circ_0074930,5462222,0
MIMAT0019926,17754356,0
MIMAT0000165,445434,0
MIMAT0000904,210332,0
MIMAT0005443,141643,0
MIMAT0003189,3690,0
hsa_circ_0059880,11556711,0
100507500,77999,0
MIMAT0006789,5280453,0
MIMAT0001278,74483,1
101752399,5943,0
hsa_circ_0041252,442793,0
MIMAT0003286,9700,0
hsa_circ_0035482,5281614,0
100132891,2520,0
101928399,5538,0
MIMAT0005793,2767,1
MIMAT0002111,444795,0
MIMAT0000515,5793,1
hsa_circ_0034682,5283344,0
MIMAT0004558,4033,0
MIMAT0000455,5310940,1
MIMAT0011432,969516,0
MIMAT0004777,104746,0
hsa_circ_0002782,123631,0
MIMAT0011432,3019,0
8434,5360373,0
MIMAT0000082,3385,1
MIMAT0005921,6076,0
MIMAT0005625,49803145,0
102723354,2353,0
MIMAT0004800,448013,0
255812,24759,0
440028,24497,0
hsa_circ_0000763,5743,0
MIMAT0016863,11433190,0
MIMAT0003122,60823,0
MIMAT0004548,9915743,0
3169,4943,0
hsa_circ_0042435,1110,0
MIMAT0003782,8029,0
MIMAT0000541,5997,0
MIMAT0003130,43815,0
MIMAT0000371,216326,0
MIMAT0000432,446220,0
101752399,5746,0
MIMAT0004621,74483,0
hsa_circ_0039216,667639,0
MIMAT0004696,3386,0
MIMAT0019879,24268,0
MIMAT0004907,4641,0
MIMAT0004513,6076,0
MIMAT0004482,10621,0
hsa_circ_0005730,43815,0
MIMAT0000451,5743,1
MIMAT0015197,7222,0
MIMAT0005878,5280951,0
MIMAT0003121,5743,1
MIMAT0003294,16741,0
MIMAT0001279,74483,1
hsa_circ_0029345,2733526,0
MIMAT0001830,5280343,0
MIMAT0000229,17754356,0
MIMAT0000097,3229,1
651053,122724,0
105375401,3345,0
MIMAT0003339,104746,0
MIMAT0000616,4946,0
hsa_circ_0001147,9898279,0
100506866,5280445,0
hsa_circ_0034682,439260,0
MIMAT0015001,3345,0
MIMAT0014024,17754356,0
MIMAT0000884,387447,0
29797,2995,0
MIMAT0018937,123865,0
MIMAT0000253,712,1
MIMAT0004723,6440495,1
MIMAT0004812,636397,0
MIMAT0014988,222528,0
MIMAT0003487,108065,0
hsa_circ_0000525,5459308,0
MIMAT0000449,5746,1
hsa_circ_0005415,985,0
105378992,5280795,0
MIMAT0001267,6013,0
MIMAT0005456,60823,0
hsa_circ_0000457,135403648,0
101928978,712,0
8418,10184653,0
MIMAT0004896,65110,0
100126793,5284373,0
MIMAT0016895,42611257,0
581,21109,0
hsa_circ_0007245,6036,0
MIMAT0003247,712,1
MIMAT0000891,3779,1
hsa_circ_0001449,5280445,0
hsa_circ_0000742,784,0
MIMAT0019730,6013,0
MIMAT0004542,42611257,0
hsa_circ_0000742,3345,0
hsa_circ_0062545,77999,0
MIMAT0000705,1207,0
MIMAT0019762,119307,0
MIMAT0000533,1110,0
MIMAT0000541,104741,0
MIMAT0000887,5329102,0
MIMAT0000555,969516,1
101927021,11226684,0
hsa_circ_0008896,11953817,0
hsa_circ_0071174,15951529,1
MIMAT0003258,89594,1
MIMAT0000236,985,0
104326188,23725625,0
MIMAT0000790,16197265,0
100885779,9898279,0
MIMAT0002849,171548,0
100505929,8378,0
MIMAT0001370,241,0
MIMAT0003325,16741,0
MIMAT0004538,5284373,0
MIMAT0003324,10621,0
hsa_circ_0006131,6089,0
MIMAT0015068,25262965,0
hsa_circ_0006913,5329102,0
hsa_circ_0001235,2236,0
hsa_circ_0008702,5222465,0
MIMAT0004522,5641,0
hsa_circ_0075736,65015,0
hsa_circ_0043632,44631912,0
102725045,210332,0
MIMAT0018443,5281811,0
100507500,24268,0
401898,6197,0
MIMAT0000579,122724,0
MIMAT0014002,3007,0
MIMAT0002837,53232,0
MIMAT0019938,4095,0
MIMAT0007869,5311,0
MIMAT0004593,2767,0
100130935,216239,0
100126299,5746,0
hsa_circ_0036750,3019,0
MIMAT0000257,5280360,0
100126299,14888,0
hsa_circ_0001311,3229,0
MIMAT0000526,6036,1
MIMAT0000439,261004,1
hsa_circ_0060733,5280360,0
MIMAT0016900,93004,0
MIMAT0004976,4033,0
hsa_circ_0006004,6253,0
MIMAT0019958,6468,0
hsa_circ_0087400,60606,0
MIMAT0001734,446556,0
MIMAT0000769,15951529,0
389023,5789,0
MIMAT0003269,31703,1
MIMAT0018078,6115,0
MIMAT0000748,445858,0
hsa_circ_0000873,253602,0
MIMAT0004929,123596,0
MIMAT0001849,443586,0
619455,1130,0
MIMAT0005456,5793,1
MIMAT0000163,36462,0
389634,162282,0
hsa_circ_0011245,5318517,0
MIMAT0000653,222528,0
MIMAT0000510,448537,1
MIMAT0000092,31703,1
MIMAT0004773,60838,1
hsa_circ_0008618,5073,0
MIMAT0004704,4091,0
MIMAT0000650,47725,0
MIMAT0003487,60780,0
115804232,6918837,0
9950,6857599,1
MIMAT0001813,702,1
MIMAT0019878,4891,0
hsa_circ_0008359,65015,0
100996301,5282350,0
MIMAT0000279,6857599,1
MIMAT0001725,445858,0
MIMAT0000728,77999,0
MIMAT0000872,9949648,0
MIMAT0002876,5280453,0
hsa_circ_0059216,5538,0
hsa_circ_0000521,148124,0
MIMAT0000248,5381226,0
MIMAT0014988,2767,1
MIMAT0000378,5757,0
101927220,5394,1
MIMAT0000884,3385,0
hsa_circ_0001372,15951529,1
MIMAT0005340,448537,0
MIMAT0001339,6468,0
MIMAT0004902,24288,0
MIMAT0015173,25227436,0
MIMAT0001095,9804992,0
100507127,60750,0
MIMAT0006584,6410,0
MIMAT0000096,10184653,0
hsa_circ_0000714,15951529,1
100287498,6857599,1
MIMAT0015052,42890,0
MIMAT0000415,1983,0
MIMAT0015042,462382,0
MIMAT0004929,5288209,0
MIMAT0014817,91820602,0
MIMAT0003893,210332,1
MIMAT0000145,1673,0
MIMAT0000236,3496,0
MIMAT0016913,38904,1
MIMAT0004599,6918289,0
MIMAT0007884,5310940,1
MIMAT0000220,5291,0
hsa_circ_0047253,5360373,0
hsa_circ_0000881,24288,0
hsa_circ_0000030,54670067,0
MIMAT0017988,56842234,0
100874041,6857599,1
101928509,5394,1
MIMAT0019893,60750,1
hsa_circ_0000919,3386,0
MIMAT0016858,2723601,0
MIMAT0009447,5460341,0
MIMAT0003338,122724,0
MIMAT0001859,2578,0
hsa_circ_0006392,15951529,1
MIMAT0004930,21633059,0
MIMAT0000562,5743,1
MIMAT0000075,790,0
MIMAT0004930,6279,0
647946,5394,1
MIMAT0002842,73581,0
MIMAT0000762,445858,0
MIMAT0001764,74483,1
100505881,2051,0
MIMAT0000369,16741,1
MIMAT0005327,9949648,0
MIMAT0000141,138374198,0
MIMAT0003234,2520,1
6866,1832,0
hsa_circ_0003738,896,0
100505530,5394,1
hsa_circ_0040466,6918837,0
MIMAT0003152,5757,1
MIMAT0002875,3101,0
hsa_circ_0008771,5283344,0
MIMAT0000168,138374198,0
MIMAT0000151,445154,0
173401,261000,0
MIMAT0000582,16741,1
MIMAT0000064,5978,1
MIMAT0019929,544,0
hsa_circ_0005272,15951529,1
MIMAT0003244,6279,0
MIMAT0003278,5288209,0
6290,5280453,0
MIMAT0000725,9547215,0
101928161,64971,0
643733,6001,0
100507500,24978538,0
MIMAT0004798,9064,0
MIMAT0000212,2187,0
MIMAT0000271,5310940,1
23612,5288209,0
hsa_circ_0001386,2353,0
hsa_circ_0058361,65015,0
MIMAT0001268,5950,0
101927480,42890,0
MIMAT0000449,5755,1
100505738,42113,0
MIMAT0015036,387447,0
MIMAT0000738,15939,0
hsa_circ_0005086,25244711,0
MIMAT0003179,5280448,0
6093,13089,0
MIMAT0015343,24268,1
MIMAT0003270,4091,0
MIMAT0000248,12967,0
MIMAT0012734,5959,0
hsa_circ_0006935,5280360,0
MIMAT0001863,16132265,0
MIMAT0019776,1110,0
MIMAT0000639,13342,0
100506668,16132265,0
hsa_circ_0030724,5281708,0
hsa_circ_0003908,5288209,0
hsa_circ_0033149,5459308,0
MIMAT0000510,451668,1
MIMAT0019772,4829,0
MIMAT0000098,47725,1
MIMAT0000449,5280795,1
MIMAT0000711,3345,1
MIMAT0000891,261004,0
hsa_circ_0000458,6197,0
MIMAT0018085,74483,0
MIMAT0015027,36314,1
MIMAT0022834,122724,0
MIMAT0002173,442972,0
MIMAT0000065,36314,1
MIMAT0005336,60780,0
MIMAT0000063,5310940,1
MIMAT0005572,119307,1
MIMAT0014025,53232,0
hsa_circ_0012673,5280343,0
100144603,4091,0
MIMAT0003896,3690,0
MIMAT0001809,5959,0
hsa_circ_0044907,5994,0
MIMAT0001424,6505803,0
100506860,60750,0
100009613,446220,0
MIMAT0026558,5352624,0
MIMAT0005595,1110,0
MIMAT0000793,5743,1
hsa_circ_0016123,10635,0
MIMAT0012735,4095,0
MIMAT0001627,5310940,1
MIMAT0000424,5310940,1
MIMAT0003214,54671203,0
MIMAT0000279,104741,1
hsa_circ_0012673,36314,0
hsa_circ_0042359,11556711,0
158381,74483,0
hsa_circ_0079262,123865,0
hsa_circ_0072567,1175,0
100289255,25227436,0
hsa_circ_0005855,24821094,0
5728,2733,0
MIMAT0000445,44631912,1
MIMAT0003290,31703,1
MIMAT0004773,444732,1
MIMAT0000075,8490,0
MIMAT0004876,9898279,0
MIMAT0005951,2767,1
MIMAT0000231,2907,0
hsa_circ_0001122,42890,0
MIMAT0000831,54670067,0
55000,65015,0
51716,5460341,0
MIMAT0014004,44259,0
MIMAT0000900,77999,0
MIMAT0001794,265237,0
hsa_circ_0000792,4158,0
MIMAT0000272,712,1
MIMAT0026473,5789,0
MIMAT0004578,71496458,0
643827,451668,0
MIMAT0004870,4641,0
hsa_circ_0002955,3229,0
100873998,91466,0
728463,104842,0
MIMAT0014001,446220,0
100144597,446220,0
MIMAT0005794,65015,0
26058,16741,0
100271075,24360,0
hsa_circ_0064808,2733526,0
MIMAT0000851,444254,1
111216284,23939,0
5610,2244,0
100505592,5793,0
hsa_circ_0030999,171548,0
MIMAT0004517,10635,0
hsa_circ_0000255,6057,0
hsa_circ_0005741,107985,0
MIMAT0005966,138374198,0
MIMAT0000278,60823,1
hsa_circ_0022383,15951529,1
hsa_circ_0050581,54454,0
MIMAT0000231,91820602,1
hsa_circ_0022963,15951529,1
MIMAT0007864,9064,0
MIMAT0000073,9804992,1
MIMAT0005523,162282,0
hsa_circ_0008016,11433190,0
100129075,5790,0
MIMAT0003497,60852,0
MIMAT0001876,16197265,0
MIMAT0018356,25227436,0
MIMAT0000067,2520,1
hsa_circ_0000323,5462222,0
MIMAT0000596,638278,0
hsa_circ_0002089,104741,0
MIMAT0000539,5743,1
MIMAT0003515,16078949,0
MIMAT0003340,60750,1
101927136,5816,0
MIMAT0003896,3386,0
MIMAT0009451,16132265,0
MIMAT0000255,5755,1
100507056,5280360,0
MIMAT0016878,644241,0
MIMAT0002821,5310940,1
MIMAT0000270,3071,0
MIMAT0016876,123596,0
MIMAT0004482,448537,0
MIMAT0018943,60750,1
MIMAT0000218,10635,0
MIMAT0000249,60198,0
MIMAT0018971,60700,0
MIMAT0000987,122634,0
hsa_circ_0001449,6106,0
MIMAT0000187,16741,0
MIMAT0000246,29327,1
23513,60823,0
hsa_circ_0084727,5951,0
hsa_circ_0000199,6505803,0
MIMAT0003313,41867,0
MIMAT0000523,667639,0
hsa_circ_0003489,5073,0
MIMAT0002868,31703,1
MIMAT0005799,16741,0
MIMAT0001816,15,0
MIMAT0003336,9915743,0
MIMAT0000429,119307,1
646626,2733,0
hsa_circ_0001497,452548,0
MIMAT0000271,442428,1
MIMAT0005876,25244711,0
MIMAT0015329,265237,0
115804232,10621,0
MIMAT0003948,72301,0
MIMAT0024618,448013,0
MIMAT0026739,1207,0
392232,5394,1
MIMAT0003244,5538,0
MIMAT0015022,9700,0
MIMAT0004365,439530,0
hsa_circ_0070520,15951529,1
MIMAT0004450,6036,0
MIMAT0014006,5950,0
102467147,25244711,0
MIMAT0000690,5978,1
MIMAT0004841,10836,0
100996246,6167,0
55165,17754356,0
MIMAT0023623,54680783,0
643733,108065,0
hsa_circ_0009732,5789,0
hsa_circ_0042444,72301,0
MIMAT0002830,5793,1
MIMAT0000073,5978,1
hsa_circ_0062865,9898279,0
MIMAT0003189,24360,0
100132103,11228183,0
MIMAT0000803,5943,1
MIMAT0000212,8490,1
MIMAT0000754,445154,0
MIMAT0000423,442972,1
MIMAT0016866,45266826,0
MIMAT0000250,3229,1
MIMAT0003279,6253,0
MIMAT0004882,5280343,1
MIMAT0001830,229455,0
hsa_circ_0002669,47318,0
MIMAT0001820,73581,0
hsa_circ_0000773,444795,0
MIMAT0000418,712,1
hsa_circ_0044556,31703,1
MIMAT0000123,689043,1
MIMAT0000821,443586,0
MIMAT0005834,3007,0
MIMAT0019904,9444,0
hsa_circ_0075048,43815,0
102724246,3121,0
MIMAT0016878,3385,1
102724927,123631,0
MIMAT0000639,441074,0
MIMAT0000422,3229,1
MIMAT0017017,4091,0
MIMAT0001707,122724,0
MIMAT0000278,2578,1
MIMAT0031893,6089,0
hsa_circ_0042359,5994,0
MIMAT0000618,60750,0
hsa_circ_0064808,6279,0
MIMAT0018083,5950,0
MIMAT0002874,104758,0
hsa_circ_0004851,24268,0
MIMAT0015022,91466,0
hsa_circ_0009360,3220,0
MIMAT0015170,122634,0
MIMAT0019887,3103,0
MIMAT0015065,6037,0
MIMAT0000426,36314,1
645993,446556,0
MIMAT0001268,25262965,0
MIMAT0007888,10184653,0
MIMAT0003291,60750,1
MIMAT0000837,5743,1
hsa_circ_0008896,455658,0
hsa_circ_0000861,54680783,0
MIMAT0003409,3488,0
100507468,445580,0
MIMAT0003150,5394,1
101928858,42611257,0
MIMAT0000271,444732,1
MIMAT0000542,2907,1
MIMAT0005443,5284616,0
MIMAT0000080,60700,1
MIMAT0015113,89594,1
MIMAT0003227,387447,0
hsa_circ_0003315,45266826,0
MIMAT0000457,6001,0
MIMAT0007864,2187,0
101927174,5361,0
MIMAT0001389,5359268,0
MIMAT0000643,444254,0
MIMAT0000872,9700,0
hsa_circ_0001355,5460341,0
MIMAT0015048,5310940,0
MIMAT0000900,5394,0
MIMAT0000099,119307,1
MIMAT0000654,4946,0
115804232,24268,0
MIMAT0004555,24497,0
MIMAT0011161,44631912,0
MIMAT0000646,1983,1
MIMAT0000378,37542,0
MIMAT0026719,5284616,0
MIMAT0019046,449171,0
MIMAT0000855,156413,0
MIMAT0004556,1207,0
51716,31703,0
MIMAT0018083,31101,0
MIMAT0001389,11635763,0
MIMAT0003455,9804992,0
MIMAT0004587,790,0
hsa_circ_0031288,156413,0
MIMAT0005791,24180719,0
MIMAT0003280,443586,0
hsa_circ_0068464,54680783,0
MIMAT0004958,5281811,0
101926978,107985,0
MIMAT0016918,36314,1
4976,6857599,1
MIMAT0004489,5793,0
MIMAT0002819,6918289,0
MIMAT0017282,5280951,0
MIMAT0003233,5459308,0
MIMAT0003163,60823,1
100507540,3006531,0
100132707,3385,0
MIMAT0000703,5865,0
MIMAT0018993,5280453,0
MIMAT0000728,91820602,1
MIMAT0019827,3385,1
MIMAT0003279,37542,0
MIMAT0000519,119104,0
MIMAT0001734,145858,0
MIMAT0003122,42611257,0
100126793,6505803,0
MIMAT0000681,9700,0
hsa_circ_0059216,253602,0
101929719,4641,0
hsa_circ_0001147,60606,0
MIMAT0005939,60606,0
101927043,11556711,0
23410,104741,0
103752588,985,0
MIMAT0002809,2767,1
hsa_circ_0005354,25244711,0
102724571,2995,0
MIMAT0003301,5997,1
MIMAT0002112,210332,1
MIMAT0015342,2733526,0
MIMAT0000385,442428,1
hsa_circ_0004964,5865,0
hsa_circ_0041523,5311,0
MIMAT0001366,14403,0
MIMAT0000687,216239,0
MIMAT0005860,5994,0
MIMAT0000422,24288,1
MIMAT0004185,65064,0
MIMAT0004795,14888,0
MIMAT0015344,222757,0
MIMAT0003163,261004,0
hsa_circ_0002955,5743,0
MIMAT0002807,261000,0
MIMAT0000131,3345,0
MIMAT0004513,53232,0
MIMAT0005828,60953,0
MIMAT0000872,2907,0
MIMAT0004839,3902,0
MIMAT0004517,123865,0
MIMAT0019834,1983,0
hsa_circ_0003602,11228183,0
MIMAT0000816,6076,0
MIMAT0007888,36462,0
100270980,442972,0
100130717,42890,0
hsa_circ_0009732,9949648,0
MIMAT0003326,2767,1
hsa_circ_0004271,54454,0
MIMAT0004620,3902,0
MIMAT0001884,4033,0
MIMAT0022692,123631,1
MIMAT0000066,16197265,0
728613,44259,0
MIMAT0004955,5280795,1
hsa_circ_0083026,5280343,0
MIMAT0004780,91820602,0
5610,4158,0
MIMAT0001625,24759,0
MIMAT0000062,3229,1
MIMAT0001808,15951529,0
106481742,16132265,0
hsa_circ_0006101,5280896,0
MIMAT0003213,89594,1
MIMAT0000708,5757,1
MIMAT0001863,91820602,0
MIMAT0014025,24268,1
101060542,25227436,0
MIMAT0004770,162282,0
646626,2723601,0
MIMAT0000069,5816,0
MIMAT0006584,24759,0
MIMAT0004531,442428,1
MIMAT0015348,56843276,0
MIMAT0004806,124886,0
MIMAT0006588,11556711,0
105374104,14403,0
MIMAT0015193,5281004,0
MIMAT0000449,2733526,1
MIMAT0000143,5280795,0
MIMAT0001785,13342,0
MIMAT0014009,6106,0
MIMAT0003879,17754356,0
MIMAT0004639,439530,0
MIMAT0003265,5281929,0
MIMAT0001822,6410,0
MIMAT0000155,261000,0
MIMAT0003888,5280795,1
MIMAT0003300,5281811,0
MIMAT0000082,148124,1
100507006,8490,0
MIMAT0004810,31401,0
MIMAT0000734,6410,0
MIMAT0015007,60750,1
MIMAT0019762,14403,0
MIMAT0004577,5538,0
hsa_circ_0002782,285033,0
hsa_circ_0000324,2662,0
51716,108065,0
MIMAT0005966,3496,1
MIMAT0005794,36314,1
MIMAT0003309,253602,0
MIMAT0019748,2051,0
728463,5394,1
105372147,60953,0
hsa_circ_0029345,6037,0
101927230,12967,0
MIMAT0019904,5459308,0
MIMAT0001068,3657,0
MIMAT0000904,1673,0
MIMAT0019002,3902,0
hsa_circ_0001518,9949648,0
MIMAT0005914,222757,0
MIMAT0004678,49803145,0
101927934,65110,0
5728,71496458,0
MIMAT0001841,5359268,0
MIMAT0004514,3101,0
MIMAT0001813,60838,0
MIMAT0015041,445154,0
MIMAT0000067,5291,1
100506994,16741,0
643733,5394,1
101805492,23939,0
727896,222757,0
MIMAT0000437,5281811,0
MIMAT0015024,36314,0
100873920,216345,0
MIMAT0000646,3028194,1
MIMAT0003485,108065,1
hsa_circ_0003251,5329102,0
MIMAT0004605,5311,1
MIMAT0000265,11953817,0
MIMAT0003753,5381226,0
MIMAT0000264,3028194,0
MIMAT0004602,712,1
hsa_circ_0000324,229455,0
MIMAT0003407,45266826,0
MIMAT0015136,5394,0
MIMAT0003233,72304,0
MIMAT0005278,5881,0
5654,71496458,0
MIMAT0000230,47289,0
644919,6442177,0
MIMAT0000510,122634,0
MIMAT0000616,8490,1
MIMAT0000085,4158,0
MIMAT0000375,5994,0
100132169,15625,0
MIMAT0018104,60780,0
MIMAT0000176,5280360,0
MIMAT0004918,636397,0
MIMAT0000445,5280453,1
MIMAT0003257,135403648,0
hsa_circ_0058058,445858,0
101927891,97226,0
MIMAT0000243,14888,1
MIMAT0015165,24268,1
MIMAT0015356,122634,0
101928168,5394,1
MIMAT0001848,439530,0
MIMAT0000423,123631,1
MIMAT0002811,16197265,0
MIMAT0000834,689043,0
MIMAT0005863,11226684,0
MIMAT0003500,5284616,0
MIMAT0015076,3345,0
MIMAT0003190,3019,0
hsa_circ_0002971,24759,0
MIMAT0000611,667639,0
MIMAT0019844,9547215,0
MIMAT0015166,210332,0
MIMAT0004978,2767,1
MIMAT0015173,148124,0
MIMAT0003205,5360373,0
MIMAT0000704,16197265,0
MIMAT0000739,6623,0
MIMAT0003725,71496458,0
hsa_circ_0072904,2723601,0
MIMAT0019854,28486,0
101928858,9915743,0
MIMAT0004777,3496,0
MIMAT0015000,7222,0
MIMAT0003880,5280961,0
101929467,176870,0
101927932,176870,0
MIMAT0014999,119307,0
MIMAT0002109,2051,0
MIMAT0000452,24759,0
503637,2353,0
MIMAT0011435,3385,0
MIMAT0001637,16741,1
hsa_circ_0003136,38904,0
hsa_circ_0003550,3117,0
MIMAT0019740,5943,0
MIMAT0001285,162282,0
MIMAT0014008,10621,0
MIMAT0015141,17754356,0
MIMAT0004562,37542,0
MIMAT0003125,108065,0
hsa_circ_0075896,5281708,0
6101,91466,0
MIMAT0019879,5865,0
MIMAT0000820,65064,0
hsa_circ_0000648,54675776,0
MIMAT0000373,5283344,0
MIMAT0016879,5746,1
100130691,60823,0
MIMAT0001805,2187,0
hsa_circ_0051799,6623,0
MIMAT0000451,5288826,1
hsa_circ_0001847,104741,0
MIMAT0003330,6253,0
hsa_circ_0003251,969516,0
MIMAT0015348,5459308,0
MIMAT0000253,442972,1
MIMAT0023622,1130,0
MIMAT0000758,5755,0
MIMAT0000813,24360,0
MIMAT0013992,24268,1
MIMAT0000804,3028194,1
MIMAT0004777,216326,0
hsa_circ_0000044,5816,0
MIMAT0004518,3006531,0
100507053,29327,0
MIMAT0000097,261000,0
100289178,6505803,0
hsa_circ_0066556,21633059,0
MIMAT0001633,6013,0
100506797,2767,1
hsa_circ_0004315,6036,0
hsa_circ_0008539,2723601,0
MIMAT0002832,73581,1
MIMAT0004806,1175,0
54660,54671203,0
MIMAT0015356,3345,0
54436,97226,0
MIMAT0003767,41867,0
100270746,42113,0
hsa_circ_0084606,6279,0
MIMAT0003318,1673,0
MIMAT0014863,3902,0
100652739,5394,1
MIMAT0001365,24360,0
MIMAT0002816,5978,1
100132529,216326,0
MIMAT0015048,5288209,0
hsa_circ_0089371,5310940,0
MIMAT0003466,16741,1
MIMAT0000605,5035,0
MIMAT0002874,451668,0
101926978,60852,0
hsa_circ_0081001,2236,0
MIMAT0000101,444732,1
MIMAT0001279,4891,0
MIMAT0001619,5280448,0
MIMAT0019887,25262965,0
hsa_circ_0001565,36314,1
MIMAT0004886,3121,0
hsa_circ_0000206,56842234,0
MIMAT0000093,36314,1
MIMAT0019851,790,0
hsa_circ_0050055,60953,0
hsa_circ_0022383,6918289,0
MIMAT0035005,60953,0
MIMAT0000231,5793,1
MIMAT0004853,444732,0
hsa_circ_0061107,15951529,1
MIMAT0001729,784,0
MIMAT0003177,6253,0
hsa_circ_0007761,3657,0
MIMAT0004595,4212,0
MIMAT0004567,162282,0
MIMAT0000212,3345,0
MIMAT0004524,9064,1
MIMAT0005922,36314,1
MIMAT0019001,4763,0
MIMAT0000649,108065,1
hsa_circ_0000315,9804992,0
MIMAT0000081,31703,1
hsa_circ_0002874,445580,0
103352670,5394,1
MIMAT0000828,47936,0
hsa_circ_0011571,2336,0
MIMAT0000821,54671203,0
hsa_circ_0037511,9547215,0
MIMAT0000196,442793,0
hsa_circ_0000500,5352624,0
MIMAT0004810,5755,1
MIMAT0000063,5757,1
hsa_circ_0006168,439530,0
MIMAT0000691,2767,1
MIMAT0005867,3071,0
MIMAT0004953,5281929,0
MIMAT0015064,5212,0
MIMAT0003325,1832,0
51427,5281708,0
100130392,31703,0
MIMAT0000426,5311,1
MIMAT0000262,261000,0
MIMAT0004515,5865,1
MIMAT0000065,3117,0
MIMAT0004933,10621,1
MIMAT0000262,387447,1
MIMAT0003216,73581,0
MIMAT0003301,5459308,0
MIMAT0001063,6279,0
MIMAT0002831,31101,0
MIMAT0000211,145858,0
10821,5951,0
hsa_circ_0092289,5280951,0
MIMAT0019069,10184653,0
MIMAT0001809,6440495,0
MIMAT0000825,445580,0
MIMAT0004567,5310940,1
644242,122634,0
MIMAT0020976,16132265,0
100507468,122634,0
100128054,10184653,0
MIMAT0016890,5997,0
MIMAT0004721,5206,0
2149,6857599,1
MIMAT0000904,636397,0
MIMAT0018185,790,0
MIMAT0005291,24360,0
MIMAT0000866,667639,0
MIMAT0000544,60953,0
MIMAT0015068,6036,0
hsa_circ_0005086,460612,0
hsa_circ_0032683,138374198,0
hsa_circ_0022382,5280343,0
MIMAT0001549,6106,0
MIMAT0019732,15939,0
MIMAT0015145,60606,0
hsa_circ_0018652,15951529,1
hsa_circ_0071174,5206,0
MIMAT0001821,208908,0
MIMAT0001807,23973,0
100289255,11635763,0
hsa_circ_0000872,15951529,1
MIMAT0007892,38904,1
MIMAT0000664,222528,0
100131814,448537,0
MIMAT0002874,97226,1
MIMAT0004674,108065,1
51352,5310940,0
MIMAT0004773,31703,1
MIMAT0001285,54454,0
MIMAT0004643,45266826,0
MIMAT0011160,31703,1
MIMAT0019058,122724,0
MIMAT0003409,3763,0
MIMAT0000265,36462,1
MIMAT0000419,13089,1
MIMAT0019838,60750,1
MIMAT0007875,119104,0
100506495,2375,0
MIMAT0005443,4091,0
MIMAT0005883,65064,0
MIMAT0019953,3385,1
hsa_circ_0075402,36462,0
MIMAT0003237,97226,1
MIMAT0003326,5757,1
100996671,5280795,0
MIMAT0000090,6253,1
MIMAT0001761,446556,0
hsa_circ_0063623,9931953,0
MIMAT0002823,3657,0
MIMAT0015344,65015,0
MIMAT0023635,141643,0
MIMAT0000460,448537,1
100128164,49803145,0
hsa_circ_0076413,54671203,0
MIMAT0000103,44631912,0
MIMAT0001783,13342,0
MIMAT0014012,2236,0
MIMAT0000161,171548,0
MIMAT0004639,261004,0
MIMAT0006012,3496,1
MIMAT0000257,148124,1
MIMAT0018000,9064,0
103689912,6410,0
MIMAT0005460,5281929,0
MIMAT0001365,3652,0
MIMAT0000527,3397,0
MIMAT0003474,11953817,0
645954,31101,0
MIMAT0019765,3385,1
MIMAT0000009,3690,0
MIMAT0000451,5329102,1
MIMAT0000429,141643,0
MIMAT0004886,985,0
MIMAT0004550,5310940,1
MIMAT0004838,42611257,0
MIMAT0001037,5641,0
MIMAT0000444,5281929,0
MIMAT0001080,9700,1
101928399,9826528,0
29797,145858,0
102467146,60700,0
MIMAT0000251,2767,1
MIMAT0003338,5291,1
MIMAT0016852,6076,0
MIMAT0001783,5743,0
MIMAT0007887,64971,0
MIMAT0000297,5073,0
101928399,5280343,0
MIMAT0019957,3385,1
MIMAT0001045,176870,0
MIMAT0005877,5281004,0
MIMAT0005591,24759,0
hsa_circ_0005235,4624,0
hsa_circ_0072387,15951529,1
MIMAT0004897,2767,0
101927931,42890,0
MIMAT0001730,11626560,0
MIMAT0001780,6918289,0
255812,460612,0
MIMAT0000730,91466,0
hsa_circ_0003534,6036,0
MIMAT0001372,93004,0
hsa_circ_0000510,261004,0
MIMAT0000415,104842,0
100499467,162282,0
MIMAT0000582,3028194,0
MIMAT0000560,4946,1
100874095,5394,1
MIMAT0000520,5280896,0
MIMAT0001780,5816,0
MIMAT0014007,4891,0
hsa_circ_0084021,210332,0
hsa_circ_0007630,5212,0
MIMAT0002835,31703,1
hsa_circ_0008910,53232,0
MIMAT0000061,2723601,0
hsa_circ_0021506,73581,0
MIMAT0006765,702,0
MIMAT0004596,12967,0
MIMAT0003130,8490,1
hsa_circ_0009654,3345,0
6596,2244,0
MIMAT0000371,443586,1
MIMAT0002823,11626560,0
hsa_circ_0001691,11953817,0
MIMAT0001536,2520,1
MIMAT0000103,36314,1
MIMAT0001582,5281614,0
hsa_circ_0007245,47936,0
MIMAT0000091,25227436,0
MIMAT0002819,5746,1
MIMAT0000736,439530,0
MIMAT0000648,6036,1
hsa_circ_0018440,441074,0
MIMAT0000833,444732,0
MIMAT0003185,60606,0
MIMAT0023617,229455,0
MIMAT0000075,44259,0
100499177,13089,0
MIMAT0000711,2733526,1
hsa_circ_0009004,5282350,0
MIMAT0003237,5284583,0
MIMAT0000571,5280795,0
MIMAT0019798,5978,1
MIMAT0000719,119307,0
MIMAT0000770,5978,1
hsa_circ_0008394,638278,0
MIMAT0003282,2375,0
MIMAT0000164,3690,0
MIMAT0000515,8490,1
MIMAT0019032,6918837,0
MIMAT0003890,16741,1
102724105,16078949,0
101928509,3006531,0
MIMAT0019916,11228183,0
MIMAT0000427,969516,0
hsa_circ_0000524,15951529,1
hsa_circ_0001667,77999,0
6596,122634,0
hsa_circ_0001599,141643,0
MIMAT0000579,60606,0
MIMAT0018091,3385,1
100033431,5394,1
MIMAT0001537,222528,0
MIMAT0005278,5743,1
MIMAT0019074,36314,0
hsa_circ_0058608,439530,0
hsa_circ_0085495,446220,0
100287498,54675776,0
MIMAT0000530,448537,0
hsa_circ_0001171,445154,0
MIMAT0000730,5793,1
MIMAT0004929,445639,0
100506474,56843276,0
MIMAT0000245,5311,0
hsa_circ_0026302,141643,0
MIMAT0003187,114900,0
MIMAT0005877,114900,0
100996259,3386,0
100130717,445858,0
727896,6013,0
MIMAT0006778,60750,0
hsa_circ_0061251,13089,0
MIMAT0000092,2336,1
6093,6167,0
MIMAT0000374,208908,0
MIMAT0003280,2767,1
MIMAT0002864,4943,0
hsa_circ_0013058,6041,0
MIMAT0019022,216239,0
MIMAT0003177,446556,0
MIMAT0003162,261004,0
MIMAT0000812,42890,0
MIMAT0003389,74483,0
MIMAT0004622,56843276,0
MIMAT0000707,5310940,1
MIMAT0000080,60750,1
MIMAT0003376,689043,0
MIMAT0003155,74483,1
MIMAT0001280,3028194,0
100505839,11626560,0
MIMAT0003269,15,0
MIMAT0000087,5281929,0
MIMAT0000838,3345,0
MIMAT0018994,24180719,1
MIMAT0015363,24978538,0
MIMAT0000887,30323,0
MIMAT0000101,644241,0
100506759,8490,0
MIMAT0000670,65110,0
MIMAT0014990,119307,1
MIMAT0000782,210332,0
MIMAT0000254,6857599,1
MIMAT0009448,3397,0
MIMAT0004501,60606,0
MIMAT0004806,49803145,0
MIMAT0001267,5641,0
MIMAT0001887,5280453,0
MIMAT0002863,2767,1
MIMAT0000606,5035,0
221883,2733526,0
MIMAT0003321,24360,0
641638,29327,0
MIMAT0000210,15939,0
MIMAT0003307,5381226,0
hsa_circ_0084727,3488,0
MIMAT0019807,44631912,0
101927391,11228183,0
hsa_circ_0009043,15951529,1
101928858,2244,0
MIMAT0019027,9949648,0
MIMAT0018967,5311,1
ENSG00000255237,9898279,0
MIMAT0019001,42113,0
100505938,3496,0
MIMAT0000240,784,0
MIMAT0000727,54670067,0
MIMAT0004621,3229,0
MIMAT0003307,123596,0
MIMAT0000298,41867,0
hsa_circ_0009004,16078949,0
MIMAT0004911,5790,1
MIMAT0000370,8490,0
MIMAT0003396,1674,0
hsa_circ_0001178,3006531,0
MIMAT0003473,6041,0
hsa_circ_0005415,44259,0
MIMAT0000603,5743,1
MIMAT0000686,60780,1
100507056,446220,0
MIMAT0000074,229455,1
4855,15951529,0
MIMAT0018078,122634,0
103752589,24759,0
MIMAT0000131,8490,1
MIMAT0001863,5746,0
hsa_circ_0047444,444254,0
339005,123631,0
MIMAT0002867,126941,0
MIMAT0001862,5538,0
MIMAT0004911,60838,1
hsa_circ_0000519,1674,0
MIMAT0000157,11953817,0
MIMAT0000718,42890,0
hsa_circ_0086490,25183872,0
11080,123596,0
197187,3763,0
ENSG00000255237,42890,0
MIMAT0000415,460612,0
MIMAT0015359,253602,0
MIMAT0000784,2244,0
MIMAT0019936,6106,0
MIMAT0003159,5222465,0
MIMAT0000233,16741,1
MIMAT0003409,14888,0
hsa_circ_0008223,6013,0
MIMAT0000281,216239,1
646201,5394,1
hsa_circ_0047641,15951529,1
MIMAT0003731,2375,0
hsa_circ_0007551,64971,0
MIMAT0000061,3071,0
MIMAT0003311,21109,0
MIMAT0000104,5288826,1
MIMAT0017141,712,0
hsa_circ_0016123,3385,0
MIMAT0000069,119307,1
MIMAT0000256,444795,1
MIMAT0005797,8378,0
MIMAT0000830,444795,1
MIMAT0019762,5280360,0
MIMAT0018085,11433190,0
MIMAT0003218,439530,0
MIMAT0000077,10635,1
MIMAT0000440,5310940,1
MIMAT0004810,5793,1
MIMAT0003273,2907,0
MIMAT0000067,14888,1
MIMAT0000383,5281614,0
MIMAT0005596,4158,0
MIMAT0001288,74483,1
hsa_circ_0001874,2244,0
MIMAT0004650,702,0
hsa_circ_0057105,164676,0
339192,54675776,0
581,44259,0
hsa_circ_0005418,16741,0
hsa_circ_0008926,60823,0
MIMAT0025412,638278,0
hsa_circ_0063776,36314,1
MIMAT0002864,1130,0
MIMAT0000374,5793,1
hsa_circ_0083092,5329102,0
MIMAT0000885,5641,0
MIMAT0000458,1130,0
hsa_circ_0003550,15951529,1
MIMAT0003214,97226,0
101927931,5284373,0
MIMAT0004683,2723601,0
MIMAT0004631,6057,0
MIMAT0018967,6440495,0
64859,8490,0
MIMAT0000096,97226,1
101927125,23973,0
hsa_circ_0037511,462382,0
MIMAT0004799,60750,1
MIMAT0001724,2336,0
MIMAT0000020,89594,1
MIMAT0000252,47725,1
hsa_circ_0009732,5329102,0
100505929,3121,0
hsa_circ_0003183,64971,0
hsa_circ_0004594,15951529,1
hsa_circ_0001203,3006531,0
25981,15,0
MIMAT0004933,1832,0
hsa_circ_0001772,5282350,0
MIMAT0005945,1832,0
MIMAT0000266,135403648,1
hsa_circ_0000825,15939,0
100131176,3496,0
4855,2244,0
MIMAT0000530,5284616,1
MIMAT0000065,444795,1
MIMAT0000680,5311,1
MIMAT0000592,25262965,0
MIMAT0001849,16132265,0
MIMAT0000076,3121,1
hsa_circ_0027491,6857599,1
hsa_circ_0059914,222528,0
MIMAT0000777,5757,1
MIMAT0019749,11228183,0
MIMAT0004852,896,0
MIMAT0019699,442793,0
MIMAT0000602,25227436,0
MIMAT0000650,5281708,0
MIMAT0000098,42611257,1
hsa_circ_0040188,60750,0
MIMAT0005966,444795,0
hsa_circ_0001278,71496458,0
hsa_circ_0092315,21109,0
MIMAT0002872,5793,1
102724316,6089,0
MIMAT0000251,104842,0
MIMAT0000766,8490,1
101929120,6279,0
MIMAT0000187,657237,0
hsa_circ_0007761,3071,0
hsa_circ_0006004,60852,0
hsa_circ_0004390,15951529,1
MIMAT0004736,5035,0
hsa_circ_0023610,3652,0
MIMAT0004646,6057,0
MIMAT0014013,443586,0
MIMAT0000666,5281004,1
MIMAT0002107,5281004,1
MIMAT0000236,5746,0
MIMAT0003221,9915743,0
MIMAT0004520,1130,0
MIMAT0004650,969516,0
101927102,21633059,0
MIMAT0000559,5073,0
MIMAT0000774,285033,0
MIMAT0000781,25183872,0
MIMAT0000781,452548,0
MIMAT0015172,148124,0
MIMAT0000211,443586,1
hsa_circ_0001278,2236,0
MIMAT0019716,5212,0
MIMAT0006588,5352624,0
MIMAT0015055,657237,0
MIMAT0004736,5281811,0
100129029,23973,0
MIMAT0005572,10635,1
MIMAT0003300,3229,0
MIMAT0004216,47725,0
105375847,5281929,0
100126793,3961,0
MIMAT0007892,216326,0
286333,445858,0
hsa_circ_0008870,8029,0
hsa_circ_0085567,119104,0
MIMAT0003458,15939,0
hsa_circ_0004851,2236,0
100128054,6106,0
MIMAT0005966,14403,0
101928399,2723601,0
MIMAT0004795,65064,0
hsa_circ_0019589,208908,0
hsa_circ_0007990,5790,0
MIMAT0003485,6197,0
MIMAT0000449,5288826,1
MIMAT0001074,16197265,0
hsa_circ_0059216,24288,0
100506930,445639,0
MIMAT0003479,1673,0
MIMAT0000136,60953,0
MIMAT0004584,45266826,0
hsa_circ_0040466,5281811,0
MIMAT0000264,5310940,1
101929645,42113,0
MIMAT0000441,36462,1
MIMAT0000280,444795,1
MIMAT0001779,5978,0
MIMAT0001279,3103,0
MIMAT0000367,54680783,0
MIMAT0000666,5281708,0
100132967,6857599,1
hsa_circ_0043634,54675776,0
MIMAT0004814,16197265,0
100073347,25183872,0
MIMAT0003184,23973,0
MIMAT0000706,1207,0
MIMAT0000414,38904,1
hsa_circ_0005272,5280427,0
MIMAT0018121,5943,0
100033433,9915743,0
MIMAT0035720,65015,0
hsa_circ_0005046,2767,1
MIMAT0005847,9064,0
MIMAT0004877,5280961,0
hsa_circ_0006913,5865,0
MIMAT0004497,11433190,0
MIMAT0002883,3007,0
MIMAT0003180,2767,1
MIMAT0000220,3763,0
MIMAT0000254,3385,1
hsa_circ_0003251,5280343,0
MIMAT0009977,3385,1
MIMAT0004683,446220,0
MIMAT0016879,444732,0
hsa_circ_0005671,2907,0
MIMAT0003256,985,0
hsa_circ_0023249,93004,0
MIMAT0000263,11626560,0
MIMAT0001724,24268,1
100506866,71496458,0
hsa_circ_0002654,36314,0
MIMAT0005887,9804992,0
MIMAT0003470,6410,1
100505881,14888,0
hsa_circ_0000858,1832,0
MIMAT0001701,261004,0
MIMAT0001708,2236,0
MIMAT0015026,1207,0
MIMAT0000075,2733526,1
MIMAT0019758,24759,0
hsa_circ_0000915,11960529,0
MIMAT0004486,104758,0
MIMAT0000080,162282,0
MIMAT0018078,45266826,0
hsa_circ_0007117,25262965,0
5610,449171,0
MIMAT0004678,3007,0
hsa_circ_0000038,5282350,0
MIMAT0000440,148124,1
hsa_circ_0004315,3779,0
MIMAT0000554,16741,0
MIMAT0000100,16078949,0
MIMAT0014998,60852,0
hsa_circ_0037130,60838,0
MIMAT0001028,5460341,0
MIMAT0004928,104758,0
MIMAT0003731,3779,0
hsa_circ_0001275,24180719,0
MIMAT0003512,210332,1
MIMAT0004814,5280360,0
hsa_circ_0063577,5280961,0
hsa_circ_0086779,15951529,1
MIMAT0000278,13342,0
hsa_circ_0050581,5790,0
MIMAT0001785,104741,0
MIMAT0004797,444254,0
MIMAT0000853,123631,0
MIMAT0000728,16132265,0
MIMAT0000765,5978,1
MIMAT0019055,6167,0
hsa_circ_0004594,25244711,0
100506668,636397,0
MIMAT0003464,42611257,0
MIMAT0003378,7222,0
MIMAT0000072,4095,1
MIMAT0019926,2767,0
MIMAT0003221,41867,0
MIMAT0000318,2907,1
hsa_circ_0080975,5755,0
MIMAT0000532,8490,1
29108,54680783,0
MIMAT0000560,5959,0
MIMAT0001633,229455,0
MIMAT0000177,455658,0
MIMAT0000444,31401,0
MIMAT0000074,5994,1
MIMAT0004882,6410,1
hsa_circ_0048856,1110,0
MIMAT0002889,3385,0
MIMAT0019762,3385,1
MIMAT0003882,24288,0
MIMAT0000077,443586,0
MIMAT0000644,6076,0
MIMAT0000798,31703,0
MIMAT0000065,3385,1
100130691,222757,0
MIMAT0003216,5746,0
MIMAT0000416,3121,0
MIMAT0014990,9826528,0
MIMAT0004751,6410,0
MIMAT0000066,2767,1
MIMAT0019059,60606,0
MIMAT0019926,3385,1
MIMAT0000824,25183872,0
MIMAT0001810,77999,0
MIMAT0003738,65110,0
hsa_circ_0008539,15951529,1
MIMAT0001028,4033,0
hsa_circ_0081001,5743,0
MIMAT0045392,216345,0
MIMAT0003485,41867,0
hsa_circ_0001235,9931953,0
hsa_circ_0003183,5318517,0
MIMAT0019776,5360373,0
101928880,5284616,0
MIMAT0003382,444254,1
101927174,5746,0
100130935,43815,0
26220,65064,0
hsa_circ_0008702,1983,0
MIMAT0002170,5994,1
hsa_circ_0007031,261000,0
MIMAT0000228,5281811,0
MIMAT0003896,5281004,1
392232,452548,0
103344930,6001,0
MIMAT0000139,5816,0
hsa_circ_0042200,285033,0
hsa_circ_0086694,253602,0
MIMAT0003236,2520,1
MIMAT0004951,25244711,0
MIMAT0000063,36314,1
MIMAT0000221,5994,0
hsa_circ_0000457,122724,0
MIMAT0003214,445858,0
MIMAT0000800,445580,0
hsa_circ_0085616,3220,0
MIMAT0000232,3488,0
hsa_circ_0045219,114900,0
MIMAT0001809,5282350,0
MIMAT0000271,5943,0
MIMAT0019920,9700,0
652995,2733526,1
101927642,42113,0
MIMAT0005923,11626560,0
MIMAT0004648,5381226,0
MIMAT0003320,5283344,0
MIMAT0004948,444254,0
MIMAT0003780,1176,0
hsa_circ_0000787,15951529,1
MIMAT0000565,6036,0
100874041,3385,1
MIMAT0004763,3657,0
MIMAT0004826,4891,0
MIMAT0004541,265237,0
hsa_circ_0001178,5755,0
hsa_circ_0022378,104758,0
MIMAT0000661,8490,1
100286844,11556711,0
MIMAT0001832,3220,0
645954,47289,0
MIMAT0019972,3961,0
MIMAT0003487,2236,0
hsa_circ_0000042,11228183,0
hsa_circ_0001531,104758,0
hsa_circ_0001222,156413,0
286827,1983,0
MIMAT0000149,42890,0
MIMAT0006012,441074,0
hsa_circ_0072025,5281004,0
MIMAT0004888,15,0
MIMAT0000648,702,1
MIMAT0019695,5361,0
MIMAT0000419,41867,1
hsa_circ_0050125,253602,0
MIMAT0001878,24360,0
MIMAT0004612,969516,1
hsa_circ_0030998,442793,0
MIMAT0005336,60852,0
MIMAT0001742,60606,0
MIMAT0004508,9915743,0
hsa_circ_0059880,285033,0
100289019,41867,0
MIMAT0000264,2051,1
MIMAT0000890,1674,1
MIMAT0000212,3496,0
MIMAT0000085,2051,0
hsa_circ_0038138,460612,0
MIMAT0014979,449171,0
55165,24180719,0
101927686,122724,0
MIMAT0001862,9898279,0
MIMAT0015327,1548943,0
MIMAT0003307,5212,0
MIMAT0000242,56843276,0
hsa_circ_0025513,14403,0
MIMAT0000763,3385,1
MIMAT0000814,3779,1
106481742,5281929,0
641516,6918289,0
MIMAT0004498,439530,0
MIMAT0001546,5280343,1
MIMAT0004856,15951529,0
MIMAT0000367,119104,0
MIMAT0000794,6440495,1
MIMAT0001818,5790,0
100144602,36314,1
hsa_circ_0006608,60606,0
MIMAT0004280,712,0
hsa_circ_0009582,985,0
MIMAT0000086,16078949,0
MIMAT0001878,16741,0
MIMAT0000423,2375,1
MIMAT0000062,46843772,1
MIMAT0003891,3229,0
100129534,60838,0
hsa_circ_0003251,439260,0
MIMAT0000753,5310940,1
MIMAT0000159,5280951,0
hsa_circ_0062163,445639,0
MIMAT0000848,5280951,0
MIMAT0026719,5284373,0
5654,439530,0
100132529,148124,0
MIMAT0003731,5291,0
hsa_circ_0001497,5462222,0
MIMAT0000692,2520,1
MIMAT0001413,42611257,0
MIMAT0000165,5284616,1
hsa_circ_0049356,4624,0
MIMAT0018184,24821094,0
MIMAT0000122,14403,0
MIMAT0000376,441074,0
MIMAT0004550,12967,0
MIMAT0011432,5793,0
6494,9064,0
MIMAT0023623,162282,0
hsa_circ_0011462,60953,0
MIMAT0003187,60700,0
MIMAT0000456,24821094,0
hsa_circ_0000504,89594,0
MIMAT0000557,31401,0
MIMAT0000431,60750,1
10517,5212,0
MIMAT0000737,9949648,0
101927597,60198,0
441666,3496,0
641638,2723601,0
101929027,1832,0
hsa_circ_0085278,123596,0
hsa_circ_0004271,60852,0
hsa_circ_0056281,15951529,1
100505738,2051,0
MIMAT0003886,2733526,1
MIMAT0000125,8490,1
MIMAT0004978,23973,0
5654,9826528,0
MIMAT0002866,5280343,0
MIMAT0003896,5793,0
23043,60852,0
9641,77999,0
MIMAT0001781,5280961,0
MIMAT0002107,5280951,0
MIMAT0003726,5746,0
173401,9444,0
MIMAT0000280,4891,1
MIMAT0002890,3117,0
100287082,122634,0
hsa_circ_0082140,387447,0
MIMAT0005439,5281811,0
101928509,21633059,0
MIMAT0005949,5994,0
hsa_circ_0000510,3028194,0
MIMAT0001876,15,0
MIMAT0004572,3385,0
hsa_circ_0008952,5757,0
MIMAT0004751,444732,0
440028,3028194,0
MIMAT0004587,15625,0
MIMAT0000555,13089,0
hsa_circ_0006884,9804992,0
hsa_circ_0005655,216345,0
MIMAT0004987,3028194,0
hsa_circ_0030999,444795,0
MIMAT0004517,119104,0
100131564,208908,0
MIMAT0001853,9444,0
MIMAT0004758,9804992,0
MIMAT0000890,6410,0
MIMAT0002823,2723601,0
100129781,25244711,0
104326188,5280961,0
MIMAT0004934,9949648,0
MIMAT0000657,60852,0
MIMAT0000272,23939,0
MIMAT0001074,222757,0
hsa_circ_0007031,25183872,0
MIMAT0000220,145858,1
51352,5280951,0
MIMAT0001862,72301,0
MIMAT0002884,123865,0
MIMAT0002173,636397,0
MIMAT0000420,6057,1
MIMAT0000261,9444,0
MIMAT0002817,5281929,0
MIMAT0000160,11433190,0
MIMAT0000825,6440495,1
hsa_circ_0062545,43815,0
hsa_circ_0007245,444795,0
MIMAT0005949,216239,1
MIMAT0001090,6440495,0
hsa_circ_0005272,441074,0
MIMAT0002822,5206,0
hsa_circ_0001222,5360373,0
MIMAT0005827,4763,0
hsa_circ_0001222,104842,0
105221694,2733,0
MIMAT0004646,2723601,0
100507006,4091,0
hsa_circ_0047253,4095,0
MIMAT0000605,4624,0
100996671,60750,0
7040,30323,0
MIMAT0018104,122724,0
MIMAT0000253,28486,0
hsa_circ_0006239,53232,0
101060524,15939,0
MIMAT0000710,9949648,0
100873920,11228183,0
MIMAT0018191,123596,0
MIMAT0004951,11635763,0
MIMAT0000274,455658,1
MIMAT0002175,43815,1
MIMAT0004743,222757,0
MIMAT0000670,5943,0
MIMAT0025412,104741,0
MIMAT0003307,89594,0
MIMAT0003887,119307,0
6425,5538,0
MIMAT0000688,4943,0
MIMAT0004501,1130,0
100073347,222757,0
MIMAT0015186,24268,1
hsa_circ_0019088,10836,0
MIMAT0000150,3071,0
MIMAT0003495,657237,0
MIMAT0003307,5291,0
hsa_circ_0076413,8490,0
MIMAT0003280,5746,1
hsa_circ_0004851,11228183,0
MIMAT0000684,448537,0
hsa_circ_0007148,2907,0
MIMAT0000534,46843772,0
MIMAT0000443,5360373,0
7079,2187,0
55370,6115,0
MIMAT0003279,24360,0
101927249,45266826,0
101927934,17754356,0
MIMAT0003385,5288826,0
MIMAT0002888,60823,0
MIMAT0004723,3821,0
MIMAT0004513,3071,0
MIMAT0005792,135403648,0
MIMAT0019928,6167,0
100130581,3902,0
hsa_circ_0050581,54670067,0
101927597,135403648,0
hsa_circ_0087856,10621,0
100506930,216239,0
100996671,25244711,0
100129310,25183872,0
MIMAT0004656,4943,0
105374104,23973,0
hsa_circ_0059910,54671203,0
MIMAT0019913,2767,1
hsa_circ_0000500,12967,0
hsa_circ_0034682,54670067,0
hsa_circ_0038366,89594,0
101928913,896,0
MIMAT0018081,5994,0
MIMAT0000209,6106,0
MIMAT0001721,141643,0
MIMAT0002175,2520,1
MIMAT0000575,5310940,0
101928880,5394,1
MIMAT0000053,9804992,0
MIMAT0003250,3386,0
MIMAT0003308,2767,1
hsa_circ_0073647,123631,0
MIMAT0000580,2662,0
hsa_circ_0072797,8029,0
MIMAT0016913,5746,1
MIMAT0000771,5743,0
MIMAT0015190,4212,0
100129534,4095,0
MIMAT0000155,6036,1
MIMAT0014990,455658,0
724087,6505803,0
hsa_circ_0001204,15951529,1
7040,16078949,0
MIMAT0003299,135403648,0
MIMAT0001862,5281614,0
MIMAT0004507,124886,0
MIMAT0004609,5743,0
6093,2244,0
100288798,4943,0
MIMAT0011777,2336,0
hsa_circ_0005418,72304,0
hsa_circ_0003511,445858,0
MIMAT0000534,241,0
MIMAT0004607,24180719,0
hsa_circ_0086490,2520,0
MIMAT0004616,5280343,1
hsa_circ_0000324,15951529,1
MIMAT0003273,5284616,0
hsa_circ_0002987,15951529,1
MIMAT0014023,442428,0
MIMAT0000791,72304,0
hsa_circ_0047641,54454,0
MIMAT0005824,4158,0
hsa_circ_0000457,12967,0
MIMAT0001370,3220,0
MIMAT0000774,11635763,0
MIMAT0001629,5793,1
MIMAT0000877,737139,0
MIMAT0004613,439530,0
MIMAT0003179,5816,0
MIMAT0003513,56842234,0
MIMAT0003242,2733526,0
MIMAT0000797,5281614,0
hsa_circ_0019589,9576410,0
MIMAT0015036,5959,0
MIMAT0000810,657237,0
MIMAT0000141,449171,0
MIMAT0016866,2236,0
MIMAT0019868,3385,1
hsa_circ_0048232,3385,1
MIMAT0000626,5280448,0
MIMAT0000428,31703,1
MIMAT0000719,47936,0
MIMAT0019032,36314,0
MIMAT0003213,16132265,1
hsa_circ_0033149,448013,0
hsa_circ_0005161,2375,0
MIMAT0025412,216239,0
MIMAT0000086,36462,1
MIMAT0003497,4943,0
MIMAT0000437,5310940,1
hsa_circ_0047641,449171,0
hsa_circ_0003940,122634,0
hsa_circ_0091894,5035,0
MIMAT0003250,21109,0
MIMAT0004982,3229,0
100131733,45266826,0
MIMAT0017417,9700,0
MIMAT0000725,222528,0
hsa_circ_0040786,6410,0
MIMAT0015052,2520,0
MIMAT0000673,210332,1
MIMAT0000753,2733526,1
MIMAT0000435,60953,0
hsa_circ_0092276,5459308,0
MIMAT0000086,439260,0
MIMAT0045392,91820602,0
MIMAT0001759,114900,0
hsa_circ_0040603,135403648,0
MIMAT0000879,5352624,0
MIMAT0005939,12967,0
MIMAT0000555,460612,0
MIMAT0015336,54675776,0
MIMAT0004484,667639,0
MIMAT0007400,216326,0
MIMAT0000903,123631,0
MIMAT0000510,123596,1
MIMAT0004791,2767,0
MIMAT0000457,10621,1
MIMAT0000247,5212,0
MIMAT0000139,444732,0
hsa_circ_0006392,49803145,0
MIMAT0003218,107985,0
hsa_circ_0007990,36462,0
100270746,638278,0
51530,24978538,0
441666,5280343,0
MIMAT0005591,5755,0
MIMAT0000537,60823,1
MIMAT0005933,13342,0
MIMAT0000863,60838,0
MIMAT0015022,104741,0
101927447,9931953,0
101927167,5394,1
MIMAT0000065,91820602,1
MIMAT0000826,5281811,0
105378769,4212,0
hsa_circ_0020460,5280951,0
MIMAT0003782,74483,0
hsa_circ_0018440,261004,0
MIMAT0000092,5311,1
MIMAT0004762,3385,1
MIMAT0000724,5291,0
MIMAT0014024,5280448,0
MIMAT0000665,9898279,0
100133669,1130,0
hsa_circ_0004703,23939,0
MIMAT0004976,60852,0
MIMAT0004807,60750,1
100507334,44631912,0
MIMAT0000850,2662,0
25859,123631,1
MIMAT0005887,5793,0
MIMAT0000209,5280453,0
100507053,216345,0
hsa_circ_0091934,5462222,0
MIMAT0000213,122724,0
MIMAT0016913,44259,0
MIMAT0015196,11953817,0
hsa_circ_0000604,43815,0
MIMAT0005576,445639,0
10263,544,0
hsa_circ_0086779,3488,0
MIMAT0035719,171548,0
hsa_circ_0065932,3902,0
MIMAT0000226,148124,1
MIMAT0000427,712,0
MIMAT0002884,104741,0
hsa_circ_0006473,2353,0
104266957,5460341,0
MIMAT0005903,3385,1
MIMAT0001338,10635,0
MIMAT0004802,636397,0
103352670,122634,0
MIMAT0000973,5281811,0
hsa_circ_0059910,460612,0
101927381,9444,0
hsa_circ_0000042,5291,0
hsa_circ_0007146,15951529,1
hsa_circ_0052154,135403648,0
MIMAT0001778,123596,0
hsa_circ_0092303,10184653,0
MIMAT0000236,6410,1
hsa_circ_0042200,6857599,0
MIMAT0019904,5790,0
6605,24288,0
MIMAT0000231,23973,0
MIMAT0015038,544,0
MIMAT0005307,42113,0
MIMAT0001848,23973,0
MIMAT0004656,126941,0
hsa_circ_0002168,5360373,0
101927667,16132265,0
MIMAT0004979,60823,0
100505865,5394,1
MIMAT0000510,544,0
hsa_circ_0003201,13089,0
hsa_circ_0000457,15951529,1
hsa_circ_0007245,15951529,1
MIMAT0000276,657237,0
hsa_circ_0003967,1175,0
MIMAT0015048,253602,0
MIMAT0005319,107985,0
MIMAT0000386,24759,0
hsa_circ_0056790,25227436,0
MIMAT0003305,5359268,0
MIMAT0000548,5460341,0
hsa_circ_0017628,969516,0
MIMAT0015017,5280453,0
MIMAT0000518,60780,0
MIMAT0003266,5865,0
MIMAT0002829,387447,0
MIMAT0016895,3385,1
MIMAT0004700,60823,1
MIMAT0000099,5959,0
MIMAT0000231,36314,1
MIMAT0003735,2236,0
hsa_circ_0007283,261004,0
MIMAT0019021,2767,0
51530,6041,0
MIMAT0000087,5291,1
MIMAT0000250,2767,1
100033417,3071,0
hsa_circ_0006522,222528,0
hsa_circ_0003183,3006531,0
MIMAT0004573,5280445,0
MIMAT0003299,3345,0
MIMAT0003263,9700,0
MIMAT0000681,6857599,1
100506465,5459308,0
hsa_circ_0061107,216239,0
hsa_circ_0033024,15951529,1
hsa_circ_0000907,5280448,0
MIMAT0014012,10621,0
hsa_circ_0037972,2244,0
hsa_circ_0003838,11626560,0
677769,5394,1
MIMAT0004882,445858,1
MIMAT0000068,445639,0
hsa_circ_0003441,44259,0
MIMAT0005918,5222465,0
100506495,5311,0
100132677,229455,0
hsa_circ_0034067,15951529,1
MIMAT0015190,3821,0
hsa_circ_0001275,5280951,0
MIMAT0000751,6279,0
MIMAT0002849,24360,0
MIMAT0005793,5073,0
MIMAT0002827,5793,1
MIMAT0004603,5318517,0
hsa_circ_0009594,11228183,0
MIMAT0000760,176870,0
hsa_circ_0005741,4624,0
hsa_circ_0008926,3690,0
MIMAT0000894,71496458,0
MIMAT0004488,6037,0
hsa_circ_0002078,6918837,0
MIMAT0003299,5746,1
100270980,2375,0
MIMAT0002874,36462,1
hsa_circ_0041019,15951529,1
MIMAT0015064,24759,0
MIMAT0000246,14403,0
MIMAT0000421,3071,0
hsa_circ_0017449,21109,0
MIMAT0001021,97226,0
MIMAT0007881,38904,1
MIMAT0004981,261004,0
MIMAT0002817,5310940,1
MIMAT0004481,64971,0
MIMAT0017999,439260,0
hsa_circ_0002976,3690,0
MIMAT0003321,444732,1
MIMAT0004553,65015,0
MIMAT0001630,5310940,1
441058,176870,0
MIMAT0000428,47725,1
MIMAT0003290,31101,0
MIMAT0001764,3690,0
MIMAT0000247,5943,0
645323,4158,0
MIMAT0017080,446220,1
MIMAT0003729,210332,1
MIMAT0000819,89594,1
MIMAT0007892,5288826,1
MIMAT0000445,3821,0
MIMAT0019855,9949648,1
MIMAT0001742,5793,0
MIMAT0002818,21633059,0
MIMAT0001857,24360,0
MIMAT0000719,229455,1
MIMAT0000804,6167,0
MIMAT0004933,3345,0
hsa_circ_0059914,15,0
MIMAT0004987,2244,0
MIMAT0000531,93004,0
MIMAT0015069,3779,0
MIMAT0015318,5035,0
MIMAT0015085,6279,0
MIMAT0000416,4212,0
MIMAT0015345,135403648,0
MIMAT0000934,667639,0
hsa_circ_0083026,15951529,1
hsa_circ_0004964,11635763,0
MIMAT0014989,9931953,0
387978,3385,0
MIMAT0003275,24497,0
MIMAT0012825,6505803,0
MIMAT0000766,11953817,0
MIMAT0004189,4158,0
MIMAT0000124,16078949,1
MIMAT0002812,3657,0
MIMAT0010313,123631,1
hsa_circ_0000008,3657,0
MIMAT0003308,5291,1
MIMAT0000602,5359268,0
MIMAT0000542,657237,0
MIMAT0015323,171548,0
hsa_circ_0003323,25262965,0
MIMAT0001798,119307,0
101927761,5280445,0
hsa_circ_0030998,6041,0
hsa_circ_0004680,9064,0
hsa_circ_0078605,60750,0
MIMAT0000518,6036,1
MIMAT0004577,156413,0
hsa_circ_0084727,3062316,0
8454,5318517,0
MIMAT0003314,5951,0
hsa_circ_0000102,5359268,0
MIMAT0004489,5951,0
MIMAT0019876,3385,1
hsa_circ_0001691,442793,0
MIMAT0000314,24288,0
hsa_circ_0033149,784,0
MIMAT0003257,119307,1
MIMAT0004808,5994,1
MIMAT0004923,265237,0
MIMAT0000661,5280896,0
MIMAT0001342,712,0
hsa_circ_0000881,11626560,0
100505592,5394,1
MIMAT0019936,2578,0
112935969,6013,0
MIMAT0004650,49803145,0
MIMAT0019040,544,0
MIMAT0000873,5743,1
101927220,439260,0
100033417,2767,0
MIMAT0009206,2767,0
MIMAT0000692,5280453,0
MIMAT0003291,104746,0
MIMAT0000125,60838,0
MIMAT0003729,28486,0
MIMAT0004663,9915743,0
MIMAT0003269,10836,0
387723,8029,0
MIMAT0014928,9700,0
100131604,5291,0
hsa_circ_0086694,638278,0
MIMAT0000838,24268,0
MIMAT0001734,46843772,0
MIMAT0000125,156413,0
MIMAT0018194,6918289,0
641638,3385,1
MIMAT0003273,56843276,0
hsa_circ_0000714,5460341,0
MIMAT0001637,8029,0
MIMAT0019839,123865,0
MIMAT0000078,208908,0
MIMAT0000205,4095,0
MIMAT0004787,6279,0
hsa_circ_0000206,985,0
MIMAT0001768,9949648,0
MIMAT0004648,25262965,0
100129291,5790,0
100874131,123631,0
MIMAT0000435,5284616,0
MIMAT0018078,10635,0
MIMAT0000805,2236,1
MIMAT0001818,123631,0
MIMAT0003374,444732,0
MIMAT0005596,1983,0
MIMAT0000266,36314,1
hsa_circ_0006913,241,0
MIMAT0000264,23973,1
hsa_circ_0005513,2353,0
MIMAT0003151,2733526,1
MIMAT0005911,5281811,0
MIMAT0000437,41867,1
340811,3657,0
MIMAT0000646,5743,1
25850,10836,0
MIMAT0005923,11960529,0
hsa_circ_0007250,6857599,0
MIMAT0003296,30323,0
hsa_circ_0009362,3385,0
hsa_circ_0025506,444795,0
MIMAT0003279,21633059,0
MIMAT0017983,176870,0
103344930,60780,0
MIMAT0004703,229455,0
MIMAT0005791,5310940,1
MIMAT0004596,4095,0
MIMAT0000264,47725,1
MIMAT0002177,3763,0
MIMAT0026719,123596,0
hsa_circ_0005161,138374198,0
hsa_circ_0076413,60198,0
hsa_circ_0006913,6918289,0
MIMAT0005847,135403648,0
hsa_circ_0001851,3007,0
105375847,444732,0
26220,2336,0
MIMAT0000075,451668,1
MIMAT0004738,5950,0
hsa_circ_0005354,119307,0
MIMAT0019758,122634,0
hsa_circ_0002654,5978,0
100033413,5360373,0
hsa_circ_0000557,5743,0
100506994,5394,1
MIMAT0000616,5280961,0
MIMAT0004828,452548,0
MIMAT0004702,5073,0
101929559,10184653,0
MIMAT0005951,46843772,0
MIMAT0000025,5284583,0
MIMAT0000678,24759,0
hsa_circ_0015796,3902,0
503637,36314,1
MIMAT0004952,42113,0
hsa_circ_0005235,2733,0
MIMAT0002176,689043,0
MIMAT0000688,47725,1
hsa_circ_0004015,445639,0
MIMAT0005293,3121,0
hsa_circ_0007217,16132265,0
MIMAT0019697,445580,0
MIMAT0003163,65348,0
MIMAT0000076,60700,1
MIMAT0005799,5755,0
MIMAT0019817,2723601,0
100289255,97226,0
2310,3071,0
MIMAT0001280,10184653,0
MIMAT0003247,107985,0
hsa_circ_0004015,5943,0
MIMAT0000085,2578,0
100033416,5394,1
hsa_circ_0001171,446556,0
MIMAT0007889,3488,0
hsa_circ_0000323,261004,0
MIMAT0003223,1175,0
MIMAT0002814,5212,0
MIMAT0001280,4033,0
392232,176870,0
hsa_circ_0008621,5280445,0
MIMAT0002847,4641,0
MIMAT0001805,3019,0
MIMAT0002178,60780,0
MIMAT0015319,6440495,0
MIMAT0004595,6013,1
MIMAT0000165,5462222,0
hsa_circ_0006608,15951529,1
MIMAT0004556,210332,0
MIMAT0000098,2520,1
MIMAT0004238,6410,1
MIMAT0000537,3028194,0
MIMAT0000366,3652,0
MIMAT0000141,171548,0
MIMAT0019876,1130,0
MIMAT0003738,16078949,0
MIMAT0000454,3488,0
MIMAT0003466,23973,0
MIMAT0000863,439260,0
MIMAT0000861,3657,0
hsa_circ_0040203,5281614,0
hsa_circ_0001849,5280448,0
101928103,2723601,0
101928931,2578,0
100505538,4943,0
MIMAT0003186,23939,0
MIMAT0000081,6167,1
hsa_circ_0002590,11635763,0
hsa_circ_0002303,969516,0
hsa_circ_0021727,261004,0
MIMAT0019074,5284616,0
hsa_circ_0068464,21109,0
MIMAT0000691,60750,1
MIMAT0003282,13342,0
MIMAT0005339,31401,0
hsa_circ_0036056,4033,0
MIMAT0015344,97226,0
MIMAT0004531,10635,0
MIMAT0000076,5360373,1
hsa_circ_0085567,38904,0
MIMAT0000424,60750,1
MIMAT0004791,176870,0
MIMAT0000441,47725,1
MIMAT0001830,36314,0
MIMAT0003459,3071,0
29108,9064,0
MIMAT0004220,261004,0
MIMAT0009451,60750,1
hsa_circ_0042451,5310940,0
MIMAT0004672,4763,0
MIMAT0000095,3385,1
MIMAT0005291,455658,0
MIMAT0000438,91820602,1
MIMAT0000860,11556711,0
MIMAT0019817,3385,1
728558,452548,0
MIMAT0003254,123631,1
hsa_circ_0008310,60198,0
MIMAT0003374,122724,0
MIMAT0002867,5281708,0
MIMAT0000232,3779,0
hsa_circ_0000075,445434,0
hsa_circ_0006117,229455,0
MIMAT0015317,24268,1
MIMAT0003243,31703,1
101101772,15625,0
MIMAT0037307,5281811,0
MIMAT0018987,24288,0
7040,2733526,0
MIMAT0015079,5789,0
MIMAT0004909,2767,1
MIMAT0003258,261004,0
hsa_circ_0058192,2353,0
MIMAT0000899,176870,0
hsa_circ_0003511,1130,0
MIMAT0000552,5280961,0
MIMAT0019689,3007,0
MIMAT0004552,6057,0
MIMAT0007348,241,0
hsa_circ_0087861,15951529,1
MIMAT0004678,60700,0
1407,449171,0
MIMAT0019000,24180719,1
hsa_circ_0003489,38904,0
hsa_circ_0049587,41867,0
hsa_circ_0001497,11635763,0
MIMAT0000163,210332,1
MIMAT0000210,5997,0
MIMAT0000548,16741,1
MIMAT0019878,71496458,0
MIMAT0019876,985,0
344595,208908,0
MIMAT0019947,2244,0
hsa_circ_0076100,122724,0
MIMAT0004584,5743,0
MIMAT0000687,636397,0
MIMAT0000420,36314,1
MIMAT0019936,636397,0
100144596,24497,0
MIMAT0004674,6918837,0
103752589,5978,0
MIMAT0003765,74483,1
MIMAT0005442,10635,0
hsa_circ_0086159,12967,0
hsa_circ_0001386,60700,0
MIMAT0015195,3007,0
MIMAT0000078,5757,1
MIMAT0001390,21109,0
MIMAT0014995,17754356,0
MIMAT0000735,5288209,0
MIMAT0000710,2733526,1
hsa_circ_0003505,60198,0
MIMAT0003256,56842234,0
MIMAT0000432,10635,1
MIMAT0000644,208908,0
hsa_circ_0078607,2187,0
hsa_circ_0092276,6505803,0
MIMAT0000089,24497,1
hsa_circ_0047663,31703,0
MIMAT0000370,5288209,0
100499484,114900,0
MIMAT0001387,164676,0
MIMAT0004743,5281929,0
hsa_circ_0000872,449171,0
hsa_circ_0063305,4946,0
hsa_circ_0042444,5280445,0
MIMAT0015041,60750,1
MIMAT0004921,1983,0
MIMAT0004683,31703,0
MIMAT0000715,54680783,0
105375401,24288,0
MIMAT0005828,5281811,0
hsa_circ_0005379,5311,0
hsa_circ_0006614,6410,0
hsa_circ_0020460,11433190,0
MIMAT0019947,11228183,0
MIMAT0000131,3229,0
MIMAT0002883,4641,0
MIMAT0004489,38904,0
643827,72301,0
101927043,265237,0
55384,2051,0
MIMAT0000096,25262965,0
MIMAT0007887,5288826,0
MIMAT0000268,24288,0
MIMAT0013985,11228183,0
MIMAT0001791,1673,0
MIMAT0000426,5757,1
MIMAT0003299,5288826,0
MIMAT0000258,1832,0
MIMAT0004577,3397,0
MIMAT0000227,6253,0
MIMAT0000460,444732,1
hsa_circ_0080209,452548,0
MIMAT0000127,49803145,0
MIMAT0005898,5978,1
MIMAT0003892,8490,1
hsa_circ_0080210,42890,0
197187,2578,0
MIMAT0000416,5743,0
MIMAT0000876,60852,0
MIMAT0000104,208908,0
MIMAT0006778,3101,0
MIMAT0000684,4212,1
hsa_circ_0015494,2375,0
MIMAT0003883,3071,0
643827,74483,0
hsa_circ_0070098,445858,0
MIMAT0000573,36314,1
MIMAT0017005,5462222,0
101928161,60953,0
728192,54454,0
147947,5394,1
hsa_circ_0021506,47936,0
MIMAT0003339,5281929,0
645206,445434,0
101928517,60852,0
MIMAT0000707,712,1
MIMAT0000280,60606,1
MIMAT0000165,969516,1
101927155,285033,0
MIMAT0007892,60750,1
MIMAT0019074,42113,0
MIMAT0000227,445154,0
25812,104842,0
hsa_circ_0000500,2662,0
100506922,444732,0
MIMAT0005951,5212,0
hsa_circ_0070616,104842,0
MIMAT0005627,5359268,0
MIMAT0004533,17754356,0
hsa_circ_0047270,73581,0
hsa_circ_0069821,5790,0
100507006,1983,0
MIMAT0001793,74483,1
MIMAT0000539,10635,0
hsa_circ_0009360,210332,0
MIMAT0003221,31703,1
MIMAT0011462,65110,0
MIMAT0005336,445154,1
hsa_circ_0001372,3103,0
MIMAT0003242,156413,0
MIMAT0000225,5073,0
MIMAT0000893,29327,0
MIMAT0000156,17754356,0
hsa_circ_0003323,73581,0
MIMAT0000062,3385,1
MIMAT0016915,104746,0
100130889,15951529,0
MIMAT0000274,5881,0
hsa_circ_0046263,25183872,0
MIMAT0003172,6442177,0
hsa_circ_0000861,5283344,0
162632,5394,1
hsa_circ_0007148,15951529,1
hsa_circ_0007551,442793,0
hsa_circ_0003908,104842,0
MIMAT0001777,24978538,0
MIMAT0005896,6057,0
MIMAT0000265,72301,0
55545,5881,0
MIMAT0005791,216345,0
MIMAT0015080,46843772,0
MIMAT0004987,3657,0
101927761,162282,0
MIMAT0015022,36462,0
103344926,29327,0
503637,6106,0
104326188,64971,0
MIMAT0005887,2767,1
MIMAT0015137,24268,1
MIMAT0003306,208908,0
MIMAT0015017,3488,0
MIMAT0011162,689043,0
MIMAT0001772,15625,1
106480679,10836,0
MIMAT0000826,441074,0
MIMAT0000523,5311,0
MIMAT0002111,210332,1
100507098,2733526,1
hsa_circ_0009043,3007,0
MIMAT0015139,790,0
hsa_circ_0086159,15951529,1
MIMAT0004704,162282,0
MIMAT0004743,208908,0
MIMAT0015337,47725,0
MIMAT0007892,5280453,1
MIMAT0001816,74483,1
MIMAT0003164,702,0
MIMAT0004593,11626560,0
MIMAT0003228,3386,0
hsa_circ_0000915,5538,0
MIMAT0000445,56649450,1
MIMAT0000264,3117,0
MIMAT0000318,36314,1
hsa_circ_0092276,5284616,0
101929559,6410,0
MIMAT0002111,77999,0
MIMAT0004974,11707110,0
MIMAT0015378,5284616,0
MIMAT0000765,24268,0
MIMAT0003263,6623,0
105375475,9547215,0
hsa_circ_0030724,3019,0
MIMAT0000455,5641,0
hsa_circ_0005086,4946,0
MIMAT0000710,74483,0
MIMAT0001853,6013,0
hsa_circ_0007404,5381226,0
MIMAT0000510,24360,0
MIMAT0019929,24180719,0
MIMAT0000457,2375,0
MIMAT0000430,5793,1
MIMAT0035720,448013,0
MIMAT0002819,667639,0
MIMAT0001733,16132265,0
MIMAT0000073,36462,1
100131604,4946,0
MIMAT0004504,261000,0
hsa_circ_0000075,5288826,0
MIMAT0001887,985,0
MIMAT0019936,60750,0
MIMAT0019844,10621,0
100033416,445580,0
MIMAT0000987,5284616,0
MIMAT0004563,439260,0
MIMAT0005789,31703,1
100996570,3488,0
hsa_circ_0058191,6167,0
hsa_circ_0055957,5959,0
MIMAT0000861,5222465,0
7079,6279,0
hsa_circ_0006318,5281811,0
MIMAT0000708,65348,0
MIMAT0000087,5310940,1
MIMAT0016879,104842,0
MIMAT0005523,445639,0
10298,25244711,0
hsa_circ_0007630,3488,0
MIMAT0001619,5311,0
MIMAT0005886,65015,0
hsa_circ_0002314,5381226,0
MIMAT0005878,171548,0
hsa_circ_0062163,65015,0
MIMAT0016900,4624,0
hsa_circ_0007059,119104,0
100885779,148124,1
MIMAT0000707,122634,0
MIMAT0004542,2723601,0
hsa_circ_0002314,5881,0
MIMAT0005917,896,0
728558,60606,0
MIMAT0003335,11626560,0
hsa_circ_0000504,5280448,0
100316868,5281811,0
hsa_circ_0003323,6253,0
100505881,6440495,0
MIMAT0000834,171548,0
hsa_circ_0001355,5288209,0
MIMAT0004631,985,0
26298,6013,0
344595,64971,0
MIMAT0001021,23973,1
hsa_circ_0000255,104842,0
101927528,25183872,0
10517,5538,0
MIMAT0003495,5280951,0
MIMAT0005457,448537,1
MIMAT0015326,667639,0
102724077,6623,0
MIMAT0005834,3006531,0
MIMAT0004534,91820602,0
MIMAT0000426,89594,0
hsa_circ_0036054,3821,0
hsa_circ_0000211,455658,0
MIMAT0016866,3103,0
MIMAT0002807,2767,1
MIMAT0018994,60750,1
MIMAT0003239,164676,0
MIMAT0005443,3385,0
MIMAT0000225,2578,0
102725045,42890,0
MIMAT0000069,24497,1
104355136,5865,0
MIMAT0001537,29327,0
MIMAT0000266,2733,0
hsa_circ_0050580,11626560,0
MIMAT0000987,3220,0
MIMAT0000297,6037,0
MIMAT0000431,5311,1
MIMAT0016925,11226684,0
MIMAT0015142,5212,0
hsa_circ_0000858,460612,0
MIMAT0001840,3657,0
MIMAT0004799,31703,1
MIMAT0000579,9547215,0
MIMAT0003218,25183872,0
MIMAT0000272,5310940,1
MIMAT0004848,2662,0
hsa_circ_0003759,72301,0
hsa_circ_0001531,5281708,0
MIMAT0018977,712,0
MIMAT0004981,5460341,0
101927686,5280896,0
101927056,265237,0
MIMAT0001788,4829,0
100507257,2767,0
MIMAT0004673,5994,1
MIMAT0000222,135403648,1
MIMAT0001813,442428,0
MIMAT0002107,71496458,0
MIMAT0002819,119307,1
5997,54671203,0
hsa_circ_0000554,25183872,0
hsa_circ_0000030,126941,0
hsa_circ_0030998,162282,0
hsa_circ_0076251,9931953,0
MIMAT0013517,9064,0
hsa_circ_0001874,14403,0
MIMAT0000271,42113,1
hsa_circ_0000881,91466,0
MIMAT0005793,24497,0
MIMAT0003389,452548,0
hsa_circ_0004032,5950,0
MIMAT0000705,5329102,1
hsa_circ_0008539,176870,0
hsa_circ_0004315,5318517,0
MIMAT0004574,71496458,0
MIMAT0011435,5943,0
MIMAT0015138,241,0
MIMAT0003888,5280427,0
hsa_circ_0000760,6410,0
MIMAT0000121,8490,1
MIMAT0014022,15951529,0
MIMAT0003258,60750,1
hsa_circ_0072088,24360,0
MIMAT0003479,3690,0
MIMAT0000610,216345,0
MIMAT0004592,985,0
MIMAT0004586,5281708,0
MIMAT0003250,216239,1
101927811,5462222,0
MIMAT0001425,737139,0
100885775,54675776,0
hsa_circ_0040792,6057,0
hsa_circ_0038090,6442177,0
23513,8378,0
MIMAT0001341,4763,0
339192,5310940,0
9641,72301,0
MIMAT0000681,91820602,1
649446,122634,0
101928399,72304,0
MIMAT0017950,449171,0
MIMAT0000770,24821094,0
MIMAT0015019,2336,0
MIMAT0000660,210332,1
MIMAT0003890,14403,0
MIMAT0004189,47289,0
106481742,10836,0
MIMAT0000084,4158,0
MIMAT0000373,2353,0
MIMAT0000187,261000,0
hsa_circ_0036683,790,0
MIMAT0000076,4943,1
MIMAT0002853,2767,1
hsa_circ_0001821,2767,1
988,77999,0
MIMAT0000875,6440495,1
hsa_circ_0006784,15951529,1
hsa_circ_0048856,439260,0
hsa_circ_0001296,439530,0
MIMAT0000645,241,0
100505532,3345,0
hsa_circ_0079163,2767,0
MIMAT0000062,3386,0
hsa_circ_0008618,43815,0
MIMAT0001063,1673,0
MIMAT0003269,2767,1
MIMAT0000538,16741,1
hsa_circ_0056048,5280343,0
727896,15625,0
MIMAT0003507,9804992,0
hsa_circ_0003838,31703,1
MIMAT0003948,24497,0
645687,5361,0
MIMAT0018977,41867,0
100131604,5035,0
101928516,7222,0
MIMAT0001852,5881,0
MIMAT0000866,15939,0
MIMAT0001722,5288826,0
MIMAT0004540,5291,0
100506990,11635763,0
hsa_circ_0038343,5462222,0
MIMAT0011432,23725625,0
MIMAT0015022,636397,0
MIMAT0003759,74483,1
MIMAT0003302,65064,0
hsa_circ_0008494,3902,0
MIMAT0004858,5361,0
hsa_circ_0026462,2051,0
MIMAT0000686,36314,1
MIMAT0014005,7222,0
MIMAT0000142,25183872,0
MIMAT0017141,5281004,0
hsa_circ_0000141,15951529,1
728207,689043,0
hsa_circ_0001985,5212,0
MIMAT0000688,148124,1
hsa_circ_0046263,5035,0
MIMAT0004855,2375,0
hsa_circ_0058361,452548,0
100288798,638278,0
MIMAT0019893,2244,0
hsa_circ_0000040,13342,0
MIMAT0003180,712,1
hsa_circ_0000102,439530,0
MIMAT0002844,448537,1
MIMAT0003452,31101,0
MIMAT0004943,4212,0
hsa_circ_0003511,25227436,0
hsa_circ_0036287,2723601,0
hsa_circ_0009172,6279,0
MIMAT0004623,1175,0
105374631,439260,0
MIMAT0004604,16132265,0
hsa_circ_0001318,10621,0
MIMAT0000588,49803145,0
MIMAT0000855,5746,0
hsa_circ_0009043,6037,0
MIMAT0000100,5280427,0
100506674,4891,0
MIMAT0003276,448537,1
MIMAT0015113,4943,0
MIMAT0000069,446556,1
MIMAT0001079,285033,0
102800310,60852,0
MIMAT0001368,97226,0
hsa_circ_0004254,3006531,0
MIMAT0015024,72304,0
hsa_circ_0091934,5280360,0
MIMAT0020976,60750,0
MIMAT0000731,9898279,0
hsa_circ_0006117,2244,0
MIMAT0003162,123596,0
MIMAT0004950,6857599,0
646405,5394,1
101928794,5394,1
MIMAT0004945,2733526,1
hsa_circ_0009043,36314,0
MIMAT0026720,5361,0
101928287,31101,0
MIMAT0000785,3657,0
55109,24759,0
MIMAT0000460,5280453,0
hsa_circ_0007769,31703,1
111216282,9931953,0
104644205,42890,0
MIMAT0018178,9931953,0
104644205,2578,0
MIMAT0004567,4946,0
54838,5394,1
26751,6442177,0
MIMAT0004775,229455,0
MIMAT0015362,2723601,0
hsa_circ_0018499,3028194,0
MIMAT0005291,444795,0
MIMAT0000053,784,0
MIMAT0002170,462382,0
MIMAT0004956,3220,1
MIMAT0004682,5641,0
102724927,896,0
MIMAT0019775,31703,1
MIMAT0000459,10635,1
MIMAT0000429,2767,1
MIMAT0001390,2244,0
MIMAT0015065,896,0
MIMAT0009206,5394,0
MIMAT0003164,5943,0
MIMAT0001081,42890,0
MIMAT0018185,442972,0
MIMAT0003487,54675776,0
MIMAT0004806,441074,0
hsa_circ_0068462,2051,0
hsa_circ_0026349,445639,0
MIMAT0000062,5280795,1
653190,64971,0
MIMAT0014012,3902,0
hsa_circ_0004032,9931953,0
MIMAT0000564,135403648,0
101928304,141643,0
hsa_circ_0017485,24759,0
100129291,15939,0
2310,5361,0
hsa_circ_0002590,5280427,0
MIMAT0001859,3385,0
MIMAT0003885,6167,0
MIMAT0000074,31401,0
MIMAT0017017,60823,0
101928495,5394,1
MIMAT0000528,5284616,1
hsa_circ_0066874,985,0
MIMAT0000554,31703,0
MIMAT0009447,2236,0
MIMAT0019887,2236,0
MIMAT0005625,222757,0
hsa_circ_0005418,15951529,1
MIMAT0015359,5746,0
100996301,1110,0
MIMAT0005523,36314,0
MIMAT0000527,45266826,0
MIMAT0000070,5352624,1
23043,5394,1
hsa_circ_0076522,5743,0
MIMAT0000703,54454,0
MIMAT0000661,65015,0
hsa_circ_0087400,15951529,1
MIMAT0001063,5222465,0
hsa_circ_0042435,6197,0
51427,124886,0
MIMAT0000454,5994,0
MIMAT0001618,5381226,0
hsa_circ_0022142,65348,0
hsa_circ_0000557,17754356,0
MIMAT0003177,65015,0
MIMAT0003259,444732,0
MIMAT0003325,5816,0
MIMAT0019947,689043,0
hsa_circ_0028098,5311,0
MIMAT0004233,89594,1
MIMAT0000073,712,1
MIMAT0000747,5281004,1
MIMAT0002873,2767,1
MIMAT0022692,10621,0
MIMAT0015378,36314,1
MIMAT0005844,11226684,0
MIMAT0016900,3496,0
MIMAT0001722,439530,0
MIMAT0000772,91820602,1
MIMAT0004559,123631,1
MIMAT0000741,23939,0
MIMAT0005924,3385,0
hsa_circ_0008618,2733526,0
MIMAT0004738,12967,0
MIMAT0003176,9576410,0
MIMAT0000424,31101,0
MIMAT0003512,91466,0
MIMAT0000446,114900,0
MIMAT0003185,176870,0
hsa_circ_0046265,1207,0
MIMAT0004622,13342,0
hsa_circ_0008910,2187,0
MIMAT0002819,11228183,1
MIMAT0000759,2767,1
MIMAT0000424,36314,1
MIMAT0003317,3220,0
MIMAT0000371,448013,0
MIMAT0001388,462382,0
MIMAT0031893,47725,0
MIMAT0018976,60953,0
MIMAT0000075,135403648,1
MIMAT0000793,36462,0
100996570,45266826,0
MIMAT0000440,156413,0
hsa_circ_0050581,42113,0
MIMAT0000071,10635,0
MIMAT0000670,176870,0
MIMAT0000459,5310940,1
MIMAT0005577,60750,1
111216282,5394,1
MIMAT0005928,31703,1
hsa_circ_0001898,12967,0
MIMAT0000432,2336,1
MIMAT0000123,4158,0
hsa_circ_0006941,5361,0
hsa_circ_0056048,5881,0
MIMAT0004237,4829,0
hsa_circ_0049356,15951529,1
hsa_circ_0008044,15951529,1
MIMAT0000222,9949648,0
MIMAT0003299,10635,1
102723883,49803145,0
MIMAT0003181,3345,0
hsa_circ_0089371,15951529,1
MIMAT0015170,24268,1
MIMAT0005792,60606,0
hsa_circ_0000453,444795,0
MIMAT0004814,2907,0
MIMAT0000449,6253,1
MIMAT0004603,455658,0
hsa_circ_0007769,5281929,0
MIMAT0000800,45266826,0
MIMAT0003239,216239,0
MIMAT0000797,5743,1
hsa_circ_0000714,1110,0
MIMAT0000588,2578,0
MIMAT0000439,5757,0
101927381,1207,0
MIMAT0004602,3229,1
MIMAT0000799,1110,0
339240,216326,0
MIMAT0009448,3961,0
MIMAT0000259,712,1
MIMAT0004928,6442177,0
hsa_circ_0042200,5280896,0
390963,5288826,0
MIMAT0001824,11707110,0
MIMAT0000370,443586,1
MIMAT0002843,4212,0
MIMAT0015035,6279,0
MIMAT0004743,60852,0
MIMAT0004978,2733526,1
MIMAT0000795,4624,0
MIMAT0000216,3062316,0
hsa_circ_0000211,46843772,0
hsa_circ_0066556,4212,0
MIMAT0000660,5284583,0
MIMAT0005883,444254,0
646201,5641,0
389641,54671203,0
hsa_circ_0056281,216239,0
MIMAT0000266,229455,0
hsa_circ_0000074,6115,0
MIMAT0002842,60780,1
hsa_circ_0031241,2375,0
101927477,47289,0
MIMAT0004602,5283344,1
106480679,156413,0
MIMAT0004670,156413,0
MIMAT0000382,16741,0
MIMAT0000096,14888,1
100507489,24821094,0
MIMAT0002173,123631,1
MIMAT0000894,176870,0
MIMAT0000778,5743,1
MIMAT0001080,5329102,1
MIMAT0001623,3229,0
MIMAT0001853,9915743,0
MIMAT0002809,77999,0
MIMAT0019879,2767,0
MIMAT0003193,5943,1
MIMAT0014004,31703,0
hsa_circ_0007630,261000,0
MIMAT0003256,5283344,0
101929655,439530,0
hsa_circ_0004808,4829,0
MIMAT0019359,54454,0
101927056,5460341,0
MIMAT0000067,60750,1
MIMAT0002807,60750,1
MIMAT0004896,114900,0
MIMAT0003769,145858,0
MIMAT0012825,6001,0
hsa_circ_0076522,11953817,0
hsa_circ_0020460,442428,0
MIMAT0023622,5280961,0
MIMAT0001735,23725625,0
MIMAT0003378,6037,0
MIMAT0005285,216345,0
MIMAT0004929,60823,1
MIMAT0003887,446556,0
hsa_circ_0072567,3652,0
MIMAT0002853,60852,0
MIMAT0004959,156413,0
MIMAT0003883,5881,0
hsa_circ_0003620,222528,0
55000,42611257,0
hsa_circ_0000036,5641,0
MIMAT0004233,5035,0
MIMAT0009977,4158,0
MIMAT0000666,6036,0
51100,14888,0
MIMAT0003189,36314,0
hsa_circ_0000872,222528,0
hsa_circ_0001874,5951,0
MIMAT0001387,5280896,0
MIMAT0004784,64971,0
MIMAT0005987,43815,0
hsa_circ_0087862,21633059,0
MIMAT0006588,60852,0
101928399,25227436,0
MIMAT0004979,5311,1
645996,5394,1
MIMAT0005339,5757,0
11080,6857599,1
MIMAT0005917,4943,0
173401,114900,0
MIMAT0004775,462382,0
MIMAT0005945,5281929,0
hsa_circ_0003315,3062316,0
MIMAT0005327,644241,0
MIMAT0003276,444732,0
MIMAT0004958,60852,0
MIMAT0018937,2520,0
100506697,9700,0
MIMAT0000714,5997,0
hsa_circ_0058192,6076,0
MIMAT0001341,148124,1
MIMAT0005922,5291,1
MIMAT0005901,3385,1
MIMAT0000098,148124,1
102724927,9444,0
MIMAT0000441,5288209,1
MIMAT0000446,6089,0
MIMAT0000854,8029,0
MIMAT0007892,3385,1
MIMAT0014928,5381226,0
MIMAT0000822,265237,0
MIMAT0000100,445580,1
MIMAT0001818,5035,0
MIMAT0003511,41867,0
100292680,60838,0
MIMAT0000813,56649450,0
MIMAT0001887,6918289,0
hsa_circ_0092289,6253,0
hsa_circ_0000858,5790,0
MIMAT0000842,9576410,0
100506498,2767,1
hsa_circ_0003908,3071,0
MIMAT0015357,261000,0
MIMAT0000096,5288209,0
hsa_circ_0005354,41867,0
MIMAT0000456,2767,1
MIMAT0015010,5978,1
MIMAT0004667,6041,0
MIMAT0004188,448537,0
MIMAT0000200,31703,0
101060524,72301,0
hsa_circ_0078607,449171,0
hsa_circ_0082139,24180719,0
hsa_circ_0035482,25183872,0
MIMAT0004639,5280448,0
651053,1832,0
hsa_circ_0000861,5280343,0
MIMAT0004929,91820602,1
MIMAT0001835,5793,0
MIMAT0002863,644241,0
MIMAT0004770,2733,0
MIMAT0014029,636397,0
hsa_circ_0000075,123865,0
MIMAT0003296,5743,0
MIMAT0005583,47289,0
MIMAT0000252,97226,1
55165,445154,0
100885775,9898279,0
MIMAT0000462,23973,0
hsa_circ_0055943,23939,0
MIMAT0005628,445580,0
29940,8490,0
MIMAT0000776,3121,1
hsa_circ_0057948,6468,0
MIMAT0000762,5282350,0
MIMAT0002853,261000,0
100506674,74483,0
MIMAT0002830,4033,0
MIMAT0004856,241,0
MIMAT0002821,712,1
MIMAT0015066,64971,0
MIMAT0019019,107985,0
hsa_circ_0042435,441074,0
MIMAT0004809,3385,1
101927477,104741,0
MIMAT0018992,5281929,0
hsa_circ_0060516,9826528,0
643977,6442177,0
MIMAT0000138,162282,0
MIMAT0000132,108065,1
MIMAT0002844,5280896,0
MIMAT0000238,784,0
112935969,3763,0
344462,24978538,0
MIMAT0003308,6115,0
26220,5394,1
MIMAT0016876,11226684,0
MIMAT0000298,6253,0
MIMAT0019032,7222,0
MIMAT0000383,54454,0
hsa_circ_0040603,5790,0
MIMAT0000729,2187,0
MIMAT0000607,148124,0
hsa_circ_0036391,3902,0
MIMAT0003184,5538,0
MIMAT0003270,444732,0
MIMAT0002878,3397,0
MIMAT0000236,5281929,0
MIMAT0000784,5035,0
MIMAT0001367,3385,0
hsa_circ_0089414,2723601,0
MIMAT0017080,208908,0
MIMAT0019958,9949648,0
MIMAT0000664,1207,1
MIMAT0048134,5291,0
MIMAT0005635,126941,0
MIMAT0000533,6410,0
hsa_circ_0040466,47936,0
hsa_circ_0001974,72301,0
MIMAT0006775,2236,0
MIMAT0015141,445639,0
MIMAT0000247,5284616,1
hsa_circ_0072567,6623,0
hsa_circ_0009618,3397,0
MIMAT0005878,60750,1
MIMAT0003477,176870,0
MIMAT0018074,6440495,0
MIMAT0001366,10836,0
MIMAT0000731,60750,1
MIMAT0000132,10836,0
MIMAT0019815,60750,1
hsa_circ_0057518,9700,0
MIMAT0000276,3385,1
MIMAT0000724,21633059,1
100033439,114900,0
MIMAT0013991,636397,0
hsa_circ_0069997,124886,0
101927932,30323,0
MIMAT0003763,4091,0
MIMAT0001748,9931953,0
MIMAT0004918,15,0
MIMAT0026605,4763,0
MIMAT0000703,455658,0
MIMAT0004957,3121,0
MIMAT0001818,56649450,0
MIMAT0001810,442972,0
hsa_circ_0001386,6410,0
MIMAT0003374,5943,1
MIMAT0003264,969516,0
MIMAT0019904,5816,0
MIMAT0003281,31703,1
MIMAT0000680,5284373,1
MIMAT0001857,6857599,0
MIMAT0015337,162282,0
MIMAT0000141,2767,0
MIMAT0003328,3062316,0
MIMAT0000231,5329102,1
MIMAT0016847,148124,0
MIMAT0018988,15951529,0
MIMAT0000736,148124,1
MIMAT0000264,91820602,1
25989,5462222,0
MIMAT0000231,3385,1
MIMAT0000514,5394,0
MIMAT0000366,5757,1
MIMAT0002861,45266826,0
MIMAT0004514,3385,1
MIMAT0001827,445434,0
MIMAT0003049,104746,0
hsa_circ_0000199,60780,0
MIMAT0017988,25244711,0
MIMAT0003347,5280951,0
hsa_circ_0075494,3902,0
MIMAT0000091,712,1
MIMAT0004903,3019,0
MIMAT0000252,3345,0
101928509,4829,0
MIMAT0000763,60750,1
hsa_circ_0011448,5288826,0
MIMAT0003469,8490,1
MIMAT0004918,3101,0
MIMAT0000836,222757,0
MIMAT0009447,4095,0
MIMAT0003299,5310940,1
MIMAT0026620,114900,0
MIMAT0048134,2995,0
MIMAT0001340,64971,0
hsa_circ_0002078,636397,0
hsa_circ_0075896,5381226,0
MIMAT0000632,23973,1
MIMAT0001538,2336,1
MIMAT0002866,2767,1
MIMAT0002859,2767,1
hsa_circ_0000835,446220,0
MIMAT0004589,93004,0
MIMAT0000510,46843772,0
619455,3961,0
MIMAT0004573,5881,0
hsa_circ_0062610,16078949,0
MIMAT0005583,3385,1
MIMAT0004595,5280343,0
MIMAT0000800,5281614,0
MIMAT0018997,5222465,0
MIMAT0000459,5865,1
MIMAT0004773,56842234,0
MIMAT0001542,210332,1
MIMAT0000101,9826528,0
hsa_circ_0025506,164676,0
hsa_circ_0082179,124886,0
MIMAT0000150,36314,0
MIMAT0001339,2578,0
MIMAT0015194,29327,0
MIMAT0005942,4946,0
MIMAT0003260,6076,0
6866,73581,0
MIMAT0000685,28486,0
MIMAT0005444,2236,0
MIMAT0000753,3229,0
MIMAT0000138,56843276,0
hsa_circ_0032154,261000,0
MIMAT0000801,3779,1
hsa_circ_0040185,9915743,0
101927027,56842234,0
MIMAT0000246,5381226,0
100996590,5283344,0
MIMAT0004916,2520,1
MIMAT0004779,6253,0
MIMAT0001857,74483,1
54436,145858,0
MIMAT0003465,5959,0
MIMAT0000838,455658,0
MIMAT0003260,31703,1
MIMAT0000720,3385,1
9383,141643,0
104355136,5394,1
MIMAT0003477,644241,0
100874074,148124,0
MIMAT0005336,119104,0
hsa_circ_0001772,25227436,0
100507266,89594,0
hsa_circ_0003967,5743,0
100129310,4624,0
hsa_circ_0042444,5790,0
MIMAT0000211,737139,0
101927021,21633059,0
100506119,5281929,0
MIMAT0000843,636397,0
MIMAT0000456,5222465,0
103352670,442972,0
MIMAT0019868,455658,0
MIMAT0003290,5212,0
MIMAT0005457,5329102,0
MIMAT0019006,5459308,0
MIMAT0015042,3062316,0
hsa_circ_0068458,5352624,0
MIMAT0001582,13089,0
MIMAT0004985,2236,0
MIMAT0000075,9444,1
100506274,42611257,0
100874043,60750,0
MIMAT0004562,135403648,0
MIMAT0000524,4946,0
MIMAT0003321,544,0
546,176870,0
MIMAT0001827,3652,0
MIMAT0005952,56649450,0
MIMAT0000132,11626560,0
MIMAT0003185,442428,0
MIMAT0003299,119307,1
MIMAT0000279,47318,0
646024,36462,0
hsa_circ_0001849,15951529,1
100507217,5951,0
100288798,72304,0
hsa_circ_0042359,107985,0
MIMAT0015359,11626560,0
MIMAT0003314,5994,0
MIMAT0003130,5394,0
hsa_circ_0079163,6440495,0
hsa_circ_0006691,23939,0
hsa_circ_0000648,15951529,1
hsa_circ_0036683,3103,0
MIMAT0000370,4829,0
51427,25183872,0
MIMAT0003199,5284616,0
MIMAT0000510,164676,0
MIMAT0002888,969516,1
MIMAT0001778,4891,0
MIMAT0000834,5978,0
MIMAT0002890,442428,0
MIMAT0004550,5329102,0
MIMAT0015140,60838,0
hsa_circ_0000861,4212,0
101060524,5755,0
hsa_circ_0034682,104746,0
MIMAT0000560,44631912,0
MIMAT0000253,4943,0
MIMAT0000099,6253,0
51427,5281811,0
MIMAT0000185,47318,0
hsa_circ_0002131,2336,0
MIMAT0000756,36314,1
100506696,2375,0
MIMAT0001387,6468,0
hsa_circ_0088485,46843772,0
hsa_circ_0020354,5281004,0
MIMAT0009448,54670067,1
9774,6857599,1
MIMAT0000794,3121,1
100128164,445154,0
MIMAT0004747,8490,1
MIMAT0019920,6197,0
9950,265237,0
MIMAT0000670,2051,0
hsa_circ_0047641,41867,0
105374631,56649450,0
hsa_circ_0043634,444732,0
MIMAT0005886,445434,0
MIMAT0019775,16078949,0
MIMAT0019740,43815,0
hsa_circ_0089652,644241,0
MIMAT0004533,2578,0
MIMAT0001850,64971,0
8454,638278,0
MIMAT0015145,77999,0
hsa_circ_0001887,2723601,0
MIMAT0003340,31703,1
MIMAT0001536,449171,0
MIMAT0002856,5978,1
MIMAT0004796,6468,0
MIMAT0000085,11626560,0
MIMAT0000196,104758,0
hsa_circ_0050580,6167,0
MIMAT0005900,6253,0
MIMAT0003258,712,1
hsa_circ_0050119,9700,0
hsa_circ_0009172,5280448,0
102724077,24497,0
MIMAT0003765,119104,0
MIMAT0001545,969516,1
646405,1176,0
MIMAT0003380,37542,0
MIMAT0015169,2353,0
100128675,444795,0
440925,5755,0
MIMAT0015054,5283344,0
MIMAT0015346,3386,0
MIMAT0000554,3657,0
MIMAT0026719,6468,0
MIMAT0002847,1674,0
MIMAT0003228,216326,0
hsa_circ_0084927,15951529,1
MIMAT0000447,6076,0
MIMAT0013982,65110,0
MIMAT0000443,5288826,0
MIMAT0000594,5641,0
MIMAT0001698,446220,0
MIMAT0004852,265237,0
100133311,3117,0
MIMAT0004687,3385,1
MIMAT0004738,124886,0
652995,91820602,1
hsa_circ_0075402,14888,0
hsa_circ_0005949,2578,0
101927021,285033,0
hsa_circ_0062865,3019,0
MIMAT0001079,1176,0
hsa_circ_0061260,126941,0
MIMAT0003762,5460341,0
hsa_circ_0000763,712,0
100130418,24978538,0
51741,222528,0
MIMAT0000080,5790,1
MIMAT0005939,5997,0
100144602,24759,0
hsa_circ_0001497,896,0
MIMAT0004856,3071,0
MIMAT0001629,439260,0
MIMAT0000437,2723601,0
100507334,14403,0
MIMAT0000030,89594,1
MIMAT0001841,47289,0
MIMAT0015189,5865,0
MIMAT0003885,5329102,1
MIMAT0000660,77999,0
hsa_circ_0079743,896,0
MIMAT0004693,5943,0
MIMAT0015038,23973,0
hsa_circ_0004680,91466,0
hsa_circ_0003511,42611257,0
hsa_circ_0004254,3062316,0
MIMAT0000643,4891,0
MIMAT0000438,5951,0
MIMAT0015043,72304,0
hsa_circ_0017077,5943,0
MIMAT0005950,24497,0
hsa_circ_0059665,45266826,0
MIMAT0003247,2995,0
100132103,5394,1
MIMAT0002854,5281614,0
MIMAT0018926,60838,0
MIMAT0003401,54680783,0
MIMAT0001848,74483,1
hsa_circ_0040773,4891,0
MIMAT0005901,3028194,0
MIMAT0004974,4943,0
100130700,5394,1
hsa_circ_0000825,23973,0
100506674,2236,0
MIMAT0000273,123865,0
MIMAT0007881,445639,0
MIMAT0001787,1548943,0
MIMAT0000456,712,1
MIMAT0000255,5462222,0
105377105,4033,0
MIMAT0001777,5538,0
MIMAT0016863,73581,0
MIMAT0000714,3652,0
MIMAT0001791,60852,0
MIMAT0000890,4212,0
hsa_circ_0033144,6442177,0
440925,1175,0
MIMAT0001074,4091,0
MIMAT0019971,9700,0
MIMAT0000706,644241,0
MIMAT0001623,104758,0
hsa_circ_0002060,6076,0
100130691,24360,0
MIMAT0000728,148124,1
hsa_circ_0007326,1832,0
MIMAT0000157,6918289,0
hsa_circ_0048956,104758,0
MIMAT0006012,3690,0
hsa_circ_0076917,3006531,0
MIMAT0004234,24288,0
MIMAT0017993,74483,0
hsa_circ_0066290,6057,0
10821,53232,0
MIMAT0000068,387447,1
MIMAT0009451,164676,0
MIMAT0000442,3385,1
MIMAT0003879,60198,0
MIMAT0000837,93004,0
MIMAT0004450,23973,0
MIMAT0000762,124886,0
MIMAT0015052,2767,1
MIMAT0004507,3229,0
MIMAT0004531,445434,0
MIMAT0003763,5959,0
101927811,43815,0
MIMAT0001788,3028194,0
MIMAT0000449,6857599,1
645954,93004,0
MIMAT0003295,65348,0
MIMAT0019798,6057,0
MIMAT0019815,65015,0
100303491,5394,1
MIMAT0000142,5959,0
MIMAT0002864,4946,0
MIMAT0001823,9804992,0
hsa_circ_0003643,15939,0
104355217,448537,0
MIMAT0002873,43815,1
hsa_circ_0001450,11228183,0
MIMAT0026719,5284583,0
MIMAT0000101,5994,0
MIMAT0002866,5329102,0
MIMAT0003256,5793,1
100130889,4946,0
MIMAT0004976,2767,1
MIMAT0000818,439530,0
MIMAT0019861,3345,0
MIMAT0004828,16741,1
hsa_circ_0042444,3496,0
MIMAT0001816,3652,0
MIMAT0003216,657237,0
MIMAT0001850,4033,0
MIMAT0001413,2733526,1
hsa_circ_0038343,4091,0
MIMAT0000688,5994,1
101927891,4095,0
100506258,11953817,0
MIMAT0001799,15625,1
MIMAT0003130,442428,1
MIMAT0000158,3103,0
101927666,5283344,0
MIMAT0015069,24288,0
MIMAT0002876,123631,1
MIMAT0000083,2767,1
MIMAT0000250,5291,1
896,72304,0
hsa_circ_0050125,1832,0
hsa_circ_0004087,5282350,0
hsa_circ_0003534,5284373,0
MIMAT0015170,15,0
643911,17754356,0
hsa_circ_0061251,3397,0
hsa_circ_0038090,3902,0
MIMAT0004838,148124,0
MIMAT0005789,6468,0
hsa_circ_0006935,216345,0
hsa_circ_0028861,5280961,0
MIMAT0000255,6918289,0
MIMAT0000440,5978,1
MIMAT0004602,9915743,0
MIMAT0004514,77999,0
MIMAT0015002,445639,0
hsa_circ_0002976,54680783,0
MIMAT0003309,2520,1
MIMAT0005827,3763,0
MIMAT0005460,5394,0
MIMAT0019920,3006531,0
hsa_circ_0020354,10635,0
102723968,3006531,0
hsa_circ_0042459,60198,0
hsa_circ_0008394,15939,0
MIMAT0003880,5282350,0
104326188,1110,0
MIMAT0006770,3385,0
MIMAT0000428,222757,0
MIMAT0000891,6440495,1
hsa_circ_0001649,439530,0
MIMAT0016886,3657,0
MIMAT0003389,60953,0
MIMAT0002872,5978,1
MIMAT0005336,11707110,0
101448202,5394,1
MIMAT0001546,5816,0
hsa_circ_0000813,445858,0
MIMAT0019027,138374198,0
MIMAT0000264,969516,1
MIMAT0018967,455658,0
MIMAT0015357,42611257,0
MIMAT0015018,114900,0
MIMAT0003325,91466,0
MIMAT0048651,446220,1
MIMAT0000454,460612,0
MIMAT0019708,442972,0
441307,3101,0
hsa_circ_0020301,6057,0
MIMAT0014004,9547215,0
MIMAT0018937,15951529,0
MIMAT0017282,1110,0
MIMAT0004675,123865,0
MIMAT0002853,6253,0
MIMAT0004667,5280343,0
MIMAT0005945,11433190,0
hsa_circ_0008952,15951529,1
MIMAT0004233,2723601,0
MIMAT0000225,13342,0
MIMAT0000579,93004,0
MIMAT0017988,3657,0
MIMAT0000458,442793,0
MIMAT0003265,3821,0
101928416,5394,1
hsa_circ_0000861,2995,0
MIMAT0001759,74483,1
hsa_circ_0007632,15951529,1
MIMAT0001707,119307,0
MIMAT0002821,5978,1
MIMAT0001095,6440495,0
hsa_circ_0062163,25244711,0
hsa_circ_0092276,156413,0
MIMAT0000457,138374198,0
MIMAT0004450,5978,1
MIMAT0001273,145858,0
MIMAT0015069,119307,0
MIMAT0005592,3902,0
5937,104741,0
MIMAT0000381,10635,0
MIMAT0019919,5460341,0
7040,667639,0
MIMAT0000087,216239,1
MIMAT0000682,6623,0
hsa_circ_0001490,122724,0
MIMAT0001341,36314,1
104326188,445154,0
MIMAT0005797,60750,1
MIMAT0000077,444795,1
101927171,65348,0
MIMAT0000279,3902,0
hsa_circ_0072904,5206,0
100289255,5746,0
MIMAT0003165,41867,0
MIMAT0003208,89594,1
MIMAT0004284,31703,1
MIMAT0003881,253602,0
100996246,104758,0
hsa_circ_0043469,1548943,0
MIMAT0000252,2733526,1
MIMAT0001657,3496,1
100507257,544,0
MIMAT0000751,5538,0
MIMAT0001729,5793,0
MIMAT0016879,3028194,0
MIMAT0001545,145858,1
MIMAT0000149,8490,1
MIMAT0015339,176870,0
MIMAT0004675,5361,0
MIMAT0004985,5459308,0
MIMAT0015336,6013,0
100499183,74483,0
MIMAT0025123,9804992,0
MIMAT0001078,222528,0
MIMAT0005860,896,0
MIMAT0001371,1832,0
MIMAT0000522,71496458,0
101929027,107985,0
MIMAT0000386,5757,1
MIMAT0001771,14888,0
MIMAT0000231,2733526,1
MIMAT0015051,73581,0
MIMAT0015357,9949648,0
100506258,104741,0
MIMAT0003879,97226,1
hsa_circ_0042200,3961,0
MIMAT0000424,104758,0
hsa_circ_0000742,3652,0
MIMAT0000838,16132265,1
55647,5280448,0
100506465,6036,0
MIMAT0000567,4033,0
MIMAT0002109,47318,0
MIMAT0019074,6001,0
MIMAT0003401,5280951,0
MIMAT0005834,56843276,0
MIMAT0000724,14888,1
hsa_circ_0003997,11960529,0
MIMAT0015007,5460341,0
MIMAT0000064,387447,0
MIMAT0000437,9444,1
MIMAT0009977,5793,0
hsa_circ_0000192,5943,0
MIMAT0000009,2236,0
100506922,441074,0
hsa_circ_0069821,47318,0
MIMAT0000736,2767,1
1281,2244,0
MIMAT0004696,10621,1
101928399,3779,0
MIMAT0000538,15625,1
MIMAT0001730,2236,0
MIMAT0000685,1674,0
hsa_circ_0001235,5462222,0
MIMAT0004780,689043,0
MIMAT0003246,5978,0
102725045,10635,0
5610,261000,0
MIMAT0002821,25262965,0
MIMAT0003459,1207,0
MIMAT0002850,5757,1
MIMAT0003381,119104,0
55647,135403648,0
101927666,5394,1
MIMAT0000686,2767,1
MIMAT0007864,5280448,0
MIMAT0000461,36314,1
MIMAT0005899,3763,0
MIMAT0000123,60823,1
MIMAT0003304,5310940,1
MIMAT0001819,16078949,0
MIMAT0014011,9700,0
MIMAT0000762,5288826,0
hsa_circ_0055957,3397,0
MIMAT0002868,2733526,1
MIMAT0000666,448537,0
MIMAT0005828,15,0
MIMAT0005794,11228183,0
MIMAT0005918,5310940,1
MIMAT0003326,11228183,0
MIMAT0004229,4946,0
hsa_circ_0040786,23725625,0
MIMAT0016907,126941,0
MIMAT0000298,65064,0
MIMAT0000773,60838,0
MIMAT0002839,6410,0
51352,6036,0
100874074,37542,0
MIMAT0005837,737139,0
MIMAT0017080,31401,0
hsa_circ_0022963,171548,0
hsa_circ_0000326,9826528,0
MIMAT0018992,138374198,0
MIMAT0000290,5280896,0
MIMAT0000009,5789,0
MIMAT0023617,23973,1
101927480,5280961,0
MIMAT0003255,171548,0
MIMAT0001805,387447,0
MIMAT0003125,737139,0
MIMAT0000617,41867,1
MIMAT0000438,702,1
MIMAT0000793,442972,0
MIMAT0005633,9700,0
101927667,4641,0
646324,24180719,0
MIMAT0003176,6036,0
hsa_circ_0005086,54680783,0
hsa_circ_0008432,5206,0
MIMAT0005792,6013,0
MIMAT0000766,5997,1
100033439,171548,0
MIMAT0010357,60953,0
MIMAT0004559,5282350,0
MIMAT0003189,123631,0
MIMAT0017988,2733,0
hsa_circ_0086241,11556711,0
111216282,544,0
MIMAT0000848,544,0
10517,24180719,0
hsa_circ_0008618,4829,0
MIMAT0000661,89594,0
MIMAT0000455,6857599,1
MIMAT0003457,10621,0
MIMAT0000374,47725,0
hsa_circ_0002761,15951529,1
MIMAT0005952,5881,0
hsa_circ_0063623,1674,0
hsa_circ_0007059,162282,0
MIMAT0019834,5538,0
hsa_circ_0005721,5288209,0
MIMAT0000755,5743,1
MIMAT0005918,47318,0
MIMAT0003297,2733526,1
MIMAT0000259,3345,1
hsa_circ_0008131,15,0
MIMAT0005911,5318517,0
hsa_circ_0076155,11556711,0
MIMAT0000420,37542,0
MIMAT0001821,3779,0
MIMAT0000520,10184653,0
hsa_circ_0000323,3385,0
MIMAT0019861,4946,0
101928161,5394,1
MIMAT0001639,9915743,0
MIMAT0000746,667639,0
MIMAT0000454,14888,1
MIMAT0000121,448537,0
MIMAT0000554,36462,0
MIMAT0003202,4946,1
hsa_circ_0058058,23973,0
MIMAT0000581,5789,0
MIMAT0004950,60700,0
hsa_circ_0086474,5459308,0
MIMAT0018194,3385,0
hsa_circ_0007404,15951529,1
8418,448013,0
100131733,445434,0
hsa_circ_0004870,5280448,0
hsa_circ_0008389,455658,0
MIMAT0005577,3385,1
MIMAT0000803,5743,0
663,8378,0
MIMAT0001792,5280343,0
MIMAT0003888,5755,0
MIMAT0000760,36314,1
MIMAT0017999,9931953,0
MIMAT0002881,6167,0
MIMAT0023634,241,0
hsa_circ_0052154,5284373,0
MIMAT0001072,23973,1
MIMAT0000778,6115,0
100652997,16741,0
MIMAT0002812,2767,1
hsa_circ_0036391,5280445,0
MIMAT0004877,9064,1
MIMAT0003222,5281004,0
56997,60606,0
hsa_circ_0002131,2733,0
MIMAT0000078,448537,1
MIMAT0000053,4641,0
MIMAT0005887,1673,0
100270828,2733,0
hsa_circ_0002874,31101,0
MIMAT0000421,5361,1
MIMAT0000677,7222,0
MIMAT0003279,5073,0
MIMAT0001387,442793,0
MIMAT0000020,104758,0
MIMAT0003306,97226,1
101927843,24180719,0
101927282,439260,0
MIMAT0003740,123596,0
MIMAT0004911,5281708,0
hsa_circ_0079385,15951529,1
MIMAT0000136,16741,1
MIMAT0000617,229455,1
MIMAT0005950,6253,0
MIMAT0013991,16078949,0
MIMAT0003248,60838,0
hsa_circ_0043469,46843772,0
MIMAT0000100,6197,0
MIMAT0000127,2336,1
MIMAT0002876,5755,0
100499467,91820602,0
MIMAT0000209,8490,1
MIMAT0019069,3385,1
100996246,5394,1
MIMAT0000600,2723601,0
MIMAT0000892,141643,0
MIMAT0004640,138374198,0
MIMAT0015010,712,0
hsa_circ_0000524,5283344,0
MIMAT0016886,5994,0
100133669,135403648,0
hsa_circ_0025513,24268,0
MIMAT0001818,15,0
MIMAT0000093,4212,0
MIMAT0000096,148124,1
hsa_circ_0083026,6253,0
MIMAT0000101,2767,1
MIMAT0001797,15625,1
MIMAT0011161,445858,0
101927891,74483,0
MIMAT0000867,5978,0
MIMAT0000798,123865,0
MIMAT0001698,4829,0
MIMAT0000099,6857599,1
MIMAT0000275,451668,0
MIMAT0001733,9547215,0
hsa_circ_0030999,9931953,0
MIMAT0000648,445580,0
MIMAT0003220,6857599,0
MIMAT0003281,444795,0
MIMAT0000524,16078949,1
MIMAT0013987,6106,0
100885775,3345,1
100507466,14888,0
MIMAT0003319,5280445,0
MIMAT0003295,5865,0
MIMAT0000253,446556,0
hsa_circ_0061251,10635,0
hsa_circ_0004851,5311,0
MIMAT0000528,15625,1
MIMAT0015327,9915743,0
MIMAT0003260,216239,0
100507053,2578,0
26298,3496,0
MIMAT0002872,31703,1
MIMAT0000426,702,0
MIMAT0018185,3071,0
hsa_circ_0000504,41867,0
hsa_circ_0000521,3345,0
MIMAT0002868,3385,1
hsa_circ_0058608,2995,0
MIMAT0000772,10635,0
MIMAT0004950,442428,1
MIMAT0001822,65064,0
hsa_circ_0008016,442972,0
MIMAT0000239,4891,0
MIMAT0019765,5359268,0
27303,5394,1
MIMAT0014999,3345,0
hsa_circ_0004771,5284616,0
MIMAT0002111,11953817,0
MIMAT0001537,445858,1
MIMAT0000602,3779,1
MIMAT0000521,16741,1
MIMAT0003471,24180719,0
MIMAT0003188,5206,0
100129781,16078949,0
MIMAT0002853,229455,0
MIMAT0000435,14888,1
MIMAT0003119,65348,0
MIMAT0000982,3007,0
MIMAT0000146,5746,0
hsa_circ_0044837,15951529,1
hsa_circ_0026143,107985,0
MIMAT0001816,10836,0
MIMAT0000757,43815,1
MIMAT0003123,5281929,0
hsa_circ_0059665,3496,0
hsa_circ_0062980,261004,0
386597,16078949,0
hsa_circ_0001386,60953,0
hsa_circ_0017485,107985,0
MIMAT0002819,3229,1
MIMAT0000776,104746,0
MIMAT0004185,24268,0
hsa_circ_0003201,15625,0
MIMAT0001794,5460341,0
MIMAT0010251,24497,0
MIMAT0001822,446220,0
102800310,3902,0
MIMAT0005796,3062316,0
MIMAT0001785,15625,1
MIMAT0019053,451668,0
MIMAT0001087,462382,0
MIMAT0003470,16078949,1
hsa_circ_0008044,3071,0
MIMAT0000604,5311,0
hsa_circ_0076251,65015,0
hsa_circ_0057518,31703,1
hsa_circ_0000516,445639,0
hsa_circ_0003315,16741,0
hsa_circ_0001599,2767,0
MIMAT0000459,216326,1
100129291,77999,0
255812,6279,0
101927155,5280961,0
hsa_circ_0023685,5360373,0
hsa_circ_0064808,448013,0
MIMAT0002104,54671203,0
100506866,6253,0
MIMAT0000862,6440495,1
hsa_circ_0015796,123631,0
MIMAT0018945,10836,0
MIMAT0000770,5280795,1
4855,2187,0
MIMAT0000143,5281708,0
MIMAT0005460,37542,0
MIMAT0004983,5310940,1
MIMAT0002881,222528,0
6494,162282,0
hsa_circ_0061891,210332,0
MIMAT0003511,5816,0
MIMAT0000691,544,0
MIMAT0004837,5280795,0
MIMAT0001775,445154,0
MIMAT0000243,72304,0
hsa_circ_0005354,11953817,0
MIMAT0017282,5280445,0
MIMAT0004773,445154,0
MIMAT0003298,3690,0
10821,5394,1
MIMAT0005315,56649450,0
hsa_circ_0016123,5281811,0
hsa_circ_0005730,24288,0
MIMAT0005460,5291,0
hsa_circ_0001847,7222,0
MIMAT0014989,60750,1
MIMAT0000415,36462,1
100507098,5288209,0
684959,6505803,0
MIMAT0003376,8490,0
MIMAT0000126,97226,0
MIMAT0003289,4641,0
MIMAT0004799,36314,1
hsa_circ_0000773,5280453,0
MIMAT0000766,145858,1
MIMAT0000815,3121,1
MIMAT0000069,5793,1
hsa_circ_0084606,784,0
MIMAT0019718,442428,0
hsa_circ_0008242,171548,0
MIMAT0000728,3961,0
MIMAT0004703,97226,1
hsa_circ_0040466,2336,0
MIMAT0015157,11433190,0
MIMAT0000541,16132265,1
MIMAT0003480,31401,0
100506866,60700,0
100216479,5943,0
MIMAT0014989,1832,0
100499405,145858,0
MIMAT0026739,3385,1
MIMAT0001342,56649450,0
MIMAT0000720,176870,0
hsa_circ_0022434,54454,0
MIMAT0000736,5311,1
MIMAT0001389,24497,0
MIMAT0000226,5310940,1
hsa_circ_0005907,2336,0
hsa_circ_0008359,689043,0
MIMAT0016915,119307,1
MIMAT0003244,122724,0
MIMAT0000066,36462,1
MIMAT0003238,445580,0
hsa_circ_0006101,2767,1
MIMAT0002807,4946,0
MIMAT0015070,985,0
MIMAT0003233,2767,1
MIMAT0000838,5359268,0
MIMAT0000090,3385,1
hsa_circ_0065871,15951529,1
MIMAT0000240,114900,0
MIMAT0004595,54454,0
MIMAT0003322,6857599,1
MIMAT0000242,444732,1
MIMAT0000208,253602,0
MIMAT0000134,6013,0
653677,5394,1
MIMAT0019905,47936,0
hsa_circ_0026302,5282350,0
338758,46843772,0
101928710,3657,0
hsa_circ_0001258,31703,1
MIMAT0000077,3385,1
MIMAT0003409,5280795,0
hsa_circ_0007031,636397,0
MIMAT0000246,444795,0
hsa_circ_0028912,3006531,0
MIMAT0015048,60750,1
hsa_circ_0006691,712,0
MIMAT0000258,3121,1
645166,31703,1
hsa_circ_0014737,11228183,0
MIMAT0003307,162282,0
hsa_circ_0000326,15951529,1
MIMAT0000251,896,0
MIMAT0003497,24360,0
MIMAT0005892,5280453,0
MIMAT0000077,3386,0
MIMAT0000748,8490,1
MIMAT0000770,5793,1
MIMAT0002810,5951,0
hsa_circ_0066290,60750,0
MIMAT0000122,3386,0
MIMAT0011435,5793,0
MIMAT0004982,2733526,1
MIMAT0001373,3229,0
MIMAT0004687,4891,0
101060542,11556711,0
MIMAT0000125,16741,0
100131814,89594,0
MIMAT0000372,3397,0
MIMAT0003326,6623,1
hsa_circ_0065932,443586,0
MIMAT0004886,5361,0
MIMAT0000443,5790,0
hsa_circ_0002590,104746,0
101928492,5394,1
hsa_circ_0006900,444254,0
MIMAT0003285,43815,0
MIMAT0000686,3397,1
hsa_circ_0004870,15951529,1
MIMAT0019697,3763,0
54660,126941,0
MIMAT0003296,23973,0
MIMAT0003780,49803145,0
100505832,7222,0
MIMAT0001808,25183872,0
MIMAT0003734,108065,0
MIMAT0003451,12967,1
MIMAT0000263,5310940,1
2059,54680783,0
MIMAT0003393,2520,1
MIMAT0000645,1110,0
MIMAT0000791,3779,1
MIMAT0000667,702,0
MIMAT0000874,119104,0
MIMAT0004365,2733526,0
MIMAT0019929,5743,0
MIMAT0000771,8029,0
100379571,24978538,0
MIMAT0005898,5311,1
MIMAT0005939,702,0
MIMAT0015343,5978,0
MIMAT0000686,47318,0
hsa_circ_0000150,9931953,0
MIMAT0004621,13089,0
MIMAT0001425,969516,0
MIMAT0001733,445154,0
MIMAT0002819,451668,1
MIMAT0003289,5462222,0
MIMAT0000415,5950,0
101928307,4946,0
hsa_circ_0008621,3062316,0
hsa_circ_0000285,119307,0
hsa_circ_0008310,41867,0
hsa_circ_0014737,3397,0
MIMAT0002883,24360,0
MIMAT0000154,3121,1
MIMAT0004631,2662,0
hsa_circ_0001568,15951529,1
hsa_circ_0000825,5793,0
MIMAT0014028,56649450,0
641638,122724,0
MIMAT0014006,24268,1
MIMAT0000135,16741,1
MIMAT0004787,3386,0
MIMAT0000077,122634,0
100507629,3496,0
MIMAT0015035,4091,0
MIMAT0015027,387447,0
MIMAT0001273,74483,1
hsa_circ_0009577,91466,0
111216282,9064,0
hsa_circ_0001772,455658,0
MIMAT0004695,11228183,0
hsa_circ_0003602,17754356,0
hsa_circ_0002402,2353,0
MIMAT0004672,2733,0
MIMAT0000075,60750,1
hsa_circ_0005513,15625,0
MIMAT0004704,9576410,0
MIMAT0004631,442428,1
MIMAT0000529,5757,1
MIMAT0001822,74483,1
MIMAT0000690,6253,0
MIMAT0000241,5793,1
101928978,5394,1
MIMAT0000736,60780,0
MIMAT0001779,31703,0
hsa_circ_0000518,1674,0
hsa_circ_0005965,638278,0
100144597,60780,0
MIMAT0004916,36462,0
MIMAT0000535,5361,0
MIMAT0015002,3385,1
101928796,445858,0
MIMAT0000704,54680783,0
hsa_circ_0042444,41867,0
MIMAT0004853,6410,1
MIMAT0003182,9898279,0
hsa_circ_0002259,6410,0
hsa_circ_0026512,11556711,0
201651,37542,0
10263,97226,0
MIMAT0016879,38904,1
MIMAT0000270,11226684,0
MIMAT0000235,2051,0
MIMAT0014025,124886,0
MIMAT0000454,36462,1
101928168,77999,0
MIMAT0002891,77999,0
MIMAT0004937,444795,0
MIMAT0003407,2236,0
MIMAT0018108,5459308,0
MIMAT0004588,108065,0
MIMAT0019864,123631,0
MIMAT0000127,8490,1
644919,3385,0
100129662,5394,1
MIMAT0000278,31703,1
MIMAT0003171,119104,0
MIMAT0001821,446220,0
hsa_circ_0000773,54671203,0
hsa_circ_0001691,5790,0
hsa_circ_0000919,10635,0
MIMAT0002866,6106,0
MIMAT0000855,5359268,0
MIMAT0004933,11556711,0
MIMAT0018097,636397,0
646576,4946,0
MIMAT0003490,12967,1
hsa_circ_0088128,5280445,0
MIMAT0005460,4212,0
MIMAT0000654,65064,0
MIMAT0000072,37542,1
MIMAT0004826,9915743,0
MIMAT0000420,2375,1
652995,135403648,0
101927034,126941,0
MIMAT0004942,737139,0
hsa_circ_0063305,6013,0
MIMAT0018179,24497,0
MIMAT0005339,3961,0
MIMAT0000439,6410,0
MIMAT0000661,5959,0
MIMAT0001808,6279,0
MIMAT0005870,229455,0
MIMAT0003388,11556711,0
MIMAT0000299,3229,0
hsa_circ_0056048,638278,0
hsa_circ_0001449,15951529,1
100505938,9547215,0
MIMAT0000084,2767,1
MIMAT0000549,222528,0
MIMAT0001825,5280896,0
MIMAT0003499,31703,1
MIMAT0003294,2733526,1
MIMAT0000867,56843276,0
MIMAT0000757,119307,1
MIMAT0001701,4095,0
MIMAT0000717,2520,1
MIMAT0000165,448537,0
MIMAT0000020,4946,0
MIMAT0000177,104741,0
MIMAT0000419,5997,1
MIMAT0000719,2733526,0
MIMAT0000881,6440495,1
MIMAT0001786,54680783,0
441666,9547215,0
100130717,5352624,0
10821,5361,0
25859,31703,0
MIMAT0000227,148124,1
hsa_circ_0059880,1176,0
MIMAT0001021,3397,0
MIMAT0004612,49803145,0
MIMAT0005949,16078949,0
MIMAT0005837,60953,0
MIMAT0000652,2051,0
MIMAT0000423,42611257,1
MIMAT0016852,73581,0
MIMAT0003299,9915743,1
MIMAT0000053,2520,0
MIMAT0019716,261004,0
MIMAT0015001,790,0
hsa_circ_0058361,5291,0
MIMAT0004703,1832,0
MIMAT0017282,47725,0
MIMAT0004670,104741,0
MIMAT0003894,439530,0
MIMAT0003319,2520,1
MIMAT0015141,9064,0
MIMAT0015172,123631,0
100652736,54671203,0
MIMAT0004838,9931953,0
MIMAT0004703,442428,1
MIMAT0015359,24268,1
MIMAT0000833,5943,0
100303491,122634,0
MIMAT0002817,141643,0
hsa_circ_0003838,77999,0
MIMAT0003769,5206,0
hsa_circ_0022080,448013,0
MIMAT0018085,12967,0
MIMAT0000051,6089,0
MIMAT0001078,23725625,0
MIMAT0000432,2375,1
102723968,6057,0
MIMAT0004238,24288,0
MIMAT0000095,6013,0
728374,25244711,0
hsa_circ_0042451,5284616,0
MIMAT0003948,6442177,0
hsa_circ_0087293,13342,0
MIMAT0001809,5997,0
MIMAT0000251,6440495,0
MIMAT0003216,14403,0
hsa_circ_0000504,123596,0
100033435,445434,0
100288798,896,0
MIMAT0004557,3657,0
MIMAT0000136,10184653,0
MIMAT0001733,790,0
MIMAT0004648,2723601,0
MIMAT0045392,8029,0
MIMAT0013802,3385,1
100505532,60823,0
MIMAT0003451,5329102,0
MIMAT0000062,2767,1
MIMAT0002869,2733526,1
MIMAT0000432,148124,1
hsa_circ_0004891,446556,0
100506759,265237,0
hsa_circ_0008394,5280951,0
hsa_circ_0008518,1548943,0
100996645,5281811,0
MIMAT0003714,2733526,1
hsa_circ_0006318,3397,0
646201,13089,0
hsa_circ_0017077,5283344,0
221883,5394,1
MIMAT0003249,5538,0
MIMAT0000144,16197265,0
MIMAT0000446,5281708,0
hsa_circ_0012673,15951529,1
hsa_circ_0011385,387447,0
MIMAT0001863,60838,0
MIMAT0003347,122634,0
MIMAT0019814,5284583,0
10988,11226684,0
MIMAT0002882,3779,0
MIMAT0019936,42113,0
7079,9804992,0
100009613,3229,0
hsa_circ_0036054,11626560,0
MIMAT0017999,97226,0
MIMAT0000126,8490,1
MIMAT0000137,5755,0
MIMAT0003276,45266826,0
MIMAT0001786,644241,0
MIMAT0018356,3385,1
MIMAT0016890,8378,0
MIMAT0004524,969516,1
hsa_circ_0002955,3961,0
MIMAT0002877,5994,1
MIMAT0000063,712,1
100286844,9826528,0
MIMAT0000874,3386,0
MIMAT0004674,6041,0
MIMAT0019002,24268,0
hsa_circ_0087861,145858,0
MIMAT0000281,119307,1
hsa_circ_0056790,37542,0
MIMAT0004791,53232,0
MIMAT0015197,644241,0
MIMAT0000367,11635763,0
MIMAT0004853,60780,0
MIMAT0005576,5381226,0
hsa_circ_0000714,5281708,0
MIMAT0000678,108065,1
hsa_circ_0023249,56649450,0
101927381,124886,0
MIMAT0015197,3345,0
MIMAT0000821,5881,0
MIMAT0003515,455658,0
646024,3006531,0
147947,7222,0
MIMAT0001824,74483,1
MIMAT0000076,5994,1
hsa_circ_0062980,11707110,0
MIMAT0001865,5789,0
MIMAT0000883,445154,0
MIMAT0000143,43815,0
MIMAT0015197,2907,0
MIMAT0002060,6037,0
hsa_circ_0085173,5280448,0
10984,31101,0
hsa_circ_0006884,72301,0
hsa_circ_0002259,4891,0
MIMAT0004837,241,0
MIMAT0000782,4946,1
MIMAT0003317,42113,0
hsa_circ_0049462,5462222,0
MIMAT0000894,123631,0
MIMAT0003887,124886,0
MIMAT0004628,9700,0
MIMAT0003220,442972,0
105377105,5394,1
MIMAT0000770,6857599,1
MIMAT0019887,5212,0
MIMAT0005844,56843276,0
hsa_circ_0003273,6013,0
hsa_circ_0000517,5284373,0
MIMAT0019886,13342,0
MIMAT0019032,5950,0
MIMAT0000613,104842,0
MIMAT0019762,460612,0
101928674,3101,0
hsa_circ_0061346,644241,0
MIMAT0000848,42890,0
MIMAT0001370,4091,0
MIMAT0005625,74483,0
hsa_circ_0005730,5790,0
MIMAT0003311,444732,1
MIMAT0003252,3345,0
MIMAT0000681,41867,0
hsa_circ_0087963,176870,0
hsa_circ_0000835,6036,0
MIMAT0005280,3019,0
MIMAT0000226,6197,0
MIMAT0002859,5793,1
MIMAT0000904,3652,0
MIMAT0003467,126941,0
hsa_circ_0076522,216239,0
hsa_circ_0000554,667639,0
MIMAT0005880,6279,0
hsa_circ_0002078,11960529,0
MIMAT0002814,60750,0
MIMAT0004764,17754356,0
51716,6057,0
MIMAT0001701,3062316,0
MIMAT0019721,6857599,0
hsa_circ_0000919,9576410,0
MIMAT0000462,5997,1
hsa_circ_0008817,5352624,0
hsa_circ_0000285,9826528,0
hsa_circ_0047270,210332,0
MIMAT0019775,60750,1
101927761,3007,0
MIMAT0000665,56843276,0
MIMAT0004903,13342,0
hsa_circ_0047253,15951529,1
MIMAT0011446,24759,0
MIMAT0000855,3821,0
MIMAT0004676,60700,1
MIMAT0005966,6623,0
hsa_circ_0005513,114900,0
MIMAT0001785,74483,1
MIMAT0019806,47936,0
MIMAT0009834,6279,0
MIMAT0000828,638278,0
MIMAT0000827,5281708,0
hsa_circ_0000915,11635763,0
441666,16132265,0
hsa_circ_0017449,444254,0
MIMAT0000449,123631,1
MIMAT0001625,1110,0
MIMAT0000648,444732,0
MIMAT0005300,2244,0
MIMAT0000678,442428,1
hsa_circ_0004015,969516,0
MIMAT0000704,8490,1
MIMAT0000385,5757,1
MIMAT0000258,123631,1
MIMAT0000273,3220,0
MIMAT0002821,2733526,1
MIMAT0019699,3488,0
MIMAT0000710,36314,1
MIMAT0001638,5997,0
hsa_circ_0000074,5212,0
MIMAT0019844,176870,0
MIMAT0011777,74483,0
MIMAT0003260,124886,0
MIMAT0014817,14888,0
MIMAT0004825,5291,0
MIMAT0000073,1175,0
MIMAT0000103,448537,1
MIMAT0003297,5311,0
MIMAT0000878,5280961,0
MIMAT0005797,451668,0
MIMAT0000891,11707110,0
MIMAT0000240,448537,0
hsa_circ_0087357,6468,0
MIMAT0004640,16078949,1
MIMAT0000457,5997,0
100506930,4095,0
hsa_circ_0075320,14403,0
MIMAT0000860,15,0
100144603,65110,0
MIMAT0000384,216326,0
MIMAT0004365,3117,0
MIMAT0005340,3779,1
MIMAT0019733,5280360,0
MIMAT0000238,5288826,0
MIMAT0000649,5284616,1
MIMAT0004848,16741,1
MIMAT0000093,135403648,0
MIMAT0000842,387447,0
hsa_circ_0001849,702,0
MIMAT0018988,13089,0
MIMAT0000458,2767,1
MIMAT0003273,162282,0
hsa_circ_0000370,6001,0
MIMAT0000611,24978538,0
100499177,5959,0
hsa_circ_0089033,37542,0
MIMAT0002876,1674,0
100505702,65064,0
hsa_circ_0052154,6037,0
MIMAT0004531,8029,0
MIMAT0000245,60852,0
MIMAT0019834,5381226,0
MIMAT0017988,241,0
101927574,24759,0
MIMAT0000523,16741,1
MIMAT0015063,24759,0
MIMAT0000690,162282,0
MIMAT0000551,261004,0
MIMAT0003150,5222465,0
645682,9826528,0
hsa_circ_0079385,8378,0
MIMAT0002173,38904,1
hsa_circ_0071196,53232,0
MIMAT0000656,5757,1
MIMAT0000092,9064,0
MIMAT0004805,29327,0
MIMAT0019839,9931953,0
hsa_circ_0000604,445639,0
MIMAT0000156,6410,1
MIMAT0018121,5280961,0
646405,442793,0
MIMAT0000433,31703,1
hsa_circ_0028098,9826528,0
MIMAT0002824,24759,0
hsa_circ_0001278,2907,0
MIMAT0018001,5280427,0
MIMAT0005439,4095,0
hsa_circ_0000835,11635763,0
MIMAT0005589,3385,1
MIMAT0018085,54680783,0
MIMAT0004597,3019,0
MIMAT0004929,5757,0
MIMAT0009196,47936,0
645993,11707110,0
100507098,23939,0
101060524,229455,0
25850,449171,0
MIMAT0015063,65015,0
hsa_circ_0001847,11626560,0
MIMAT0007869,1832,0
MIMAT0000266,72304,0
100292680,24978538,0
MIMAT0002820,216239,0
MIMAT0001865,11226684,0
hsa_circ_0063329,387447,0
MIMAT0000445,445434,0
MIMAT0001786,2244,0
MIMAT0004550,3657,0
MIMAT0002890,25227436,0
hsa_circ_0009654,65348,0
MIMAT0003764,47725,0
MIMAT0004585,216326,1
100506922,60823,0
MIMAT0000257,712,1
26033,60198,0
101926978,442428,0
MIMAT0004802,2520,1
hsa_circ_0000075,3961,0
MIMAT0003242,49803145,0
MIMAT0000419,2353,0
MIMAT0013990,3019,0
MIMAT0000451,5291,1
MIMAT0001800,5360373,0
hsa_circ_0062865,9949648,0
MIMAT0005899,17754356,0
101927381,60953,0
hsa_circ_0000255,3121,0
MIMAT0003239,5381226,0
MIMAT0003049,42611257,0
MIMAT0000085,451668,1
MIMAT0015079,5881,0
MIMAT0000581,5757,1
MIMAT0003188,3385,0
105375475,9915743,0
hsa_circ_0009004,21109,0
hsa_circ_0000773,156413,0
MIMAT0003180,31703,1
MIMAT0015329,1207,0
hsa_circ_0005235,5288209,0
MIMAT0003125,657237,0
MIMAT0001037,23973,1
MIMAT0000255,442972,1
MIMAT0000748,162282,0
988,15951529,0
101928103,5280951,0
MIMAT0000522,47936,0
441666,6253,0
MIMAT0001734,72301,0
hsa_circ_0001646,9931953,0
MIMAT0001546,15625,0
hsa_circ_0087234,145858,0
MIMAT0019938,119104,0
4321,442793,0
25812,261004,0
101929027,5288826,0
MIMAT0000155,5816,0
MIMAT0004708,455658,0
MIMAT0003326,16197265,0
MIMAT0019730,14888,0
100126793,11626560,0
MIMAT0018966,60750,1
MIMAT0003469,6410,1
MIMAT0004488,5959,0
hsa_circ_0021727,5281004,0
MIMAT0005918,31703,1
MIMAT0000213,5978,0
MIMAT0004604,443586,0
100131604,3385,0
hsa_circ_0000192,41867,0
MIMAT0003152,4158,0
MIMAT0001728,25183872,0
MIMAT0005788,3117,0
MIMAT0019936,449171,0
MIMAT0005440,6076,0
hsa_circ_0005397,45266826,0
MIMAT0000142,6115,0
101927891,451668,0
100130691,124886,0
MIMAT0002845,1130,0
MIMAT0004926,54670067,1
54838,544,0
MIMAT0003336,3385,1
MIMAT0000129,11228183,0
MIMAT0018926,460612,0
193629,3496,0
MIMAT0018000,6041,0
MIMAT0000898,21109,0
MIMAT0015141,156413,0
MIMAT0014029,47725,0
MIMAT0000889,31401,0
MIMAT0003759,265237,0
hsa_circ_0004954,6468,0
MIMAT0010251,24180719,1
hsa_circ_0000141,5790,0
hsa_circ_0011293,5281708,0
MIMAT0015043,5283344,0
hsa_circ_0070520,54454,0
MIMAT0000136,445580,0
100033413,969516,0
MIMAT0031893,123631,1
MIMAT0000561,31101,0
hsa_circ_0057948,544,0
104355217,5381226,0
MIMAT0004220,6115,0
MIMAT0000885,445434,0
MIMAT0000603,11635763,0
101927718,107985,0
102724515,13342,0
hsa_circ_0003655,6440495,0
MIMAT0000868,16078949,0
hsa_circ_0007924,261000,0
MIMAT0019740,4763,0
MIMAT0001813,5361,0
hsa_circ_0061107,6037,0
MIMAT0005031,89594,1
MIMAT0000608,445154,1
100507098,13342,0
MIMAT0000692,5329102,1
MIMAT0004587,3779,0
MIMAT0004858,9915743,0
MIMAT0014031,442972,0
MIMAT0000739,1548943,0
101929645,71496458,0
MIMAT0000125,5310940,0
546,2733526,0
MIMAT0000270,31703,1
MIMAT0013983,442972,0
MIMAT0003388,210332,1
MIMAT0001063,4158,0
MIMAT0000724,229455,1
MIMAT0017002,54680783,0
MIMAT0017999,6076,0
100874058,5950,0
MIMAT0004858,443586,1
MIMAT0004565,65064,0
642633,5394,1
100507099,6253,0
MIMAT0002888,42890,1
MIMAT0003469,5994,0
100506126,6106,0
hsa_circ_0005671,6442177,0
hsa_circ_0056790,145858,0
hsa_circ_0055943,5865,0
MIMAT0004623,44631912,0
MIMAT0000602,21633059,0
MIMAT0009198,638278,0
hsa_circ_0077216,16132265,0
MIMAT0001817,74483,1
MIMAT0005837,24759,0
MIMAT0004703,47936,0
MIMAT0004923,3902,0
hsa_circ_0049462,15951529,1
100190938,23939,0
100505832,444732,0
MIMAT0000093,969516,1
MIMAT0001648,985,0
643733,3062316,0
MIMAT0003214,9804992,0
MIMAT0001707,15939,0
MIMAT0005459,9826528,0
MIMAT0000080,451668,1
MIMAT0004216,5943,0
hsa_circ_0032825,14888,0
hsa_circ_0059910,2995,0
MIMAT0000425,3902,0
MIMAT0003729,31703,1
MIMAT0000373,6036,1
MIMAT0018080,25262965,0
MIMAT0000725,8378,0
101927642,452548,0
101929655,3779,0
MIMAT0000257,657237,1
MIMAT0015325,5789,0
MIMAT0004876,5281004,1
MIMAT0001368,5281708,0
MIMAT0002844,60750,1
100499484,6918837,0
MIMAT0001020,56842234,0
MIMAT0000511,5281811,0
MIMAT0003308,31401,1
MIMAT0000156,72304,0
100996732,45266826,0
MIMAT0000274,2733526,1
MIMAT0026739,4091,0
100506994,3779,0
hsa_circ_0008389,3007,0
MIMAT0000177,253602,0
MIMAT0000435,5280360,1
MIMAT0000753,5978,1
MIMAT0019851,54680783,0
10263,71496458,0
MIMAT0003049,3779,0
MIMAT0000123,123631,0
MIMAT0004775,253602,0
hsa_circ_0000211,72304,0
MIMAT0003466,2995,0
hsa_circ_0001887,5073,0
MIMAT0003455,5280427,0
MIMAT0000721,6918289,0
hsa_circ_0009360,15951529,1
MIMAT0002173,5329102,1
MIMAT0004518,2662,0
MIMAT0001634,47318,0
101060542,54675776,0
MIMAT0018204,5978,0
MIMAT0000081,3385,1
MIMAT0004499,44631912,0
643827,3117,0
MIMAT0000692,5994,1
hsa_circ_0002259,15951529,1
100129029,4091,0
MIMAT0011778,11635763,0
MIMAT0000137,1548943,0
hsa_circ_0079166,3397,0
101101772,444795,0
MIMAT0000526,11960529,0
MIMAT0004567,77999,0
MIMAT0002845,119104,0
MIMAT0019716,5951,0
MIMAT0004777,7222,0
MIMAT0001631,969516,1
MIMAT0000793,122724,0
MIMAT0000266,38904,1
MIMAT0000609,6001,0
MIMAT0004682,265237,0
105373984,445154,0
MIMAT0000721,1207,0
100131874,171548,0
MIMAT0000763,5538,0
hsa_circ_0004596,5288209,0
MIMAT0004672,5280951,0
MIMAT0004948,2520,0
100505576,15,0
101929407,97226,0
MIMAT0000803,30323,0
MIMAT0003473,3763,0
hsa_circ_0080212,3961,0
MIMAT0000161,162282,0
MIMAT0000689,2767,1
hsa_circ_0008539,43815,0
hsa_circ_0086474,65348,0
MIMAT0004787,10635,0
hsa_circ_0006473,5381226,0
MIMAT0004604,5755,0
MIMAT0000098,43815,0
hsa_circ_0005671,5073,0
MIMAT0019756,445639,0
MIMAT0000210,216326,1
MIMAT0013982,443586,0
hsa_circ_0040466,216239,0
MIMAT0000377,4091,0
MIMAT0002884,108065,0
MIMAT0002178,445858,0
100132707,5394,1
100996335,1130,0
hsa_circ_0000825,28486,0
MIMAT0015362,56842234,0
MIMAT0003249,9898279,0
MIMAT0035719,3386,0
100131564,638278,0
MIMAT0000878,2995,0
MIMAT0000262,3821,0
MIMAT0004519,60198,0
MIMAT0000278,119307,1
MIMAT0001421,285033,0
hsa_circ_0022378,5978,0
MIMAT0015343,6623,0
MIMAT0001816,444795,0
MIMAT0019876,3220,0
hsa_circ_0007283,47936,0
MIMAT0005918,135403648,0
MIMAT0003727,9064,1
hsa_circ_0041523,5997,0
MIMAT0002853,15939,0
101927249,443586,0
hsa_circ_0004254,2767,1
MIMAT0004725,23973,0
102724105,47289,0
MIMAT0003321,9949648,0
MIMAT0002847,53232,0
MIMAT0000739,448013,0
29797,448013,0
55165,60780,0
MIMAT0001733,54675776,0
MIMAT0000460,5978,1
MIMAT0015063,56842234,0
MIMAT0000781,31401,0
MIMAT0019074,1110,0
MIMAT0005898,54670067,1
MIMAT0000519,8490,1
MIMAT0000268,54671203,0
hsa_circ_0001147,445858,0
MIMAT0004951,60750,1
hsa_circ_0000817,60852,0
MIMAT0002872,1176,0
hsa_circ_0000199,455658,0
100499484,5394,1
MIMAT0004934,16741,0
hsa_circ_0000323,15951529,1
27242,24497,0
hsa_circ_0087357,60606,0
MIMAT0001635,93004,0
MIMAT0000604,208908,0
MIMAT0004514,5310940,1
MIMAT0000646,657237,1
MIMAT0003252,38904,0
MIMAT0005795,60780,0
MIMAT0019850,3385,1
MIMAT0000066,2375,1
hsa_circ_0063575,36314,0
hsa_circ_0056048,15951529,1
MIMAT0003470,638278,0
MIMAT0000048,2733526,0
MIMAT0003205,25262965,0
MIMAT0000139,4763,0
MIMAT0005911,5994,0
MIMAT0000881,60823,0
653190,216239,0
hsa_circ_0087063,54671203,0
MIMAT0000772,2733526,1
100874074,8029,0
MIMAT0004604,445154,0
6374,6857599,1
MIMAT0005900,45266826,0
MIMAT0004450,452548,0
MIMAT0003769,702,1
hsa_circ_0008337,31401,0
MIMAT0000836,5978,0
MIMAT0019868,5746,0
hsa_circ_0087400,451668,0
100009613,6076,0
MIMAT0012734,3385,1
MIMAT0004856,119104,0
MIMAT0019001,445434,0
55545,1176,0
MIMAT0004926,449171,0
MIMAT0003490,5284616,1
MIMAT0019789,5206,0
6290,216239,0
MIMAT0016852,5222465,0
MIMAT0000770,123631,1
8452,6197,0
MIMAT0004702,985,0
MIMAT0005903,16197265,0
MIMAT0000533,122634,0
MIMAT0015317,60852,0
MIMAT0004504,712,0
100289019,5755,0
MIMAT0000155,439260,0
MIMAT0004696,14888,0
MIMAT0019053,442428,0
MIMAT0003459,667639,0
401898,6001,0
MIMAT0018110,444732,0
MIMAT0000161,5757,1
MIMAT0019844,445858,0
hsa_circ_0005572,3961,0
hsa_circ_0063158,9064,0
MIMAT0000229,3071,0
hsa_circ_0023685,1674,0
101927174,3103,0
MIMAT0003214,23939,0
MIMAT0000748,265237,0
hsa_circ_0087357,5951,0
MIMAT0004484,14888,0
MIMAT0000423,4763,0
1591,5994,0
MIMAT0004669,60780,0
MIMAT0004695,31101,0
hsa_circ_0006117,93004,0
MIMAT0014001,449171,0
MIMAT0000099,60838,0
MIMAT0001537,6442177,0
MIMAT0000225,5789,0
hsa_circ_0026512,448013,0
MIMAT0013989,24268,1
100144597,5746,0
hsa_circ_0004087,5280896,0
hsa_circ_0002082,5035,0
MIMAT0026558,3690,0
MIMAT0001825,3386,0
MIMAT0001791,5280427,0
645553,5394,1
hsa_circ_0063776,9931953,0
MIMAT0000264,5280343,0
MIMAT0001787,3397,0
MIMAT0018926,544,0
100506797,11953817,0
MIMAT0000542,2733526,1
MIMAT0003184,10621,1
MIMAT0002874,208908,0
MIMAT0001638,448537,1
MIMAT0019756,16197265,0
hsa_circ_0068462,15951529,1
MIMAT0004635,985,0
MIMAT0005952,5310940,1
MIMAT0002177,164676,0
hsa_circ_0047444,5280896,0
MIMAT0002850,124886,0
MIMAT0000382,138374198,0
MIMAT0003490,9700,0
MIMAT0005945,216239,0
MIMAT0000857,3821,0
MIMAT0004903,5793,0
105374631,60953,0
MIMAT0000791,5743,1
hsa_circ_0005281,23973,0
286333,5212,0
MIMAT0003223,444732,1
MIMAT0000259,784,0
MIMAT0018078,3961,0
643977,72304,0
MIMAT0009203,41867,0
MIMAT0019789,138374198,0
MIMAT0014010,108065,0
MIMAT0023623,3690,0
651053,5994,0
MIMAT0003884,5793,1
MIMAT0016870,442972,0
MIMAT0005625,3690,0
MIMAT0019772,3385,1
hsa_circ_0003759,5206,0
MIMAT0003257,5360373,0
MIMAT0013987,9804992,0
hsa_circ_0001689,5280951,0
643733,11556711,0
hsa_circ_0004709,6918289,0
29128,156413,0
hsa_circ_0006004,5035,0
MIMAT0002856,5865,1
hsa_circ_0059060,114900,0
101448202,9949648,0
MIMAT0016909,2375,0
51100,3961,0
hsa_circ_0068462,5959,0
MIMAT0001820,2336,0
MIMAT0000276,5789,0
MIMAT0005458,5755,0
4976,644241,0
642633,65015,0
MIMAT0004947,36462,1
MIMAT0004946,6106,0
MIMAT0009977,11953817,0
hsa_circ_0050119,5283344,0
hsa_circ_0037130,15951529,1
MIMAT0003322,31703,1
MIMAT0005627,60750,0
MIMAT0002809,5281614,0
MIMAT0000718,3763,0
441058,2907,0
MIMAT0000537,3229,0
MIMAT0000416,17754356,0
MIMAT0003240,638278,0
100133311,65348,0
27004,544,0
MIMAT0000081,444732,1
MIMAT0000732,91820602,1
MIMAT0000051,448537,0
MIMAT0000096,216239,0
MIMAT0000732,119104,0
MIMAT0015066,4763,0
MIMAT0016889,2520,0
hsa_circ_0068563,15951529,1
MIMAT0001627,60750,0
MIMAT0000610,89594,1
MIMAT0000151,3397,0
MIMAT0005592,3385,1
MIMAT0000387,138374198,0
hsa_circ_0001851,1548943,0
MIMAT0004670,3763,0
MIMAT0015173,24268,1
MIMAT0015079,442428,0
MIMAT0001271,74483,1
MIMAT0003218,5978,1
hsa_circ_0001821,31703,1
MIMAT0000873,3763,0
MIMAT0000256,446220,1
MIMAT0000073,135403648,1
MIMAT0000238,29327,0
MIMAT0014022,4946,0
26751,9576410,0
MIMAT0000877,5360373,0
MIMAT0000318,11226684,1
MIMAT0001619,11960529,0
MIMAT0002112,439530,0
MIMAT0002859,5281708,0
hsa_circ_0007630,56843276,0
MIMAT0000584,702,1
MIMAT0023622,24180719,0
MIMAT0001372,4943,0
MIMAT0019027,3385,1
MIMAT0003379,45266826,0
MIMAT0004704,442428,1
MIMAT0004767,1176,0
MIMAT0007885,60780,0
hsa_circ_0046263,5280896,0
MIMAT0000145,14403,0
221883,5978,0
MIMAT0001867,15625,1
MIMAT0000081,122724,0
663,6036,0
MIMAT0002866,162282,0
9383,3345,0
29797,71496458,0
hsa_circ_0001122,6089,0
MIMAT0001779,5280343,0
MIMAT0003219,60823,1
MIMAT0018966,3121,0
MIMAT0003195,5943,0
MIMAT0000093,47936,0
MIMAT0001015,42113,0
hsa_circ_0087963,11433190,0
101927489,10635,0
MIMAT0000689,31703,1
MIMAT0000232,2907,0
MIMAT0019827,449171,0
MIMAT0019704,77999,0
MIMAT0005827,387447,0
MIMAT0000766,5381226,0
MIMAT0000276,5310940,1
7508,444254,0
MIMAT0001015,5381226,0
hsa_circ_0087564,25244711,0
hsa_circ_0050119,60953,0
MIMAT0003890,47936,0
MIMAT0004524,5280360,0
MIMAT0019058,60750,1
hsa_circ_0000817,15951529,1
MIMAT0007400,2767,0
MIMAT0014996,104746,0
MIMAT0007885,71496458,0
MIMAT0000803,23725625,0
MIMAT0004730,54670067,0
MIMAT0000101,36462,1
MIMAT0000248,91466,0
101927381,5281811,0
645553,60852,0
MIMAT0002859,91820602,1
29797,5280795,0
hsa_circ_0067352,31401,0
hsa_circ_0029345,985,0
hsa_circ_0000323,6106,0
hsa_circ_0039261,442793,0
MIMAT0000837,6001,0
hsa_circ_0000835,5865,0
hsa_circ_0020353,5281614,0
MIMAT0000747,91820602,0
hsa_circ_0065932,15951529,1
MIMAT0001735,1176,0
MIMAT0022496,11228183,0
MIMAT0003741,31401,1
MIMAT0004979,5462222,0
hsa_circ_0086694,5997,0
MIMAT0015065,6167,0
hsa_circ_0049627,3386,0
MIMAT0000530,5381226,0
hsa_circ_0082139,3007,0
hsa_circ_0001599,15951529,1
MIMAT0003308,2336,1
MIMAT0004609,36462,0
MIMAT0004799,31401,0
MIMAT0000647,5743,0
MIMAT0004519,222757,0
440416,60823,0
MIMAT0019002,4891,0
MIMAT0000782,5222465,0
MIMAT0002888,107985,0
hsa_circ_0022378,5359268,0
hsa_circ_0042200,1673,0
MIMAT0004943,10836,0
101928307,5943,0
8418,60198,0
hsa_circ_0025202,54675776,0
105221694,444732,0
hsa_circ_0008382,3028194,0
105372147,3961,0
MIMAT0000460,712,1
MIMAT0000816,6440495,1
MIMAT0000090,5280453,1
MIMAT0000752,5641,0
MIMAT0001341,5280427,0
hsa_circ_0003759,2995,0
MIMAT0015340,9898279,0
MIMAT0000079,25244711,1
MIMAT0015342,5282350,0
MIMAT0000418,2767,1
MIMAT0002106,216326,0
hsa_circ_0009654,7222,0
hsa_circ_0042474,5283344,0
MIMAT0000661,16132265,0
MIMAT0003340,2723601,0
hsa_circ_0007250,3496,0
MIMAT0004595,122634,0
100132923,44259,0
MIMAT0000250,56649450,0
MIMAT0045392,2244,0
MIMAT0000063,1130,0
hsa_circ_0001985,15951529,1
hsa_circ_0063577,222757,0
MIMAT0004592,3121,0
MIMAT0000371,5460341,0
hsa_circ_0002955,9949648,0
MIMAT0015348,24497,0
MIMAT0000100,36462,1
100129662,6440495,0
MIMAT0003499,16741,1
MIMAT0003290,1176,0
728374,4763,0
MIMAT0000461,5291,1
MIMAT0000904,5943,0
MIMAT0005628,6918289,0
MIMAT0000536,16078949,1
MIMAT0014006,65348,0
MIMAT0013987,114900,0
MIMAT0002107,16741,1
MIMAT0011446,45266826,0
hsa_circ_0070617,4624,0
hsa_circ_0059665,460612,0
hsa_circ_0041252,445580,0
6866,1176,0
MIMAT0000076,5394,1
MIMAT0019972,6505803,0
MIMAT0004534,5381226,0
hsa_circ_0092329,30323,0
MIMAT0004592,31703,1
MIMAT0004630,9949648,0
MIMAT0019074,3385,1
10298,6857599,1
101927102,24288,0
MIMAT0002055,3229,0
MIMAT0000424,5757,1
51762,53232,0
MIMAT0000258,4091,0
MIMAT0003232,10635,0
MIMAT0001832,46843772,0
MIMAT0005625,1673,0
MIMAT0018926,60750,1
MIMAT0004667,702,0
MIMAT0000090,442972,0
MIMAT0003496,5280360,0
MIMAT0003118,3007,0
MIMAT0000891,5789,0
hsa_circ_0009618,3121,0
MIMAT0023623,3496,1
MIMAT0018191,60750,1
MIMAT0015195,53232,0
100507468,2995,0
MIMAT0004828,6253,0
MIMAT0000808,15951529,0
101928416,5280961,0
hsa_circ_0031241,6115,0
MIMAT0019903,261004,0
hsa_circ_0000499,14403,0
MIMAT0019337,3071,0
hsa_circ_0004594,107985,0
MIMAT0018204,5361,0
MIMAT0000374,4624,0
101927574,216326,0
MIMAT0003254,5352624,0
hsa_circ_0065264,2995,0
286150,6037,0
MIMAT0001821,15625,1
MIMAT0005924,253602,0
MIMAT0000081,104758,0
MIMAT0000574,1548943,0
MIMAT0003291,702,0
389634,5943,0
hsa_circ_0030998,5284583,0
MIMAT0000525,56843276,0
MIMAT0000084,896,0
MIMAT0000259,36314,1
MIMAT0001341,97226,1
MIMAT0007347,5281614,0
MIMAT0000437,638278,0
hsa_circ_0001203,222757,0
hsa_circ_0000510,2336,0
MIMAT0000523,3101,0
MIMAT0000816,10621,0
MIMAT0019947,12967,0
hsa_circ_0008382,5310940,0
hsa_circ_0087234,5212,0
100996437,638278,0
hsa_circ_0001147,6442177,0
647946,5359268,0
MIMAT0002106,712,0
MIMAT0000693,5394,0
hsa_circ_0089033,123631,0
MIMAT0025412,3385,0
hsa_circ_0001235,9064,0
MIMAT0000728,5790,0
hsa_circ_0004271,3028194,0
MIMAT0018977,5352624,0
MIMAT0000718,36314,1
hsa_circ_0034682,737139,0
100873920,208908,0
MIMAT0003336,5280896,0
105373984,6057,0
MIMAT0005911,445154,0
MIMAT0004738,6440495,1
MIMAT0000670,11226684,0
MIMAT0004987,65064,0
MIMAT0000674,6089,0
26033,6115,0
MIMAT0005577,31703,1
MIMAT0000314,2578,0
MIMAT0004902,2733526,1
MIMAT0019916,216345,0
27004,5394,1
MIMAT0015007,5280795,0
MIMAT0000070,14888,1
102723465,5462222,0
hsa_circ_0076522,104842,0
MIMAT0019850,3397,0
MIMAT0001863,455658,0
MIMAT0000820,6440495,1
MIMAT0000653,5997,0
101060542,5538,0
102724515,5394,1
hsa_circ_0032683,5280445,0
8418,138374198,0
MIMAT0000561,5282350,0
MIMAT0000231,2767,1
692205,1176,0
MIMAT0003301,3220,0
MIMAT0000092,969516,1
MIMAT0000259,5311,1
hsa_circ_0039261,2767,0
100505738,1674,0
MIMAT0001722,4763,0
MIMAT0003458,13089,0
MIMAT0019817,5360373,0
MIMAT0018121,6041,0
MIMAT0003331,47289,0
hsa_circ_0092289,9547215,0
MIMAT0004763,56843276,0
MIMAT0001545,712,1
100996259,148124,0
MIMAT0002172,93004,0
hsa_circ_0028864,53232,0
MIMAT0020976,60198,0
MIMAT0005592,47289,0
hsa_circ_0002971,8490,0
hsa_circ_0005235,49803145,0
100129291,24759,0
MIMAT0000783,2236,1
MIMAT0000446,8490,0
MIMAT0003289,444732,1
MIMAT0003729,60953,0
MIMAT0000858,2733526,0
MIMAT0019018,24360,0
MIMAT0000888,5284616,0
MIMAT0005987,5359268,0
MIMAT0005584,138374198,0
MIMAT0001794,42611257,0
MIMAT0000854,6440495,1
728374,60606,0
MIMAT0019919,164676,0
hsa_circ_0004029,1983,0
MIMAT0000828,114900,0
MIMAT0002178,445580,0
MIMAT0000732,60780,0
MIMAT0001387,8490,0
MIMAT0000318,122724,1
MIMAT0015362,11433190,0
hsa_circ_0006691,5311,0
hsa_circ_0001445,5359268,0
MIMAT0000584,261000,0
101929023,5394,1
MIMAT0004491,11635763,0
hsa_circ_0000817,23973,0
MIMAT0001817,439530,0
MIMAT0019903,13089,0
173401,73581,0
MIMAT0003234,31703,1
MIMAT0000432,5291,0
MIMAT0004971,60750,1
MIMAT0000674,9804992,0
hsa_circ_0002987,74483,0
101448202,1175,0
MIMAT0000093,36462,1
hsa_circ_0032683,3028194,0
hsa_circ_0002082,5997,0
MIMAT0003321,31703,1
hsa_circ_0057948,5381226,0
102723354,3821,0
MIMAT0000737,8490,0
hsa_circ_0005272,2662,0
100885779,60750,1
MIMAT0005592,47936,0
MIMAT0015026,36314,1
MIMAT0004920,3657,0
MIMAT0002840,25183872,0
hsa_circ_0000787,444254,0
55109,6089,0
MIMAT0000435,36314,1
MIMAT0000185,5994,0
MIMAT0000370,11228183,0
hsa_circ_0037274,5282350,0
MIMAT0003714,156413,0
MIMAT0005955,3961,0
hsa_circ_0086779,3821,0
hsa_circ_0009792,2578,0
6425,6057,0
MIMAT0000450,737139,0
MIMAT0018071,2767,1
101927574,91466,0
MIMAT0004614,265237,0
MIMAT0019021,11635763,0
MIMAT0002884,5757,0
MIMAT0004532,5381226,0
MIMAT0002174,2236,0
415056,5394,1
MIMAT0015027,216239,0
MIMAT0000436,702,0
MIMAT0019827,702,0
100033417,5280795,0
641638,544,0
MIMAT0019928,265237,0
101929574,969516,0
401898,5222465,0
MIMAT0007400,5281004,0
MIMAT0018078,6001,0
MIMAT0002870,5793,1
MIMAT0003167,5951,0
101927034,5743,1
MIMAT0000857,4946,1
MIMAT0003382,64971,0
100505576,2723601,0
MIMAT0005949,6076,0
MIMAT0015378,5460341,0
MIMAT0002837,544,0
MIMAT0003759,119104,0
MIMAT0000092,9576410,0
MIMAT0005868,5460341,0
MIMAT0001701,24268,1
MIMAT0005340,2723601,0
MIMAT0003269,65348,0
MIMAT0015066,3385,1
MIMAT0007875,17754356,0
hsa_circ_0072904,5997,0
MIMAT0000093,15625,0
MIMAT0005881,6076,0
MIMAT0018932,3385,1
MIMAT0005922,3496,0
MIMAT0004189,443586,1
hsa_circ_0042359,5950,0
MIMAT0019820,4095,0
hsa_circ_0009004,5222465,0
MIMAT0000765,135403648,1
101927934,208908,0
MIMAT0003258,44631912,0
MIMAT0000074,31703,1
MIMAT0003464,25183872,0
hsa_circ_0000773,8029,0
MIMAT0001541,2723601,0
6301,9898279,0
hsa_circ_0049462,5281004,0
MIMAT0000064,444795,1
hsa_circ_0009792,3229,0
MIMAT0004676,24821094,0
MIMAT0000791,47725,0
MIMAT0004805,241,0
100133991,54680783,0
hsa_circ_0073647,5284583,0
MIMAT0011161,119307,1
MIMAT0000141,24180719,0
26751,5959,0
MIMAT0023634,445434,0
hsa_circ_0026462,4763,0
111216284,24497,0
hsa_circ_0038366,91820602,0
MIMAT0015140,5280427,0
11080,5997,0
MIMAT0000062,5291,1
MIMAT0000062,1175,0
hsa_circ_0023115,45266826,0
MIMAT0000025,89594,1
101928307,5281708,0
MIMAT0000084,13342,1
MIMAT0003273,439260,0
MIMAT0003470,23725625,0
MIMAT0004235,444795,0
MIMAT0019748,5284583,0
hsa_circ_0038138,4891,0
MIMAT0000730,60700,0
hsa_circ_0000714,6089,0
MIMAT0000261,89594,0
MIMAT0011432,737139,0
MIMAT0000554,5281811,0
MIMAT0001721,11228183,0
100507217,5641,0
MIMAT0000103,2375,1
hsa_circ_0091692,5943,0
MIMAT0001775,11960529,0
8452,25227436,0
MIMAT0000439,123631,0
MIMAT0000973,46843772,0
MIMAT0000853,2051,0
hsa_circ_0048775,444795,0
MIMAT0005444,5310940,0
MIMAT0018002,4095,0
MIMAT0019850,5978,1
102724927,5394,1
MIMAT0015318,45266826,0
MIMAT0003180,10621,1
MIMAT0019926,5288209,0
MIMAT0002856,460612,0
hsa_circ_0086694,64971,0
MIMAT0000727,54675776,0
646024,5394,1
hsa_circ_0001667,36314,0
MIMAT0004795,737139,0
hsa_circ_0072837,445858,0
MIMAT0018941,16078949,0
MIMAT0000851,43815,0
hsa_circ_0005741,71496458,0
MIMAT0000259,5352624,0
hsa_circ_0089652,65064,0
101448202,31703,0
MIMAT0004524,2995,0
MIMAT0000427,56843276,0
MIMAT0002837,93004,0
MIMAT0000374,16078949,1
MIMAT0000420,636397,0
hsa_circ_0087856,123596,0
hsa_circ_0079163,5459308,0
100507099,5394,1
MIMAT0015323,24268,1
MIMAT0001792,1548943,0
401898,5281708,0
MIMAT0003308,6623,1
MIMAT0017002,164676,0
MIMAT0015327,446556,0
MIMAT0019928,5743,0
MIMAT0000763,36314,1
MIMAT0005929,11556711,0
101928794,91466,0
MIMAT0000797,5394,0
MIMAT0000559,445639,0
MIMAT0000433,2187,0
MIMAT0000903,2236,1
MIMAT0000617,176870,1
MIMAT0000876,104746,0
MIMAT0000126,452548,0
MIMAT0000573,2236,1
MIMAT0000450,896,0
MIMAT0004958,156413,0
MIMAT0014029,702,0
MIMAT0003479,2767,0
MIMAT0000649,451668,0
hsa_circ_0059880,2767,0
MIMAT0001095,1110,0
MIMAT0000763,5310940,1
MIMAT0019864,3385,1
MIMAT0004703,1207,0
MIMAT0005898,31101,0
MIMAT0015363,14403,0
MIMAT0000274,208908,1
MIMAT0006770,11226684,0
MIMAT0004853,54671203,0
101927666,54670067,0
MIMAT0004597,1673,0
MIMAT0001629,3821,0
339926,444254,0
MIMAT0000973,2244,0
MIMAT0000416,784,1
MIMAT0012823,5360373,0
MIMAT0018185,60780,0
MIMAT0001734,1983,0
MIMAT0003477,108065,1
MIMAT0003150,6468,0
hsa_circ_0011293,104842,0
MIMAT0003379,5743,1
MIMAT0003729,3488,0
hsa_circ_0084615,54675776,0
MIMAT0004595,3101,0
MIMAT0003189,6041,0
MIMAT0019836,6089,0
MIMAT0003312,445434,0
MIMAT0000149,1983,0
MIMAT0003248,5459308,0
MIMAT0002811,5283344,1
MIMAT0014028,441074,0
101927249,2578,0
MIMAT0004567,5394,1
MIMAT0001538,13089,1
MIMAT0004810,5978,1
MIMAT0000584,6106,0
MIMAT0003237,702,0
MIMAT0014025,5951,0
101927282,460612,0
MIMAT0005942,3385,1
162632,60823,0
MIMAT0002177,97226,0
MIMAT0000855,5459308,0
hsa_circ_0025506,11433190,0
MIMAT0004897,60700,0
MIMAT0000731,176870,0
MIMAT0000899,15939,0
MIMAT0000816,737139,0
MIMAT0003324,60780,0
hsa_circ_0040786,89594,0
MIMAT0001637,6410,1
MIMAT0000251,23973,0
MIMAT0001807,10621,0
644649,784,0
MIMAT0000009,89594,1
MIMAT0003118,3345,0
101927477,1548943,0
hsa_circ_0008621,9547215,0
MIMAT0000077,451668,1
MIMAT0003276,5284616,0
MIMAT0000595,222528,0
MIMAT0000764,60953,0
hsa_circ_0015796,1207,0
MIMAT0000073,38904,1
441666,2767,0
hsa_circ_0044837,2767,0
hsa_circ_0003183,445580,0
100009613,6442177,0
100506866,65110,0
MIMAT0004676,5816,1
MIMAT0001081,638278,0
MIMAT0000602,5793,0
100506881,44631912,0
101928530,5073,0
hsa_circ_0002955,6857599,0
391267,253602,0
MIMAT0001748,64971,0
MIMAT0003461,210332,1
hsa_circ_0002259,42611257,0
392232,3690,0
MIMAT0006775,784,0
hsa_circ_0004636,446556,0
MIMAT0000659,6410,1
102723354,8490,0
100506495,77999,0
MIMAT0007885,17754356,0
MIMAT0001340,444795,0
MIMAT0003228,544,0
MIMAT0000439,97226,0
MIMAT0004840,24821094,0
728463,6623,0
MIMAT0003247,6918289,0
MIMAT0000660,5280896,0
MIMAT0003244,5793,1
MIMAT0000900,145858,0
hsa_circ_0001821,2995,0
MIMAT0004813,11433190,0
MIMAT0004946,6036,0
MIMAT0001748,135403648,0
hsa_circ_0032154,138374198,0
MIMAT0000792,9547215,0
MIMAT0000529,91820602,0
hsa_circ_0080649,2336,0
MIMAT0002111,4641,0
MIMAT0000824,2236,1
MIMAT0004534,11635763,0
MIMAT0007889,6410,0
MIMAT0000086,2520,1
MIMAT0000659,9064,1
MIMAT0002845,145858,0
MIMAT0004882,4946,0
MIMAT0001821,54454,0
100506207,16741,0
hsa_circ_0076251,5950,0
MIMAT0004235,784,0
MIMAT0001639,122634,0
MIMAT0000724,5359268,0
MIMAT0006765,3385,1
MIMAT0003278,4624,0
MIMAT0000256,2578,0
147947,5288209,0
MIMAT0015342,23725625,0
285548,5460341,0
MIMAT0004660,138374198,0
MIMAT0015319,8378,0
MIMAT0001731,5394,0
392232,30323,0
MIMAT0000673,2907,0
MIMAT0001777,3220,0
100499489,5394,1
MIMAT0000168,60606,0
MIMAT0005906,3488,0
MIMAT0018000,8490,0
MIMAT0000218,11226684,0
MIMAT0016879,4943,0
MIMAT0000678,712,0
MIMAT0000817,5743,1
3169,47318,0
724087,5394,1
MIMAT0005799,5329102,0
hsa_circ_0087234,5284583,0
MIMAT0002824,5743,0
MIMAT0004795,126941,0
MIMAT0000779,5865,0
hsa_circ_0003908,3103,0
MIMAT0001536,97226,1
51762,442428,0
401898,5394,1
MIMAT0003496,442428,1
hsa_circ_0024842,2236,0
644919,60750,0
100505994,8490,0
MIMAT0000278,124886,0
MIMAT0002873,2520,1
MIMAT0019850,5641,0
MIMAT0001734,171548,0
104266957,4033,0
MIMAT0019708,3386,0
MIMAT0004810,2520,1
728463,444254,0
MIMAT0002821,444732,1
MIMAT0019718,31401,0
101929660,5394,1
MIMAT0000605,42113,0
100996259,6036,0
hsa_circ_0001449,1673,0
MIMAT0000205,5281929,1
MIMAT0003497,5281614,0
MIMAT0019695,261004,0
MIMAT0001627,446556,0
MIMAT0000817,60852,0
101101772,5282350,0
MIMAT0000061,446220,0
hsa_circ_0001372,439260,0
MIMAT0019861,2051,0
MIMAT0000772,60750,1
MIMAT0000429,712,1
MIMAT0004528,42890,0
hsa_circ_0072837,5310940,0
MIMAT0000143,2733,0
MIMAT0000209,5288826,0
hsa_circ_0003505,74483,0
hsa_circ_0088128,3062316,0
MIMAT0015196,56842234,0
MIMAT0004954,448537,0
MIMAT0000210,16741,1
MIMAT0004837,28486,0
MIMAT0007888,448013,0
MIMAT0002837,6013,0
MIMAT0000859,3657,0
MIMAT0003453,5284616,0
MIMAT0000048,135403648,0
MIMAT0000438,10836,0
100499405,5281004,0
hsa_circ_0068563,5352624,0
10821,657237,0
MIMAT0016920,24978538,0
MIMAT0000420,3763,0
MIMAT0000667,42611257,0
MIMAT0000452,16078949,0
MIMAT0001819,11960529,0
101752399,2578,0
MIMAT0001534,216326,0
MIMAT0000062,241,0
650226,6918289,0
101752399,5978,0
162632,445858,0
MIMAT0000607,5743,1
hsa_circ_0000419,5793,0
100289019,3101,0
MIMAT0002858,445858,0
MIMAT0004882,2733526,0
100132677,3121,0
MIMAT0000723,60750,1
286150,119104,0
MIMAT0003767,5816,0
MIMAT0001830,14403,0
MIMAT0003184,47725,0
100506860,5394,1
MIMAT0004762,123631,0
100131564,15951529,0
MIMAT0003167,210332,1
MIMAT0015138,9898279,0
MIMAT0014863,689043,0
MIMAT0004555,3385,1
MIMAT0000764,15951529,0
2149,638278,0
MIMAT0003306,54454,0
386597,636397,0
100505929,1673,0
MIMAT0001698,5994,0
MIMAT0000368,5755,0
MIMAT0001387,21633059,0
101928931,44631912,0
MIMAT0015054,5359268,0
MIMAT0005922,119307,1
MIMAT0018966,6410,0
MIMAT0000085,119307,1
hsa_circ_0066290,216345,0
892,54680783,0
MIMAT0003300,123631,0
100144602,3007,0
MIMAT0005902,135403648,0
MIMAT0004780,8029,0
MIMAT0019903,3385,1
MIMAT0000579,60700,0
MIMAT0004764,3779,0
MIMAT0007869,8029,0
MIMAT0002854,2767,1
hsa_circ_0064808,23939,0
MIMAT0003335,6089,0
MIMAT0001339,448537,1
MIMAT0015000,5291,0
MIMAT0000892,712,0
hsa_circ_0005730,122724,0
MIMAT0000510,24180719,1
MIMAT0003485,42113,0
MIMAT0000318,5746,0
MIMAT0004673,667639,0
MIMAT0000070,5394,1
MIMAT0003888,25262965,0
100874343,5282350,0
MIMAT0003898,31401,1
440993,41867,0
MIMAT0004901,10621,1
MIMAT0007892,7222,0
MIMAT0035719,25244711,0
MIMAT0000217,442428,1
MIMAT0004504,122724,0
MIMAT0019947,4891,0
101927136,36462,0
MIMAT0000434,4158,0
MIMAT0015141,42890,0
MIMAT0048134,5943,0
MIMAT0001045,53232,0
hsa_circ_0045219,23973,0
MIMAT0000418,5790,0
MIMAT0002867,6001,0
hsa_circ_0008621,445154,0
MIMAT0000265,6857599,1
hsa_circ_0000773,15951529,1
MIMAT0003244,702,0
MIMAT0003273,689043,0
MIMAT0005625,6167,0
387978,60198,0
MIMAT0003309,31703,1
MIMAT0000801,2375,0
hsa_circ_0005974,25244711,0
hsa_circ_0008030,265237,0
MIMAT0000127,5943,1
MIMAT0000681,229455,0
MIMAT0003258,6037,0
hsa_circ_0022080,13342,0
MIMAT0000414,6167,0
MIMAT0000069,2767,1
MIMAT0004588,3385,1
MIMAT0014002,60750,0
hsa_circ_0001887,11626560,0
23043,5641,0
MIMAT0004187,5280343,0
MIMAT0007892,5746,1
MIMAT0003487,60838,0
MIMAT0000102,3657,0
hsa_circ_0005086,5329102,0
8454,148124,0
MIMAT0003289,123865,0
MIMAT0003513,1983,0
100885798,5950,0
hsa_circ_0001772,5881,0
hsa_circ_0048695,73581,0
MIMAT0001271,65015,0
MIMAT0004503,114900,0
102724434,24497,0
MIMAT0002873,60700,1
hsa_circ_0046263,24360,0
hsa_circ_0018722,54670067,0
hsa_circ_0004891,5462222,0
100499177,5951,0
MIMAT0005576,124886,0
hsa_circ_0087293,6037,0
hsa_circ_0001204,5950,0
MIMAT0000250,73581,0
MIMAT0000673,56649450,0
MIMAT0003731,4891,0
MIMAT0000842,24759,0
100133311,5394,1
55647,60953,0
hsa_circ_0002168,54680783,0
MIMAT0000433,15951529,0
MIMAT0000161,9547215,0
MIMAT0000230,5288209,0
647946,3117,0
hsa_circ_0011298,123631,0
MIMAT0000269,5291,1
MIMAT0003374,5757,0
MIMAT0003726,104741,0
hsa_circ_0008131,3019,0
MIMAT0000318,5978,1
hsa_circ_0027491,31101,0
MIMAT0002810,444732,1
100505530,737139,0
hsa_circ_0042451,5280795,0
hsa_circ_0007924,896,0
MIMAT0003252,6918289,0
MIMAT0000846,8029,1
hsa_circ_0037972,11953817,0
MIMAT0000584,2907,0
MIMAT0001793,8378,0
MIMAT0003409,17754356,0
64859,2767,1
MIMAT0001812,24978538,0
hsa_circ_0003302,13342,0
MIMAT0000605,12967,0
MIMAT0004515,3385,1
MIMAT0000457,442428,1
MIMAT0004562,2767,1
MIMAT0004234,5206,0
MIMAT0019075,5865,0
MIMAT0012823,462382,0
MIMAT0002850,445434,0
MIMAT0000218,210332,1
MIMAT0000459,442972,0
MIMAT0016870,74483,0
MIMAT0001764,15951529,0
MIMAT0000752,24180719,1
55545,462382,0
MIMAT0003270,9576410,0
MIMAT0000062,5757,1
MIMAT0003885,24268,0
255812,24497,0
MIMAT0003152,6106,0
MIMAT0002853,5459308,0
MIMAT0005929,445580,0
MIMAT0003727,5757,0
MIMAT0016846,5360373,0
MIMAT0002884,1207,0
MIMAT0001800,444795,0
MIMAT0003273,229455,0
MIMAT0004957,5310940,1
MIMAT0003204,162282,0
hsa_circ_0008087,38904,0
MIMAT0001338,442428,0
MIMAT0014998,6106,0
MIMAT0000089,36462,1
100128164,45266826,0
MIMAT0000375,216239,0
hsa_circ_0000524,6089,0
MIMAT0014979,5280795,0
MIMAT0009196,6440495,0
hsa_circ_0088485,3657,0
MIMAT0004324,56843276,0
MIMAT0000536,5284616,1
MIMAT0000242,124886,0
MIMAT0004933,10621,1
100506368,5790,0
hsa_circ_0072025,4891,0
MIMAT0001761,3220,0
hsa_circ_0005671,6197,0
hsa_circ_0070520,5881,0
hsa_circ_0008771,3902,0
1832,2375,0
hsa_circ_0085567,60823,0
MIMAT0004959,5352624,0
MIMAT0006775,5460341,0
MIMAT0005577,1175,0
441666,5394,1
MIMAT0004861,253602,0
MIMAT0001793,443586,0
MIMAT0001420,6013,0
MIMAT0000266,54670067,0
MIMAT0003127,12967,1
MIMAT0004855,5460341,0
339240,6918289,0
hsa_circ_0005907,10836,0
MIMAT0018356,60606,0
MIMAT0019796,9700,0
MIMAT0000252,123631,1
MIMAT0000196,5281929,1
MIMAT0000213,43815,0
101929147,5394,1
MIMAT0000650,16078949,1
MIMAT0010313,24360,0
MIMAT0000123,445858,1
MIMAT0001534,3101,0
MIMAT0005580,107985,0
MIMAT0004614,9576410,0
MIMAT0003347,657237,0
hsa_circ_0008910,15951529,1
MIMAT0019864,54671203,0
MIMAT0004669,29327,0
MIMAT0018095,443586,0
MIMAT0005293,49803145,0
MIMAT0000706,2733526,1
MIMAT0000549,6076,0
MIMAT0000866,208908,0
MIMAT0018927,1130,0
MIMAT0000530,3101,0
MIMAT0000561,5360373,0
MIMAT0000690,91820602,1
101927642,56649450,0
MIMAT0003274,42113,0
10263,47289,0
MIMAT0002850,5381226,0
hsa_circ_0007146,5280343,0
MIMAT0015327,3657,0
MIMAT0019855,47725,0
MIMAT0004584,216345,0
hsa_circ_0070616,1110,0
hsa_circ_0016123,6857599,0
101928710,4763,0
MIMAT0003311,119104,0
MIMAT0001331,5281004,0
101928880,6623,0
MIMAT0001081,442428,1
MIMAT0000218,10621,1
MIMAT0000068,5288826,0
100507466,9949648,0
101669762,60606,0
MIMAT0000245,31703,1
hsa_circ_0066874,3019,0
hsa_circ_0008016,444254,0
hsa_circ_0070617,6505803,0
MIMAT0016907,11226684,0
MIMAT0000816,210332,0
hsa_circ_0018499,3690,0
MIMAT0022496,119104,0
hsa_circ_0011298,36314,1
MIMAT0002869,3385,1
MIMAT0000318,36462,1
MIMAT0000160,25244711,0
MIMAT0000510,5291,1
MIMAT0015193,5282350,0
101928674,5394,1
MIMAT0000077,222528,0
100507489,2662,0
104355217,5978,0
MIMAT0005871,985,0
MIMAT0018945,253602,0
MIMAT0003888,6115,0
hsa_circ_0000858,5538,0
MIMAT0003388,9064,1
hsa_circ_0000370,60198,0
MIMAT0000150,24497,0
MIMAT0000214,452548,0
hsa_circ_0085923,241,0
MIMAT0004593,123631,0
MIMAT0004954,25227436,0
MIMAT0004488,5284583,0
MIMAT0000612,41867,0
MIMAT0000883,445639,0
MIMAT0002877,36314,1
MIMAT0000165,442972,0
MIMAT0018121,5793,0
hsa_circ_0001649,6197,0
MIMAT0003884,5394,0
MIMAT0014004,5951,0
MIMAT0016858,11626560,0
MIMAT0015362,91466,0
hsa_circ_0006318,47936,0
MIMAT0000236,23725625,0
MIMAT0000087,6857599,1
hsa_circ_0008702,445434,0
MIMAT0000684,222757,0
103752588,5881,0
MIMAT0000091,2995,0
MIMAT0004930,15,0
MIMAT0000433,107985,1
MIMAT0016863,1110,0
MIMAT0000533,15951529,0
MIMAT0003202,23939,0
hsa_circ_0002987,5282350,0
MIMAT0001629,60750,1
MIMAT0004952,141643,0
MIMAT0005868,5284583,0
MIMAT0018001,444254,0
MIMAT0019718,11433190,0
MIMAT0000096,6089,0
MIMAT0004531,442793,0
MIMAT0000725,13342,0
MIMAT0001832,6253,0
100507217,164676,0
MIMAT0000456,24268,0
hsa_circ_0007333,3229,0
hsa_circ_0001649,11226684,0
MIMAT0005327,5743,1
MIMAT0000435,123865,1
hsa_circ_0072088,25244711,0
MIMAT0003273,24288,0
101928304,3496,0
MIMAT0004801,7222,0
MIMAT0005877,444254,0
103352539,60823,0
hsa_circ_0019591,3062316,0
MIMAT0005628,9064,0
100240735,60780,0
MIMAT0000141,2723601,0
MIMAT0018994,442972,0
hsa_circ_0005965,15,0
MIMAT0000589,5280795,0
MIMAT0018945,36462,0
MIMAT0018068,122724,0
MIMAT0004236,443586,1
MIMAT0018000,5950,0
MIMAT0004496,60700,1
MIMAT0003451,261004,0
MIMAT0002825,5793,1
MIMAT0000085,2520,1
hsa_circ_0071210,442793,0
MIMAT0004680,104741,0
25855,122634,0
MIMAT0011160,3385,1
MIMAT0000259,23725625,1
100506274,3007,0
MIMAT0002824,24288,0
MIMAT0014028,222528,0
MIMAT0004553,16741,0
MIMAT0004828,6918289,0
hsa_circ_0048766,222757,0
MIMAT0011462,72304,0
MIMAT0004896,7222,0
MIMAT0015343,5281811,0
MIMAT0001725,5394,0
MIMAT0018071,5311,0
MIMAT0000255,2767,1
MIMAT0015143,2733526,0
100131067,145858,0
hsa_circ_0026349,56843276,0
MIMAT0019928,638278,0
MIMAT0003263,5310940,1
MIMAT0006765,11433190,0
100506126,171548,0
MIMAT0003241,15625,0
MIMAT0005955,141643,0
hsa_circ_0034067,2733,0
hsa_circ_0077007,5283344,0
MIMAT0023623,4829,0
MIMAT0001840,2353,0
MIMAT0004855,9444,0
MIMAT0004953,5360373,0
MIMAT0004637,6106,0
MIMAT0000415,2520,1
hsa_circ_0087063,6037,0
390963,3117,0
MIMAT0003889,253602,0
hsa_circ_0071185,65015,0
MIMAT0003318,5073,0
MIMAT0004700,23973,0
MIMAT0000724,4091,0
MIMAT0004876,5381226,0
MIMAT0002838,9547215,0
MIMAT0000564,107985,0
MIMAT0005909,8490,0
MIMAT0012734,123631,0
MIMAT0002811,60750,1
hsa_circ_0004594,5755,0
MIMAT0018179,97226,1
hsa_circ_0007250,5212,0
23513,5311,0
100506126,5282350,0
hsa_circ_0091934,138374198,0
MIMAT0005595,9804992,0
hsa_circ_0086474,15951529,1
MIMAT0003315,448013,0
MIMAT0004787,4641,0
MIMAT0014025,15625,0
MIMAT0004234,65110,0
100874041,4943,0
545,145858,0
MIMAT0014817,5280961,0
MIMAT0019798,4891,0
MIMAT0000830,89594,1
MIMAT0000646,4091,1
MIMAT0004499,644241,0
101927021,4624,0
MIMAT0000539,6001,0
MIMAT0001819,74483,1
MIMAT0001863,74483,1
MIMAT0004531,5757,0
MIMAT0000594,5280896,0
MIMAT0015343,16132265,0
MIMAT0018108,2244,0
MIMAT0005951,60750,1
MIMAT0026473,1110,0
MIMAT0000127,6918837,0
hsa_circ_0018652,14888,0
MIMAT0000818,5460341,0
MIMAT0004928,3385,1
339240,2375,0
MIMAT0000440,60823,0
MIMAT0003184,1983,0
MIMAT0005860,5789,0
338758,5394,1
MIMAT0004763,5280961,0
MIMAT0000065,5291,1
MIMAT0002811,30323,0
MIMAT0000275,6167,0
MIMAT0000428,5959,0
MIMAT0001877,5460341,0
MIMAT0003248,60606,0
100270980,30323,0
MIMAT0000983,4158,0
MIMAT0000385,6167,0
MIMAT0019032,285033,0
100652736,5281811,0
MIMAT0022692,644241,0
MIMAT0002807,2520,1
MIMAT0004780,3229,0
103352670,5222465,0
hsa_circ_0004058,47725,0
MIMAT0000219,261000,0
MIMAT0001074,5394,0
MIMAT0003296,25244711,0
2059,6857599,1
hsa_circ_0020354,104741,0
MIMAT0004802,31703,1
MIMAT0000666,10621,0
MIMAT0004704,2733,0
MIMAT0019021,60750,1
MIMAT0000069,3385,1
100505576,2995,0
hsa_circ_0048164,6253,0
MIMAT0006588,54670067,0
MIMAT0000873,13089,0
MIMAT0007892,2767,1
hsa_circ_0076100,145858,0
MIMAT0003512,5793,0
MIMAT0015165,31401,0
8453,23973,0
MIMAT0000759,3229,0
MIMAT0014024,3821,0
MIMAT0003389,5757,1
MIMAT0000868,5755,0
MIMAT0001734,790,0
MIMAT0002883,11556711,0
100996671,5394,1
MIMAT0002821,446220,0
hsa_circ_0080975,2733526,0
MIMAT0000232,3229,1
MIMAT0000137,3821,0
MIMAT0004855,5994,0
MIMAT0003337,36314,0
MIMAT0000237,2578,0
MIMAT0000605,16078949,1
101927282,2723601,0
MIMAT0014025,451668,0
101928492,91820602,0
2059,4158,0
MIMAT0015166,3071,0
MIMAT0000608,544,0
MIMAT0000862,5462222,0
MIMAT0014031,5943,0
MIMAT0025580,2662,0
MIMAT0018095,5280360,0
MIMAT0000548,6036,1
MIMAT0003385,15,0
MIMAT0005315,72304,0
hsa_circ_0006935,10635,0
MIMAT0005942,54454,0
MIMAT0000368,446556,0
MIMAT0001267,6057,0
MIMAT0003269,31401,0
MIMAT0015019,261004,0
100130581,123631,0
MIMAT0003188,5288826,0
MIMAT0000231,60780,1
MIMAT0000256,657237,1
MIMAT0019796,5881,0
MIMAT0000728,5282350,0
MIMAT0004531,443586,1
MIMAT0003340,5793,1
MIMAT0015024,3385,0
MIMAT0005867,439260,0
MIMAT0004979,5352624,0
MIMAT0000415,2767,1
MIMAT0015038,36314,1
MIMAT0004909,135403648,0
MIMAT0000678,5641,0
MIMAT0000813,5361,0
MIMAT0026605,12967,0
MIMAT0000080,5288826,1
MIMAT0015144,24268,1
MIMAT0001076,108065,0
MIMAT0000235,49803145,0
MIMAT0003882,1130,0
6615,5222465,0
MIMAT0000545,8490,1
MIMAT0003302,3220,1
MIMAT0002876,11635763,0
MIMAT0004923,36314,1
hsa_circ_0021506,6076,0
MIMAT0003167,24360,0
100506990,451668,0
MIMAT0000259,91820602,1
hsa_circ_0036054,36314,1
hsa_circ_0000813,6918289,0
414243,6410,0
MIMAT0004762,5793,1
MIMAT0005939,4763,0
hsa_circ_0003489,15951529,1
MIMAT0018961,148124,0
MIMAT0000899,8029,0
MIMAT0000084,712,1
hsa_circ_0040603,65015,0
hsa_circ_0001355,15951529,1
MIMAT0000278,208908,1
hsa_circ_0006935,5381226,0
hsa_circ_0008242,5311,0
MIMAT0003177,135403648,0
MIMAT0001629,448537,0
MIMAT0019854,1130,0
MIMAT0004621,443586,1
MIMAT0005942,6918289,0
MIMAT0001708,4891,0
MIMAT0003208,5943,1
MIMAT0000736,2375,1
MIMAT0004942,8490,1
MIMAT0001390,460612,0
101928399,24759,0
100885775,3397,0
MIMAT0000803,4829,1
MIMAT0001850,636397,0
MIMAT0019002,123596,0
MIMAT0001773,6505803,0
hsa_circ_0072088,13342,0
MIMAT0004926,23939,0
hsa_circ_0004594,11960529,0
hsa_circ_0006156,3101,0
MIMAT0000719,2520,1
MIMAT0000098,5310940,1
MIMAT0000773,5073,1
101927934,11433190,0
MIMAT0001868,3652,0
hsa_circ_0042459,2767,0
MIMAT0023635,3961,0
MIMAT0009206,11228183,0
hsa_circ_0001874,208908,0
MIMAT0000073,36314,1
MIMAT0014028,5361,0
hsa_circ_0000963,77999,0
MIMAT0004595,16132265,0
MIMAT0000680,5943,0
MIMAT0002820,65348,0
MIMAT0000778,5283344,0
MIMAT0003324,3488,0
MIMAT0001773,74483,1
hsa_circ_0003247,56649450,0
MIMAT0000727,108065,1
100874392,5394,1
MIMAT0018000,5282350,0
MIMAT0019774,644241,0
MIMAT0000230,6505803,0
MIMAT0009834,1673,0
hsa_circ_0008896,2187,0
MIMAT0018937,5994,0
MIMAT0003286,11953817,0
hsa_circ_0075896,6253,0
MIMAT0000680,6106,1
MIMAT0005824,6106,0
MIMAT0000667,104741,0
100507056,5793,0
MIMAT0003714,5291,0
MIMAT0004234,89594,1
100506674,5394,1
hsa_circ_0000407,93004,0
MIMAT0006764,148124,1
MIMAT0003333,60823,1
MIMAT0000763,119104,0
MIMAT0001534,123596,0
MIMAT0005880,387447,1
MIMAT0004977,9915743,0
MIMAT0019708,176870,0
MIMAT0000833,210332,0
MIMAT0003119,5288826,1
MIMAT0013517,2187,0
MIMAT0003338,2520,1
MIMAT0005918,60780,0
5610,2520,0
MIMAT0004802,42113,0
MIMAT0000822,5280343,0
101929059,443586,0
643911,6918837,0
hsa_circ_0003505,6410,0
MIMAT0015120,5280453,0
MIMAT0000447,3397,0
10517,3062316,0
MIMAT0014817,2051,0
MIMAT0000382,71496458,0
104355217,124886,0
MIMAT0003472,60780,0
MIMAT0000093,790,0
hsa_circ_0003441,31703,0
hsa_circ_0004087,1983,0
100270746,11228183,0
MIMAT0003150,13342,0
101927167,91820602,0
MIMAT0000085,24759,0
MIMAT0015362,8378,0
hsa_circ_0091419,9826528,0
MIMAT0000420,123631,1
55647,38904,0
MIMAT0000281,285033,0
111216282,15939,0
MIMAT0000618,444795,0
MIMAT0000095,5329102,0
158381,108065,0
100885775,6918289,0
MIMAT0000834,9898279,0
MIMAT0026605,222757,0
MIMAT0000535,5943,1
MIMAT0000070,4946,0
MIMAT0003283,42113,0
MIMAT0000428,6279,0
hsa_circ_0001449,3690,0
hsa_circ_0006156,9064,0
hsa_circ_0028912,2353,0
100048912,10635,0
MIMAT0000076,216239,1
MIMAT0000778,445858,0
MIMAT0015362,2767,0
MIMAT0015190,5352624,0
101927352,6057,0
101927230,29327,0
MIMAT0000066,60750,1
100874363,77999,0
100131814,5394,1
hsa_circ_0001568,5950,0
MIMAT0004680,3385,1
MIMAT0014011,784,0
hsa_circ_0057518,24180719,0
MIMAT0018352,25183872,0
MIMAT0016915,31703,1
MIMAT0000432,30323,1
MIMAT0014988,46843772,0
MIMAT0015325,11635763,0
MIMAT0018992,6197,0
MIMAT0004674,969516,1
MIMAT0000617,91466,0
MIMAT0014003,5280427,0
MIMAT0005887,11433190,0
MIMAT0000751,60750,1
MIMAT0002814,5280445,0
MIMAT0000560,5743,1
MIMAT0000737,162282,0
652995,445434,0
100507098,15951529,0
hsa_circ_0072387,3763,0
MIMAT0000732,2767,1
MIMAT0004603,4033,0
hsa_circ_0076917,24497,0
MIMAT0019936,16078949,0
hsa_circ_0056790,3821,0
MIMAT0005626,4095,0
MIMAT0001877,15625,1
MIMAT0001794,164676,0
MIMAT0000764,2520,1
MIMAT0015001,21109,0
MIMAT0003181,25262965,0
100507246,2236,0
hsa_circ_0040603,445639,0
MIMAT0000068,712,1
MIMAT0000836,3496,0
MIMAT0004972,5222465,0
100073347,460612,0
101929152,444795,0
100126799,13089,0
hsa_circ_0036391,452548,0
100129662,2187,0
100128386,15625,0
MIMAT0000607,446220,0
MIMAT0005867,6036,0
197187,441074,0
MIMAT0000646,60750,1
MIMAT0004926,2767,1
MIMAT0000218,5284616,1
MIMAT0019789,60750,1
MIMAT0004950,71496458,0
hsa_circ_0087400,444254,0
MIMAT0000211,11226684,0
hsa_circ_0037130,445154,0
645682,444795,0
101752399,3019,0
MIMAT0003513,790,0
MIMAT0001373,6253,0
MIMAT0000987,4624,0
MIMAT0003185,5288826,0
MIMAT0000077,13342,0
MIMAT0018945,60606,0
MIMAT0004901,6918289,0
101927034,737139,0
MIMAT0002867,36314,1
MIMAT0005826,9826528,0
MIMAT0003220,1674,0
645166,636397,0
26298,119307,0
105374104,4033,0
653677,445639,0
hsa_circ_0003602,5359268,0
647946,42611257,0
MIMAT0000438,448537,1
MIMAT0014928,5641,0
MIMAT0014005,2236,0
hsa_circ_0000835,60780,0
MIMAT0004937,25244711,0
MIMAT0004646,3028194,0
MIMAT0001798,47936,0
MIMAT0000152,36462,0
MIMAT0004814,3821,0
hsa_circ_0031241,11707110,0
MIMAT0003221,60750,1
MIMAT0004188,5743,0
MIMAT0000314,3386,0
MIMAT0014005,11635763,0
MIMAT0003233,36314,0
MIMAT0000084,126941,1
MIMAT0004515,285033,0
MIMAT0000770,5997,0
MIMAT0000707,23939,0
441666,444732,0
MIMAT0000680,6167,1
MIMAT0000157,5283344,0
MIMAT0000417,53232,0
hsa_circ_0074595,6089,0
MIMAT0004971,6057,0
663,5280896,0
MIMAT0005942,2723601,0
hsa_circ_0092315,5997,0
MIMAT0000089,3229,1
MIMAT0000138,5280795,0
hsa_circ_0003534,2767,0
hsa_circ_0019088,7222,0
MIMAT0005933,65064,0
MIMAT0000580,8490,0
MIMAT0002060,5997,0
MIMAT0000425,3385,1
MIMAT0000155,448013,0
MIMAT0014999,6167,0
MIMAT0019855,1175,0
MIMAT0000555,5284373,0
MIMAT0003285,5280445,0
6618,123631,0
100506542,2336,0
654433,446556,0
MIMAT0000893,444254,0
MIMAT0004926,72301,0
MIMAT0002874,141643,0
MIMAT0004626,5291,0
MIMAT0003169,56649450,0
103752588,123865,0
MIMAT0000271,644241,0
MIMAT0003150,31703,1
MIMAT0001865,15625,1
MIMAT0013984,24268,1
MIMAT0002864,460612,0
MIMAT0000588,3657,0
MIMAT0001631,2520,1
hsa_circ_0008926,4158,0
100033426,9898279,0
MIMAT0001015,11626560,0
MIMAT0019037,2236,0
MIMAT0000139,2723601,0
hsa_circ_0004851,6089,0
MIMAT0004947,16078949,0
MIMAT0001735,56649450,0
MIMAT0003186,5978,0
MIMAT0000904,3121,0
MIMAT0015171,3652,0
MIMAT0003122,1983,1
MIMAT0002856,2723601,0
hsa_circ_0001355,2375,0
MIMAT0016925,5329102,0
MIMAT0000607,6440495,0
MIMAT0001542,638278,0
MIMAT0000546,15939,0
hsa_circ_0056281,3690,0
MIMAT0017999,5281929,0
MIMAT0014990,60852,0
MIMAT0000680,5394,1
MIMAT0000758,176870,1
hsa_circ_0061251,3028194,0
MIMAT0000098,444732,1
MIMAT0003302,104842,0
MIMAT0005457,5352624,0
MIMAT0003499,25183872,0
MIMAT0003469,54675776,0
hsa_circ_0068563,45266826,0
100130581,36462,0
hsa_circ_0000792,60780,0
MIMAT0001787,2244,0
102724246,25183872,0
hsa_circ_0005907,285033,0
115804232,77999,0
hsa_circ_0015796,5280360,0
MIMAT0000431,2520,1
MIMAT0003301,689043,0
hsa_circ_0018905,6468,0
hsa_circ_0000858,3385,1
MIMAT0005440,5284616,1
8453,443586,0
MIMAT0000442,5311,1
hsa_circ_0008016,2995,0
MIMAT0014009,3821,0
100126299,65015,0
101927574,16741,0
MIMAT0015010,3385,1
MIMAT0000160,38904,0
MIMAT0004826,9898279,0
MIMAT0000519,4033,0
hsa_circ_0002971,222757,0
MIMAT0000609,16078949,1
150538,17754356,0
MIMAT0011156,9064,0
MIMAT0004187,14403,0
MIMAT0000646,5288826,1
MIMAT0003112,176870,0
101929027,176870,0
MIMAT0000534,8490,1
MIMAT0001373,6089,0
100379249,689043,0
hsa_circ_0000517,449171,0
MIMAT0004489,107985,1
MIMAT0018997,3385,1
101929395,60953,0
MIMAT0004928,4946,0
hsa_circ_0085173,122724,0
MIMAT0018110,15625,0
MIMAT0000092,216326,0
MIMAT0016920,24497,0
hsa_circ_0076917,4891,0
MIMAT0016925,5280427,0
MIMAT0000094,3071,0
MIMAT0000618,9826528,0
MIMAT0000434,124886,0
MIMAT0004678,5359268,0
100128164,4829,0
MIMAT0002890,119307,0
MIMAT0000271,2520,1
MIMAT0004953,5459308,0
100129075,5394,1
100033426,37542,0
MIMAT0004488,104758,0
MIMAT0003725,3496,0
MIMAT0000617,123631,1
MIMAT0011446,97226,0
MIMAT0000730,60750,1
hsa_circ_0001985,449171,0
MIMAT0003890,3117,0
440253,3488,0
hsa_circ_0002153,5280951,0
MIMAT0016915,5978,0
MIMAT0000081,25183872,0
653190,2187,0
MIMAT0006012,712,0
MIMAT0004743,47318,0
643977,657237,0
MIMAT0000761,1110,0
MIMAT0019834,13342,0
MIMAT0000681,5460341,0
MIMAT0002823,5793,1
MIMAT0014009,222757,0
MIMAT0004609,3345,0
MIMAT0015164,1674,0
hsa_circ_0000192,2767,1
29797,3101,0
MIMAT0000062,6857599,0
hsa_circ_0000339,444732,0
646201,4212,0
896,11953817,0
440253,15625,0
MIMAT0001786,24821094,0
MIMAT0005911,896,0
hsa_circ_0026302,6076,0
hsa_circ_0008539,5394,0
MIMAT0015072,444795,0
MIMAT0000142,60823,1
hsa_circ_0005210,2375,0
MIMAT0000795,689043,0
MIMAT0009834,387447,0
26080,60953,0
101928517,10836,0
hsa_circ_0003489,37542,0
MIMAT0004622,6197,0
MIMAT0000757,9576410,0
MIMAT0000765,11556711,0
MIMAT0011160,41867,0
MIMAT0000447,5865,0
MIMAT0004730,16132265,0
hsa_circ_0000044,164676,0
hsa_circ_0076917,72301,0
440253,6253,0
MIMAT0000081,5361,0
MIMAT0000070,449171,1
MIMAT0000092,5790,0
MIMAT0001850,712,0
MIMAT0003378,444254,0
MIMAT0005443,2733,0
728207,4946,0
MIMAT0003305,5288826,0
hsa_circ_0020301,5280896,0
MIMAT0000066,91820602,1
hsa_circ_0000315,13089,0
hsa_circ_0084606,5281614,0
hsa_circ_0000760,3101,0
MIMAT0004563,6037,0
MIMAT0004700,9576410,0
MIMAT0003297,5329102,1
100129029,2353,0
hsa_circ_0001851,5282350,0
100505702,25244711,0
MIMAT0004679,3397,0
MIMAT0001339,3690,1
MIMAT0000436,5997,1
MIMAT0004929,5206,0
MIMAT0000781,122634,0
MIMAT0003507,104758,0
MIMAT0003737,2520,0
MIMAT0000421,60750,1
100506696,5394,1
MIMAT0013987,5280961,0
MIMAT0000888,5206,0
MIMAT0002826,60700,1
MIMAT0003729,9949648,0
hsa_circ_0003426,25262965,0
MIMAT0000890,4946,0
MIMAT0000561,4624,0
MIMAT0000063,11228183,0
MIMAT0003512,9547215,0
MIMAT0000415,11953817,0
MIMAT0000422,3386,1
MIMAT0019017,11626560,0
103352670,54675776,0
hsa_circ_0036056,91820602,0
MIMAT0004515,5746,0
100289019,6468,0
MIMAT0001371,9444,0
MIMAT0000687,41867,0
MIMAT0001785,222757,0
MIMAT0003130,108065,1
26080,10836,0
231,122634,0
MIMAT0003296,5310940,1
MIMAT0009198,24759,0
hsa_circ_0011245,124886,0
hsa_circ_0016123,5280453,0
MIMAT0000086,148124,1
MIMAT0000425,164676,0
101060524,2995,0
100144603,2236,0
100506860,216326,0
hsa_circ_0003620,11433190,0
MIMAT0003297,10635,0
MIMAT0004981,23939,0
MIMAT0000522,1674,0
MIMAT0019789,11433190,0
MIMAT0019053,60852,0
hsa_circ_0069980,3101,0
101927934,5311,0
652995,49803145,0
MIMAT0000661,2767,1
100506542,5394,1
hsa_circ_0005161,13342,0
MIMAT0007881,3385,1
MIMAT0004934,2187,0
101929655,2662,0
hsa_circ_0076100,41867,0
MIMAT0001549,54680783,0
MIMAT0003253,56843276,0
hsa_circ_0008359,3397,0
MIMAT0000678,9064,0
hsa_circ_0002654,24360,0
MIMAT0000102,6037,0
MIMAT0000542,73581,0
100506881,6115,0
MIMAT0000957,3345,0
hsa_circ_0074930,1175,0
hsa_circ_0008359,442972,0
MIMAT0000271,5291,1
MIMAT0004902,5793,1
MIMAT0002856,5394,0
MIMAT0003479,210332,1
MIMAT0000449,3385,1
MIMAT0019861,5994,0
MIMAT0000690,5280360,0
MIMAT0000859,3229,0
MIMAT0003312,2733526,1
MIMAT0005908,176870,0
hsa_circ_0083530,15951529,1
MIMAT0019953,446556,0
MIMAT0000205,6918837,0
hsa_circ_0087400,5816,0
MIMAT0007892,13089,1
101929027,24497,0
MIMAT0019815,60838,0
hsa_circ_0002669,2353,0
MIMAT0004913,241,0
100506495,3961,0
104355217,36462,1
51762,107985,0
MIMAT0003479,3062316,0
MIMAT0003308,114900,0
MIMAT0006764,47725,0
MIMAT0000823,667639,0
hsa_circ_0005379,5288209,0
MIMAT0000594,60606,0
MIMAT0004682,3019,0
441058,5280360,0
MIMAT0014007,72301,0
MIMAT0019689,1176,0
hsa_circ_0005210,60823,0
645682,60823,0
hsa_circ_0002259,445580,0
MIMAT0001021,6057,0
MIMAT0000456,119307,1
hsa_circ_0009594,667639,0
MIMAT0001015,25262965,0
102724312,2375,0
MIMAT0003491,91820602,0
MIMAT0000754,60750,1
645687,162282,0
MIMAT0001867,54680783,0
MIMAT0012734,141643,0
MIMAT0005952,60606,0
MIMAT0001704,261000,0
MIMAT0005929,3385,1
hsa_circ_0007149,24268,0
MIMAT0023635,5282350,0
MIMAT0000153,6410,1
MIMAT0002849,8029,0
hsa_circ_0005046,442793,0
hsa_circ_0001565,2353,0
hsa_circ_0080975,5951,0
MIMAT0000579,3496,0
MIMAT0018184,31703,1
MIMAT0019075,5281004,0
MIMAT0003325,3821,0
MIMAT0003260,2520,1
MIMAT0000157,122634,0
101927230,5283344,0
MIMAT0000552,208908,0
101926978,126941,0
hsa_circ_0067352,6442177,0
MIMAT0004585,148124,0
MIMAT0004607,5790,0
MIMAT0003759,448013,0
MIMAT0002853,47289,0
641638,636397,0
MIMAT0001806,451668,0
MIMAT0001639,91466,0
MIMAT0003735,3101,0
MIMAT0000086,5280453,1
100287082,2353,0
hsa_circ_0007761,5206,0
MIMAT0000062,6253,1
MIMAT0003726,9064,0
100270680,4091,0
MIMAT0000100,4624,0
hsa_circ_0000792,11707110,0
hsa_circ_0003484,6115,0
hsa_circ_0000742,53232,0
MIMAT0000788,5311,0
MIMAT0000066,31703,1
MIMAT0004800,72304,0
MIMAT0019826,23939,0
652995,5951,0
MIMAT0001884,162282,0
MIMAT0000447,6013,1
6618,5280445,0
MIMAT0014002,60780,0
MIMAT0000689,1548943,0
hsa_circ_0041252,97226,0
MIMAT0001657,3657,0
hsa_circ_0002113,452548,0
728207,65348,0
MIMAT0000256,451668,1
hsa_circ_0039261,9898279,0
MIMAT0004187,60606,0
MIMAT0000757,11433190,0
hsa_circ_0087234,5943,0
MIMAT0002880,3779,0
MIMAT0005443,3028194,0
hsa_circ_0004368,60823,0
hsa_circ_0008131,5951,0
MIMAT0014022,5284373,0
51560,5641,0
MIMAT0019774,60750,1
MIMAT0002112,5951,0
MIMAT0003314,5361,0
MIMAT0001638,31401,0
MIMAT0000275,4641,0
hsa_circ_0015796,73581,0
MIMAT0004559,644241,0
MIMAT0014013,31703,0
MIMAT0019021,5950,0
MIMAT0004515,16741,0
MIMAT0000255,28486,1
MIMAT0004637,5280795,0
MIMAT0003211,3779,1
MIMAT0000020,44259,0
100132923,448537,0
MIMAT0000773,5793,1
MIMAT0004504,1832,0
MIMAT0001778,12967,0
hsa_circ_0001275,114900,0
MIMAT0015188,148124,0
MIMAT0000249,60823,0
401898,10184653,0
MIMAT0004929,44259,0
MIMAT0004987,689043,0
MIMAT0000066,5757,1
MIMAT0001425,442793,0
MIMAT0002852,60780,1
MIMAT0000648,74483,0
MIMAT0002173,6918837,0
hsa_circ_0005513,5310940,0
MIMAT0006764,3488,0
MIMAT0015173,9931953,0
MIMAT0000461,5310940,1
MIMAT0002820,702,1
MIMAT0019075,3385,1
104644205,11433190,0
MIMAT0000732,451668,1
100129794,114900,0
MIMAT0000788,4641,0
MIMAT0004861,6468,0
MIMAT0000255,712,1
hsa_circ_0002965,445154,0
MIMAT0003308,123631,1
hsa_circ_0087400,64971,0
MIMAT0000134,5746,0
728192,3902,0
27303,444254,0
MIMAT0003452,23725625,0
MIMAT0013994,462382,0
hsa_circ_0042265,15939,0
100506498,123631,0
MIMAT0009198,107985,0
MIMAT0000555,3103,0
100128675,47289,0
MIMAT0000372,712,0
hsa_circ_0051041,6036,0
hsa_circ_0004087,2733,0
MIMAT0005837,2578,0
MIMAT0000785,4091,0
MIMAT0000133,8490,1
MIMAT0019708,5462222,0
MIMAT0003216,5641,0
MIMAT0002174,71496458,0
MIMAT0001339,9547215,0
MIMAT0004563,5280795,0
101929574,265237,0
54660,790,0
MIMAT0000070,13089,0
MIMAT0003225,5280795,0
MIMAT0004574,11433190,0
MIMAT0005293,5310940,0
hsa_circ_0008518,443586,0
MIMAT0001079,638278,0
MIMAT0015166,89594,0
MIMAT0000216,8029,0
hsa_circ_0002078,10836,0
MIMAT0000448,14403,0
101927642,148124,0
MIMAT0003323,16741,0
MIMAT0002818,10635,0
hsa_circ_0001818,5793,0
MIMAT0019926,16741,0
hsa_circ_0003484,123631,0
hsa_circ_0031241,119307,0
MIMAT0016866,442793,0
MIMAT0015157,3117,0
MIMAT0014995,3385,1
MIMAT0015063,5280445,0
hsa_circ_0092315,54680783,0
MIMAT0018080,47289,0
MIMAT0004725,3071,0
MIMAT0011777,444732,0
hsa_circ_0003251,14888,0
101929655,5280360,0
MIMAT0004725,9444,0
MIMAT0003288,91820602,1
MIMAT0018361,4946,0
MIMAT0002111,3006531,0
hsa_circ_0005164,5790,0
100874261,3690,0
100506759,47289,0
MIMAT0000528,2733526,1
MIMAT0004534,462382,0
100507246,5288826,0
339926,2662,0
MIMAT0015358,5793,0
MIMAT0000141,45266826,0
MIMAT0003211,8378,0
MIMAT0004605,138374198,0
MIMAT0000372,210332,1
MIMAT0000652,73581,0
MIMAT0000065,10836,0
MIMAT0000424,5281811,0
MIMAT0005867,1130,0
MIMAT0000128,5283344,0
hsa_circ_0037972,30323,0
102723354,6918837,0
MIMAT0000246,15625,1
hsa_circ_0001772,64971,0
hsa_circ_0011245,3690,0
101927056,24268,0
440028,5280961,0
MIMAT0004897,14403,0
MIMAT0000266,126941,1
hsa_circ_0001222,3019,0
MIMAT0000645,3961,0
MIMAT0005918,54670067,0
MIMAT0018001,3121,0
hsa_circ_0002131,30323,0
hsa_circ_0009577,10836,0
100033431,31703,0
MIMAT0000538,41867,0
MIMAT0000370,36462,0
hsa_circ_0000858,253602,0
MIMAT0011156,1130,0
hsa_circ_0047253,11228183,0
100129075,15951529,0
653677,448013,0
MIMAT0016889,3386,0
105375401,4091,0
MIMAT0000445,5757,1
hsa_circ_0008223,72301,0
MIMAT0004680,72301,0
150538,5394,1
MIMAT0001273,5212,0
MIMAT0000763,31703,1
MIMAT0019718,145858,0
MIMAT0002873,3019,0
100874343,2723601,0
100009613,93004,0
MIMAT0015077,15625,0
100129291,5394,1
MIMAT0024890,11626560,0
100507468,1207,0
MIMAT0004871,60700,0
MIMAT0001850,1207,0
102724571,3763,0
4321,3220,0
hsa_circ_0068462,5755,0
hsa_circ_0003511,2353,0
MIMAT0004237,5284583,0
MIMAT0000369,896,0
hsa_circ_0006935,3488,0
100533789,104842,0
MIMAT0004920,1130,0
MIMAT0001759,3386,0
hsa_circ_0050580,790,0
hsa_circ_0005397,5281811,0
MIMAT0019689,2767,1
111216280,216345,0
hsa_circ_0004934,4891,0
MIMAT0000708,54671203,0
MIMAT0011162,969516,0
MIMAT0005887,60750,1
MIMAT0000689,54670067,1
51427,21109,0
MIMAT0000437,6115,0
MIMAT0001859,24268,0
100129781,3385,0
MIMAT0001819,4158,0
hsa_circ_0007551,9826528,0
MIMAT0004500,21109,0
hsa_circ_0000554,5281929,0
MIMAT0019738,5352624,0
MIMAT0015120,9898279,0
MIMAT0000243,60750,1
MIMAT0000733,11626560,0
MIMAT0004950,5816,0
111216282,2236,0
MIMAT0001369,6410,0
MIMAT0004888,11433190,0
MIMAT0004695,7222,0
100129781,638278,0
MIMAT0003945,5641,0
hsa_circ_0001386,15951529,1
MIMAT0000764,5283344,1
MIMAT0000516,5284373,0
MIMAT0015362,4033,0
MIMAT0001080,36462,1
MIMAT0000064,5310940,1
MIMAT0003478,3121,0
MIMAT0000149,969516,1
101928978,24360,0
MIMAT0015193,16078949,0
MIMAT0015042,4095,0
MIMAT0000817,6440495,1
MIMAT0003385,8378,0
hsa_circ_0005086,3019,0
hsa_circ_0008494,5352624,0
MIMAT0004602,2767,1
MIMAT0000367,6076,0
MIMAT0005339,5288826,0
hsa_circ_0001222,9931953,0
100131733,16132265,0
MIMAT0000686,446220,0
MIMAT0003482,114900,0
MIMAT0004646,5318517,0
MIMAT0004897,31703,0
MIMAT0000416,3690,0
MIMAT0000135,2375,0
MIMAT0003235,9931953,0
MIMAT0000075,448537,1
MIMAT0004661,446220,1
MIMAT0000759,712,1
hsa_circ_0005004,47725,0
MIMAT0013987,6115,0
hsa_circ_0002259,77999,0
MIMAT0003266,5951,0
MIMAT0015319,38904,0
MIMAT0002869,1110,0
MIMAT0016863,4829,0
hsa_circ_0001568,9931953,0
hsa_circ_0011448,54680783,0
MIMAT0000454,6440495,0
MIMAT0005871,5978,1
MIMAT0000822,24759,0
MIMAT0015078,1548943,0
MIMAT0000129,3488,0
MIMAT0019006,4763,0
106480679,44631912,0
MIMAT0001625,6115,0
MIMAT0001052,171548,0
MIMAT0000714,31703,0
MIMAT0000374,9804992,0
hsa_circ_0002089,9931953,0
MIMAT0003490,6410,1
hsa_circ_0007630,104741,0
MIMAT0003208,5284373,0
100505832,452548,0
hsa_circ_0007333,3690,0
MIMAT0000268,5757,1
hsa_circ_0065264,689043,0
MIMAT0000747,5284616,0
MIMAT0013993,122634,0
MIMAT0019740,6279,0
MIMAT0018987,5280445,0
MIMAT0000751,4946,0
hsa_circ_0049627,15951529,1
hsa_circ_0006239,2375,0
MIMAT0002809,60953,0
hsa_circ_0032682,16741,0
hsa_circ_0008771,14403,0
100126299,15939,0
hsa_circ_0003136,77999,0
MIMAT0019749,12967,0
100144602,6041,0
MIMAT0000859,6442177,0
MIMAT0002870,2520,1
100873940,9949648,0
MIMAT0005795,5538,0
MIMAT0000872,6440495,1
MIMAT0017063,8490,0
MIMAT0000252,36314,1
MIMAT0003244,25262965,0
MIMAT0015076,23725625,0
MIMAT0004573,8378,0
MIMAT0001799,93004,0
hsa_circ_0075048,15951529,1
MIMAT0000646,1175,1
MIMAT0003333,452548,0
MIMAT0003233,47936,0
MIMAT0000261,444795,0
MIMAT0003155,164676,0
ENSG00000255237,5997,0
25812,5281614,0
MIMAT0003326,13089,1
MIMAT0018988,3345,0
hsa_circ_0024842,15625,0
MIMAT0005456,1207,0
MIMAT0005850,3690,0
6093,5755,0
MIMAT0000142,638278,0
MIMAT0000746,29327,0
hsa_circ_0022963,667639,0
101927021,16197265,0
MIMAT0003453,8490,1
286411,6089,0
MIMAT0000816,60823,0
MIMAT0000731,3385,0
MIMAT0000432,5994,1
hsa_circ_0085495,9915743,0
MIMAT0003216,460612,0
hsa_circ_0075402,5280360,0
MIMAT0005280,5755,0
hsa_circ_0075900,11635763,0
8434,6857599,1
hsa_circ_0003838,5462222,0
MIMAT0000519,445639,0
MIMAT0006588,171548,0
MIMAT0005870,446220,0
MIMAT0000257,5978,1
hsa_circ_0066536,21109,0
MIMAT0019807,5790,0
hsa_circ_0043469,15951529,1
MIMAT0015113,5793,0
MIMAT0001820,24180719,0
MIMAT0004777,65064,0
hsa_circ_0009792,2353,0
MIMAT0003511,3019,0
100133991,60198,0
MIMAT0004616,442428,1
MIMAT0014863,47289,0
MIMAT0000743,6197,0
MIMAT0002816,5310940,1
MIMAT0002832,4212,1
MIMAT0005793,60823,0
101927102,24180719,0
MIMAT0004542,444254,0
hsa_circ_0000792,9444,0
MIMAT0018977,442972,0
MIMAT0002104,44259,0
MIMAT0000131,5950,0
650226,5978,0
MIMAT0000449,65015,1
100132169,93004,0
MIMAT0004579,2662,0
MIMAT0000423,10836,1
MIMAT0000707,253602,0
MIMAT0003303,5865,1
MIMAT0003892,3220,0
MIMAT0003171,452548,0
101928416,5311,0
hsa_circ_0044837,6001,0
5610,3071,0
MIMAT0000582,5281004,1
MIMAT0014023,3007,0
MIMAT0001734,15939,0
101928287,3821,0
MIMAT0015078,3385,1
105375847,28486,0
340811,11707110,0
MIMAT0000381,6036,1
MIMAT0016918,123865,0
988,5755,0
MIMAT0000246,2733,0
100379571,2662,0
503637,36462,0
MIMAT0000799,15625,0
100874249,5359268,0
hsa_circ_0020460,145858,0
MIMAT0004677,3385,1
MIMAT0001876,2353,0
hsa_circ_0000818,104842,0
MIMAT0001817,5793,0
MIMAT0000273,2520,1
MIMAT0002809,6013,0
MIMAT0019801,969516,0
102724515,72304,0
MIMAT0000267,5394,1
MIMAT0004909,4212,0
MIMAT0000167,107985,0
MIMAT0003249,5746,1
MIMAT0000430,2767,1
MIMAT0000068,8378,0
1973,3019,0
MIMAT0015193,8490,0
MIMAT0001721,9915743,0
MIMAT0001764,60700,0
MIMAT0031893,985,0
hsa_circ_0026457,5951,0
100505994,148124,0
1397,171548,0
MIMAT0004622,5311,0
55000,23725625,0
hsa_circ_0000336,667639,0
MIMAT0000860,54671203,0
MIMAT0004670,5311,0
MIMAT0016901,60700,0
MIMAT0000890,3121,1
MIMAT0003738,42113,0
4855,2336,0
100287216,10184653,0
hsa_circ_0004254,31703,1
hsa_circ_0059910,64971,0
51427,60838,0
MIMAT0006588,42113,0
MIMAT0003208,216239,0
644919,24978538,0
MIMAT0003513,176870,0
MIMAT0002805,5073,0
MIMAT0019021,3657,0
MIMAT0003734,31703,1
MIMAT0004773,5790,1
100131874,25262965,0
MIMAT0004518,5310940,1
MIMAT0000272,444732,1
MIMAT0003242,985,0
MIMAT0005880,5816,0
MIMAT0022834,31703,1
MIMAT0000089,119104,0
MIMAT0011777,6115,0
hsa_circ_0008494,2336,0
MIMAT0001342,6410,1
100861402,21633059,0
MIMAT0004882,104746,0
MIMAT0004540,1674,0
101928103,5212,0
MIMAT0003193,42611257,0
hsa_circ_0036688,3103,0
MIMAT0004235,6013,0
MIMAT0002882,442793,0
MIMAT0000082,1674,0
hsa_circ_0050580,3690,0
MIMAT0000524,5284616,1
MIMAT0019827,36462,0
hsa_circ_0002761,2520,0
hsa_circ_0022080,737139,0
MIMAT0000677,5284616,1
101929344,65348,0
MIMAT0019868,8378,0
MIMAT0003225,60750,0
MIMAT0002940,6115,0
MIMAT0000274,122724,1
hsa_circ_0042435,5978,0
hsa_circ_0000881,54670067,0
MIMAT0015327,47318,0
hsa_circ_0037447,216239,0
MIMAT0019934,5073,0
545,5281811,0
27004,5280360,0
hsa_circ_0079262,5212,0
MIMAT0000382,37542,0
hsa_circ_0001818,60780,0
hsa_circ_0006873,2767,1
MIMAT0005576,5790,1
MIMAT0000176,25244711,0
MIMAT0000276,448537,0
MIMAT0003151,442428,0
MIMAT0000435,4943,1
MIMAT0005279,5743,1
440925,5950,0
MIMAT0003315,31703,1
MIMAT0000231,31703,1
MIMAT0019019,5994,0
25859,42113,0
MIMAT0000414,91820602,0
MIMAT0002111,444732,0
MIMAT0004584,65110,0
MIMAT0002016,135403648,0
hsa_circ_0048856,5757,0
100507006,9826528,0
MIMAT0001372,442793,0
MIMAT0004623,36462,0
100129534,5394,1
MIMAT0001780,3028194,0
MIMAT0004911,5793,1
hsa_circ_0075736,135403648,0
hsa_circ_0083026,25227436,0
MIMAT0003769,444732,0
hsa_circ_0036683,10184653,0
101928913,36462,0
MIMAT0018443,64971,0
MIMAT0004909,60750,1
MIMAT0001412,3103,0
hsa_circ_0017449,544,0
23015,4891,0
hsa_circ_0018652,712,0
645996,2244,0
hsa_circ_0091894,5641,0
MIMAT0001863,241,0
MIMAT0004700,53232,0
MIMAT0005826,5280453,1
MIMAT0004224,8029,0
hsa_circ_0007333,21109,0
hsa_circ_0005210,54454,0
MIMAT0005626,9826528,0
hsa_circ_0043632,4624,0
hsa_circ_0060516,261000,0
286150,1548943,0
hsa_circ_0001450,25244711,0
MIMAT0015172,5790,0
MIMAT0002173,3385,1
101927541,164676,0
MIMAT0000552,5280951,0
MIMAT0019835,2187,0
100996671,5280453,0
MIMAT0003263,5462222,0
hsa_circ_0040786,9064,0
MIMAT0003766,6115,0
51427,5360373,0
hsa_circ_0085923,11626560,0
MIMAT0000250,36314,1
MIMAT0000714,9826528,0
hsa_circ_0091692,2723601,0
hsa_circ_0026512,15951529,1
hsa_circ_0032825,2995,0
MIMAT0015140,16078949,0
MIMAT0005443,6279,0
100506119,42113,0
MIMAT0001813,657237,0
hsa_circ_0000817,5318517,0
MIMAT0018121,3902,0
100303491,784,0
MIMAT0003453,210332,1
MIMAT0003177,72304,0
101928416,5284583,0
MIMAT0019835,3385,1
MIMAT0005572,2236,0
MIMAT0000548,210332,1
hsa_circ_0047641,3652,0
MIMAT0000739,73581,0
MIMAT0000527,445858,0
MIMAT0003327,439530,0
MIMAT0015196,24268,1
MIMAT0000717,5329102,1
MIMAT0007348,969516,0
MIMAT0004656,443586,1
MIMAT0000730,6057,0
hsa_circ_0022963,107985,0
MIMAT0000079,5311,1
hsa_circ_0003940,47318,0
MIMAT0004610,5284583,0
hsa_circ_0080210,15951529,1
MIMAT0004508,737139,0
MIMAT0017015,138374198,0
MIMAT0017080,10184653,0
MIMAT0004933,36462,0
hsa_circ_0000518,5281708,0
MIMAT0003396,60953,0
MIMAT0013985,24497,0
MIMAT0003895,16132265,0
hsa_circ_0072837,5206,0
MIMAT0007347,5284373,0
MIMAT0000736,10836,0
MIMAT0019913,60780,0
MIMAT0000069,56842234,0
hsa_circ_0007059,25262965,0
MIMAT0001821,6410,0
MIMAT0000743,261000,0
MIMAT0000132,222528,0
100506668,74483,0
MIMAT0000414,13342,1
MIMAT0004661,702,1
hsa_circ_0003602,985,0
MIMAT0014009,24268,1
MIMAT0001618,5318517,0
MIMAT0002842,2767,1
hsa_circ_0001361,53232,0
100874074,657237,0
hsa_circ_0008223,11635763,0
MIMAT0000072,60700,1
MIMAT0000689,5288826,1
hsa_circ_0003838,74483,0
hsa_circ_0000206,3488,0
MIMAT0000061,2236,0
MIMAT0005972,23939,0
MIMAT0000273,1176,0
MIMAT0000025,445580,0
hsa_circ_0004891,15951529,1
MIMAT0004928,5865,0
MIMAT0004779,6057,0
MIMAT0005871,171548,0
5610,6167,0
MIMAT0019021,6279,0
ENSG00000255237,462382,0
MIMAT0000441,31703,1
MIMAT0014988,2662,0
MIMAT0000724,60750,1
MIMAT0004586,3763,0
MIMAT0018191,1673,0
MIMAT0023634,5281929,0
hsa_circ_0075281,3121,0
100506465,42113,0
hsa_circ_0072857,15951529,1
MIMAT0004930,45266826,0
MIMAT0007887,441074,0
MIMAT0011161,122634,0
MIMAT0000222,24821094,0
MIMAT0004901,5281614,0
MIMAT0000250,148124,1
MIMAT0003189,54454,0
MIMAT0014988,5311,0
MIMAT0000516,60198,0
644649,24821094,0
56997,2723601,0
102724434,24978538,0
101927136,6468,0
MIMAT0000048,89594,1
MIMAT0000123,969516,1
hsa_circ_0000211,5280961,0
hsa_circ_0006156,6253,0
MIMAT0023617,60780,0
MIMAT0005625,2767,0
hsa_circ_0000211,5281929,0
MIMAT0004596,97226,1
MIMAT0003282,5381226,0
MIMAT0002806,6440495,0
MIMAT0015348,644241,0
100033427,3902,0
MIMAT0000460,38904,1
MIMAT0000230,5284616,1
MIMAT0003891,93004,0
MIMAT0004916,285033,0
MIMAT0004777,13342,0
MIMAT0005907,36462,0
hsa_circ_0002782,4091,0
hsa_circ_0002669,5280360,0
hsa_circ_0001667,7222,0
MIMAT0003735,16197265,0
MIMAT0014988,3007,0
MIMAT0004555,25244711,0
MIMAT0000595,2733526,1
MIMAT0003337,54670067,0
100033439,2995,0
MIMAT0018179,6253,0
MIMAT0004588,10621,0
MIMAT0000785,7222,0
MIMAT0000081,36314,1
MIMAT0004949,11953817,0
MIMAT0004559,24180719,0
23766,3117,0
MIMAT0016852,2995,0
hsa_circ_0085923,21633059,0
MIMAT0005917,73581,0
MIMAT0004886,5281004,1
29797,24759,0
MIMAT0003191,5743,1
MIMAT0005844,636397,0
MIMAT0004696,5280795,1
MIMAT0003216,451668,0
MIMAT0002860,445858,0
hsa_circ_0039930,5280343,0
MIMAT0001725,47725,0
100996447,3657,0
MIMAT0018967,53232,0
hsa_circ_0031027,1832,0
hsa_circ_0008702,15951529,1
MIMAT0000143,3386,0
MIMAT0001631,31703,1
100506930,5394,1
MIMAT0019984,6197,0
MIMAT0000737,5282350,0
MIMAT0004605,2051,0
MIMAT0000763,4624,1
MIMAT0015065,5997,0
MIMAT0000418,5757,1
hsa_circ_0001874,3062316,0
MIMAT0000617,387447,1
1407,5073,0
MIMAT0000850,6115,0
MIMAT0000771,445154,0
MIMAT0004886,442793,0
hsa_circ_0000074,208908,0
MIMAT0000149,2662,0
hsa_circ_0006131,15625,0
MIMAT0000535,702,1
MIMAT0000736,444732,0
MIMAT0004612,229455,0
MIMAT0045392,5755,0
2059,11556711,0
MIMAT0018943,5073,0
hsa_circ_0015494,5288826,0
MIMAT0015000,6623,0
MIMAT0001841,667639,0
MIMAT0001091,5311,0
105375847,5280448,0
390963,5394,1
hsa_circ_0049462,24288,0
MIMAT0000790,2336,1
MIMAT0003303,6468,0
MIMAT0000570,11228183,0
hsa_circ_0089371,1548943,0
MIMAT0001015,65110,0
MIMAT0015138,6440495,0
hsa_circ_0003940,15951529,1
100073347,24759,0
MIMAT0026720,60838,0
MIMAT0000437,36314,1
100506866,6106,0
hsa_circ_0050125,3902,0
101927125,4033,0
hsa_circ_0092315,15951529,1
9641,9700,0
MIMAT0009448,60852,0
MIMAT0002175,31703,1
MIMAT0001785,60606,0
MIMAT0003119,6442177,0
MIMAT0003321,65064,0
hsa_circ_0070098,9547215,0
MIMAT0003287,969516,0
MIMAT0004573,5288826,0
MIMAT0004802,5310940,1
MIMAT0006764,28486,0
MIMAT0019074,6279,0
MIMAT0019019,24180719,0
MIMAT0003321,60823,1
MIMAT0015339,2375,0
MIMAT0003727,445858,1
MIMAT0003317,216326,0
hsa_circ_0011571,5978,0
MIMAT0000279,24978538,0
1832,6440495,0
hsa_circ_0072837,10635,0
100506759,25262965,0
MIMAT0000707,60700,0
MIMAT0004670,104758,0
MIMAT0003260,3385,1
MIMAT0015336,11953817,0
MIMAT0004806,443586,0
MIMAT0004918,2520,0
hsa_circ_0042474,2375,0
MIMAT0005576,1130,0
MIMAT0000425,5743,0
100271075,6857599,1
MIMAT0002881,5460341,0
MIMAT0000575,72301,0
MIMAT0004916,444732,1
hsa_circ_0087063,5361,0
MIMAT0003945,31703,1
147947,60750,0
MIMAT0016852,4829,0
102724105,5394,1
MIMAT0000228,53232,0
hsa_circ_0032682,45266826,0
MIMAT0000090,5978,1
hsa_circ_0001204,11635763,0
MIMAT0001532,451668,0
105375401,141643,0
MIMAT0000417,36462,1
101927352,5394,1
MIMAT0000066,119307,1
162632,54670067,0
MIMAT0000802,3007,0
hsa_circ_0000102,445154,0
MIMAT0000420,2520,1
MIMAT0004782,3763,0
hsa_circ_0083092,15951529,1
MIMAT0004683,54675776,0
MIMAT0001785,164676,0
103752588,1207,0
MIMAT0003335,222528,0
MIMAT0006767,285033,0
hsa_circ_0043634,10836,0
MIMAT0000982,23725625,0
100505530,2336,0
MIMAT0004622,5950,0
MIMAT0000766,5757,1
26751,5943,0
hsa_circ_0047253,60780,0
MIMAT0000665,171548,0
MIMAT0013987,9915743,0
MIMAT0004524,6167,0
441307,2767,0
MIMAT0003309,5310940,1
MIMAT0001638,636397,0
101928416,8378,0
100506759,5746,0
MIMAT0001331,4763,0
MIMAT0000177,5288209,0
MIMAT0000795,5743,1
MIMAT0004751,3220,1
MIMAT0000593,3690,0
MIMAT0000801,5281708,0
MIMAT0004895,5280343,0
MIMAT0005793,60750,1
MIMAT0001081,2375,0
100506465,13089,0
51716,441074,0
MIMAT0000652,5381226,0
MIMAT0000096,3103,0
MIMAT0000441,2375,1
MIMAT0003270,5310940,1
106480679,6468,0
MIMAT0011777,12967,0
MIMAT0019979,60750,1
MIMAT0001700,65064,0
MIMAT0019748,636397,0
MIMAT0018941,41867,0
MIMAT0019762,97226,0
MIMAT0004620,261000,0
MIMAT0005972,107985,0
MIMAT0000255,24759,1
MIMAT0002805,36314,1
MIMAT0000866,448537,0
MIMAT0002888,5789,0
MIMAT0000574,148124,0
MIMAT0004825,10635,0
105378769,462382,0
100499489,122724,0
hsa_circ_0026349,21109,0
MIMAT0005867,2244,0
MIMAT0001412,2520,0
hsa_circ_0001311,5310940,0
100128811,15,0
100506368,5280445,0
MIMAT0005307,5282350,0
104326188,43815,0
MIMAT0003335,141643,0
MIMAT0000151,60953,0
MIMAT0003320,712,1
MIMAT0003885,448537,1
MIMAT0001631,91820602,1
MIMAT0003308,47725,1
hsa_circ_0017643,6076,0
MIMAT0004628,3071,0
MIMAT0000514,5222465,0
MIMAT0003328,3007,0
100996732,5743,0
101927477,3397,0
MIMAT0000094,2767,0
MIMAT0003274,6167,0
MIMAT0019745,24288,0
101927447,2907,0
hsa_circ_0028864,210332,0
MIMAT0002880,5978,1
hsa_circ_0000336,2336,0
100316868,5460341,0
MIMAT0000449,5281929,0
MIMAT0001830,74483,1
MIMAT0000755,36314,1
hsa_circ_0015494,93004,0
MIMAT0005923,3220,0
MIMAT0000646,3121,0
MIMAT0023634,31401,0
hsa_circ_0052154,445858,0
hsa_circ_0006941,5359268,0
MIMAT0004680,9949648,0
10263,12967,0
hsa_circ_0058608,285033,0
MIMAT0001732,10184653,0
MIMAT0003478,9064,1
MIMAT0000533,16078949,1
100033426,6036,0
MIMAT0002834,5793,1
hsa_circ_0092329,3488,0
hsa_circ_0000038,3220,0
MIMAT0004558,5360373,0
MIMAT0003239,89594,0
100133669,5291,0
MIMAT0003313,31703,1
MIMAT0000573,56843276,0
101928607,3385,0
MIMAT0004588,5755,0
MIMAT0002874,2236,0
5610,3690,0
MIMAT0019055,667639,0
hsa_circ_0005941,23725625,0
MIMAT0000274,104842,0
MIMAT0001069,145858,0
hsa_circ_0001829,7222,0
MIMAT0000834,15,0
hsa_circ_0063577,60838,0
MIMAT0004954,3385,1
MIMAT0000515,104741,0
hsa_circ_0046265,64971,0
100996259,24821094,0
MIMAT0003885,2767,1
MIMAT0001635,2995,0
150538,124886,0
MIMAT0000708,60838,0
MIMAT0000157,60838,0
MIMAT0013517,5280427,0
hsa_circ_0002654,123865,0
MIMAT0000261,14888,1
MIMAT0003180,5994,1
MIMAT0016863,8029,0
MIMAT0000801,104746,0
MIMAT0000764,60750,1
MIMAT0018992,5757,0
100289178,42611257,0
hsa_circ_0002259,5280427,0
MIMAT0001825,65110,0
MIMAT0004797,455658,0
MIMAT0000223,141643,0
MIMAT0003320,5212,0
MIMAT0019851,5310940,0
101928674,28486,0
MIMAT0023622,9700,0
MIMAT0048134,452548,0
MIMAT0019046,442972,0
MIMAT0000765,3385,1
MIMAT0000256,5394,1
hsa_circ_0000500,114900,0
MIMAT0000376,24180719,0
101927171,5394,1
MIMAT0004895,3961,0
MIMAT0001837,3071,0
100131067,5394,1
MIMAT0005943,3385,1
MIMAT0001780,15625,0
MIMAT0000264,4033,0
6596,5280343,0
MIMAT0031893,73581,0
MIMAT0004909,11226684,0
101929655,5280445,0
hsa_circ_0059914,156413,0
MIMAT0000710,5073,1
hsa_circ_0038366,261000,0
hsa_circ_0083026,14403,0
hsa_circ_0049627,5281929,0
hsa_circ_0018722,145858,0
hsa_circ_0000453,23939,0
MIMAT0005909,2767,1
MIMAT0019018,5538,0
MIMAT0015085,44631912,0
hsa_circ_0008382,5381226,0
MIMAT0004762,60852,0
MIMAT0003155,5281811,0
MIMAT0001729,24268,1
MIMAT0000605,985,0
MIMAT0005633,241,0
hsa_circ_0085567,14888,0
MIMAT0018204,3103,0
hsa_circ_0040466,462382,0
MIMAT0005580,5311,1
hsa_circ_0036287,6036,0
MIMAT0000743,24288,0
hsa_circ_0023249,16197265,0
MIMAT0000125,23973,0
103344926,5310940,0
MIMAT0004777,36314,1
100652772,4891,0
MIMAT0001340,5310940,1
MIMAT0004790,47936,0
MIMAT0004978,176870,0
hsa_circ_0003695,6410,0
646324,4946,0
MIMAT0019699,3028194,0
hsa_circ_0001649,6468,0
MIMAT0000738,91820602,1
MIMAT0004929,16078949,0
MIMAT0000073,2520,1
MIMAT0001862,5459308,0
MIMAT0018932,5283344,0
MIMAT0003215,31401,1
MIMAT0014013,6001,0
hsa_circ_0086490,702,0
hsa_circ_0068464,442428,0
hsa_circ_0061260,216326,0
MIMAT0013992,123596,0
101927932,31703,0
hsa_circ_0063305,15951529,1
MIMAT0000083,43815,0
100287639,10184653,0
MIMAT0004528,3071,0
MIMAT0000887,638278,0
MIMAT0002837,31703,1
5573,3652,0
MIMAT0014007,442793,0
692205,38904,0
MIMAT0000419,2767,1
51716,2767,1
100506994,2767,0
MIMAT0007892,2187,0
MIMAT0003280,5283344,0
MIMAT0005863,2051,0
MIMAT0026739,8378,0
51100,93004,0
MIMAT0002819,2733526,1
MIMAT0004538,6918837,0
MIMAT0003118,3071,0
MIMAT0002875,14888,0
MIMAT0004365,5865,0
MIMAT0002055,54675776,0
MIMAT0004238,25262965,0
MIMAT0000082,5288826,1
hsa_circ_0000457,43815,0
hsa_circ_0004254,441074,0
101927220,122634,0
MIMAT0000438,442793,0
MIMAT0015069,5281811,0
MIMAT0005459,5881,0
MIMAT0003299,3007,0
MIMAT0004723,11228183,0
hsa_circ_0003323,5280427,0
MIMAT0002870,15939,0
MIMAT0000561,265237,0
MIMAT0005315,24288,0
MIMAT0000223,49803145,0
MIMAT0004983,25244711,0
MIMAT0003474,210332,1
MIMAT0000704,5280795,0
101928414,5997,0
MIMAT0002843,285033,0
MIMAT0005523,89594,1
hsa_circ_0000818,2236,0
101929660,6505803,0
MIMAT0005850,6057,0
MIMAT0000659,3117,0
MIMAT0000157,8490,1
MIMAT0004971,9826528,0
441307,445858,0
MIMAT0019850,15,0
MIMAT0000449,2767,1
hsa_circ_0005415,15951529,1
hsa_circ_0060733,15951529,1
MIMAT0000251,5310940,1
MIMAT0000138,156413,0
hsa_circ_0034067,5284616,0
hsa_circ_0003505,3657,0
MIMAT0002819,445580,1
MIMAT0000770,31703,1
MIMAT0004524,72304,0
hsa_circ_0056048,455658,0
MIMAT0002806,3007,0
MIMAT0010357,261000,0
MIMAT0005583,638278,0
hsa_circ_0007924,38904,0
MIMAT0019716,5360373,0
MIMAT0006778,1548943,0
hsa_circ_0000614,5743,0
hsa_circ_0015796,446220,0
hsa_circ_0000516,784,0
MIMAT0017059,171548,0
MIMAT0000132,442428,1
MIMAT0018932,442972,0
MIMAT0000589,5743,1
MIMAT0003714,5280343,0
MIMAT0001778,23973,0
hsa_circ_0045862,65110,0
MIMAT0001270,6036,0
100033426,60852,0
MIMAT0000551,16741,1
100190938,4212,0
hsa_circ_0068563,3386,0
100506866,5280961,0
100874375,3062316,0
hsa_circ_0005741,24180719,0
hsa_circ_0082139,29327,0
MIMAT0000840,72304,0
hsa_circ_0000673,2187,0
101926978,5460341,0
MIMAT0004751,25262965,0
hsa_circ_0000525,4033,0
MIMAT0004607,285033,0
646201,387447,0
MIMAT0000828,444254,0
MIMAT0000442,141643,0
MIMAT0001876,5359268,0
MIMAT0018204,4158,0
MIMAT0004548,5288826,0
MIMAT0003292,104842,0
344887,644241,0
hsa_circ_0006900,1130,0
MIMAT0013802,44259,0
MIMAT0004695,10836,0
7508,60198,0
MIMAT0000386,441074,0
MIMAT0000733,3385,1
MIMAT0002818,6167,0
MIMAT0000127,702,1
MIMAT0000445,9700,0
MIMAT0004937,6197,0
101927477,49803145,0
MIMAT0000680,1175,0
hsa_circ_0007148,77999,0
100506797,25262965,0
MIMAT0003121,222528,0
MIMAT0003347,29327,0
MIMAT0018191,462382,0
101927477,4091,0
MIMAT0000030,122724,0
MIMAT0004646,5743,1
MIMAT0000374,9064,1
100750225,2767,1
MIMAT0015173,47936,0
MIMAT0000100,119307,1
MIMAT0005911,446220,0
MIMAT0002859,5538,0
MIMAT0015041,3385,1
100861402,784,0
hsa_circ_0047444,3028194,0
6615,31401,0
MIMAT0000092,2520,1
hsa_circ_0000760,5462222,0
MIMAT0009448,145858,0
MIMAT0004773,60700,1
MIMAT0013982,23939,0
hsa_circ_0082864,444732,0
MIMAT0000252,60750,1
MIMAT0000715,6106,0
MIMAT0000814,1110,0
hsa_circ_0018722,2723601,0
MIMAT0014004,6410,0
hsa_circ_0007326,15951529,1
hsa_circ_0059216,285033,0
MIMAT0000062,5212,0
105378992,64971,0
MIMAT0000983,3652,0
MIMAT0003459,11953817,0
MIMAT0001731,3385,0
100289255,3652,0
MIMAT0018097,89594,0
hsa_circ_0023255,119307,0
MIMAT0000551,107985,0
MIMAT0003211,145858,0
MIMAT0000595,5280453,0
MIMAT0000778,13089,0
MIMAT0002854,15951529,0
hsa_circ_0086474,17754356,0
MIMAT0002178,5394,0
hsa_circ_0048856,5318517,0
MIMAT0000639,4763,0
MIMAT0004939,443586,1
MIMAT0000852,6253,0
MIMAT0019938,141643,0
hsa_circ_0001851,24759,0
MIMAT0004918,97226,1
MIMAT0005881,1548943,0
728207,3103,0
MIMAT0000216,8490,1
MIMAT0000872,71496458,0
hsa_circ_0001667,138374198,0
100886964,5310940,0
hsa_circ_0005086,15951529,1
MIMAT0019713,6918837,0
hsa_circ_0028912,4212,0
hsa_circ_0030999,216326,0
MIMAT0000821,5394,0
MIMAT0016925,3385,1
MIMAT0002171,3006531,0
23766,5291,0
MIMAT0003195,216239,0
hsa_circ_0005397,10184653,0
MIMAT0015055,42890,0
hsa_circ_0001649,5329102,0
100885779,2375,0
100131733,3101,0
MIMAT0004981,6468,0
MIMAT0005828,5073,0
MIMAT0000248,3652,0
101928674,1175,0
MIMAT0001709,544,0
MIMAT0000443,2767,1
MIMAT0003507,1176,0
MIMAT0000258,5280453,1
101752399,5865,0
MIMAT0000581,123865,0
MIMAT0000433,60700,1
MIMAT0000424,2733526,1
MIMAT0004517,444254,0
101928103,44631912,0
MIMAT0000063,16197265,0
MIMAT0003202,445858,0
MIMAT0002848,148124,1
hsa_circ_0000499,2767,0
MIMAT0004520,3006531,0
MIMAT0004541,5284616,1
MIMAT0000900,5359268,0
MIMAT0003310,73581,0
MIMAT0005460,5284616,0
hsa_circ_0041019,16197265,0
MIMAT0019968,5361,0
MIMAT0000081,119307,1
MIMAT0003273,2520,1
MIMAT0001634,2723601,0
MIMAT0019850,31703,1
hsa_circ_0062980,15951529,1
MIMAT0018443,216239,0
hsa_circ_0001772,3821,0
MIMAT0017017,60780,0
100131604,6857599,1
MIMAT0000163,5284616,0
101927873,104758,0
MIMAT0000097,6857599,1
MIMAT0000583,65110,0
hsa_circ_0011292,442972,0
MIMAT0003453,6106,0
MIMAT0004679,285033,0
MIMAT0015025,6468,0
MIMAT0002873,135403648,1
102724246,6440495,0
MIMAT0015336,5284373,0
MIMAT0000081,122634,0
MIMAT0019807,5816,0
663,1110,0
hsa_circ_0000907,5222465,0
MIMAT0001849,74483,1
hsa_circ_0017628,3019,0
101928978,9064,0
hsa_circ_0000919,2995,0
MIMAT0001768,3345,0
100874058,3690,0
MIMAT0013983,222757,0
100506994,8029,0
MIMAT0002881,445639,0
MIMAT0005901,164676,0
MIMAT0002879,444732,0
MIMAT0018185,9898279,0
MIMAT0003882,148124,1
147947,5359268,0
hsa_circ_0009362,42890,0
100129029,3229,0
hsa_circ_0058361,667639,0
MIMAT0000384,89594,0
MIMAT0013989,1175,0
MIMAT0003891,11226684,0
101927416,2767,1
hsa_circ_0091934,5959,0
MIMAT0015035,261004,0
hsa_circ_0087963,443586,0
MIMAT0004748,2578,0
100505929,114900,0
23513,6623,0
MIMAT0001341,712,1
MIMAT0004848,5280795,0
6175,3779,0
MIMAT0014011,6106,0
105378992,65015,0
MIMAT0004971,16078949,0
hsa_circ_0040188,452548,0
MIMAT0000368,5994,0
MIMAT0004703,445639,0
100128675,77999,0
100874041,5288209,0
MIMAT0004589,3961,0
MIMAT0001781,10635,0
MIMAT0001819,448537,0
MIMAT0015337,171548,0
100506599,445639,0
MIMAT0004533,6918837,0
MIMAT0000765,6623,1
MIMAT0002807,38904,1
100506922,14888,0
MIMAT0001723,13342,0
MIMAT0000217,64971,0
hsa_circ_0001847,171548,0
MIMAT0004770,8490,0
MIMAT0015328,24268,1
2149,3397,0
MIMAT0000161,5459308,0
MIMAT0004696,5212,0
MIMAT0001279,10836,0
MIMAT0000725,60953,0
hsa_circ_0087293,6036,0
MIMAT0005900,138374198,0
MIMAT0003765,5281004,0
hsa_circ_0064808,15951529,1
hsa_circ_0091419,10836,0
hsa_circ_0085616,5743,0
MIMAT0015001,1130,0
MIMAT0018945,3220,0
MIMAT0000432,6505803,0
MIMAT0000419,5757,1
MIMAT0004553,445154,0
MIMAT0015336,74483,0
MIMAT0005580,6013,0
MIMAT0000734,261004,0
hsa_circ_0069574,104741,0
MIMAT0000570,3821,0
MIMAT0005943,24268,0
hsa_circ_0000724,6057,0
hsa_circ_0025513,5280360,0
MIMAT0003885,3385,1
hsa_circ_0004315,11556711,0
MIMAT0007881,5746,1
MIMAT0026719,60606,0
MIMAT0000435,65015,0
112935969,5746,0
MIMAT0002016,261000,0
MIMAT0001840,123865,0
MIMAT0000892,12967,0
MIMAT0003297,36314,0
MIMAT0005952,60823,0
100506474,3101,0
hsa_circ_0000813,123631,0
MIMAT0022692,23973,0
hsa_circ_0001450,5881,0
MIMAT0004901,23939,0
MIMAT0000377,6410,1
MIMAT0015019,455658,0
hsa_circ_0084021,10621,0
MIMAT0000077,985,0
MIMAT0003513,4946,0
MIMAT0001866,65348,0
MIMAT0000458,5793,1
MIMAT0005906,11626560,0
hsa_circ_0061260,4763,0
hsa_circ_0004680,222528,0
MIMAT0015318,24180719,0
MIMAT0005593,6918837,0
MIMAT0001768,47289,0
MIMAT0003377,462382,0
MIMAT0000770,1175,0
MIMAT0001817,5789,0
MIMAT0003331,3101,0
MIMAT0000752,54675776,0
MIMAT0005797,2051,0
MIMAT0000225,5318517,0
MIMAT0004770,5212,0
hsa_circ_0030162,222757,0
hsa_circ_0000471,5746,0
MIMAT0004928,60750,1
MIMAT0000068,2733526,1
hsa_circ_0007275,108065,0
MIMAT0000086,10635,1
hsa_circ_0003655,15951529,1
hsa_circ_0084606,71496458,0
MIMAT0009391,5462222,0
MIMAT0019886,261000,0
101928931,3071,0
hsa_circ_0037274,6076,0
MIMAT0007864,441074,0
MIMAT0001279,15625,1
MIMAT0000573,6001,0
MIMAT0004498,444795,0
100507468,11226684,0
MIMAT0003219,24759,0
MIMAT0000101,446220,0
101929120,253602,0
MIMAT0000830,164676,0
MIMAT0003896,6442177,0
MIMAT0015064,25244711,0
MIMAT0017063,5280951,0
hsa_circ_0001811,15951529,1
MIMAT0000830,29327,0
MIMAT0014817,104758,0
hsa_circ_0004058,42113,0
MIMAT0000375,5212,0
MIMAT0015166,6442177,0
MIMAT0004953,97226,0
hsa_circ_0070617,5394,0
MIMAT0002176,222528,0
MIMAT0003242,5281811,0
MIMAT0000259,451668,1
MIMAT0019801,5538,0
MIMAT0000764,6857599,1
hsa_circ_0023255,3902,0
100033434,3345,0
MIMAT0001331,21633059,0
100302650,444732,0
MIMAT0005903,10184653,0
MIMAT0001734,60606,0
MIMAT0015083,171548,0
MIMAT0019806,6918289,0
MIMAT0005572,10621,0
MIMAT0003493,3019,0
MIMAT0019855,3385,1
101927750,10836,0
MIMAT0019956,97226,0
MIMAT0004497,89594,0
MIMAT0002848,11626560,0
MIMAT0000691,5310940,1
MIMAT0000290,60823,0
hsa_circ_0000792,544,0
101928414,5394,1
389906,5394,1
105379407,47318,0
MIMAT0014007,56842234,0
hsa_circ_0077216,5789,0
100270680,54454,0
MIMAT0003301,5280360,0
hsa_circ_0005004,1674,0
MIMAT0023635,2767,0
MIMAT0000766,6410,1
hsa_circ_0080975,5284583,0
389641,21633059,0
MIMAT0015343,47289,0
51427,3006531,0
MIMAT0000255,14888,1
MIMAT0019929,460612,0
55165,636397,0
MIMAT0000804,6440495,1
MIMAT0018184,24268,0
MIMAT0000430,31703,1
MIMAT0005300,445858,0
MIMAT0003478,689043,1
MIMAT0001421,12967,1
hsa_circ_0025202,229455,0
5573,5361,0
101927574,5381226,0
MIMAT0007869,25262965,0
4855,89594,0
MIMAT0004982,6013,0
MIMAT0016918,44259,0
MIMAT0000218,5459308,0
MIMAT0014007,13342,0
hsa_circ_0052154,6013,0
MIMAT0019826,3385,1
hsa_circ_0028864,443586,0
MIMAT0002831,241,0
MIMAT0004497,60750,1
MIMAT0009198,97226,1
MIMAT0000431,10184653,0
hsa_circ_0038090,5959,0
MIMAT0001045,5359268,1
hsa_circ_0017643,89594,0
MIMAT0009201,122634,0
MIMAT0001536,5280961,0
646576,6857599,0
MIMAT0000427,108065,1
MIMAT0004188,41867,0
hsa_circ_0000510,2051,0
hsa_circ_0043634,1674,0
MIMAT0004692,6013,0
MIMAT0019716,1207,0
MIMAT0001637,24360,0
MIMAT0004739,1130,0
MIMAT0001413,451668,1
MIMAT0003279,8378,0
MIMAT0000072,135403648,1
MIMAT0003401,5789,0
414243,28486,0
100750225,135403648,0
101928979,2520,0
hsa_circ_0071210,445434,0
MIMAT0015068,6468,0
MIMAT0000647,74483,0
MIMAT0004631,145858,1
653190,3006531,0
100506860,54671203,0
MIMAT0018001,2733526,0
MIMAT0004807,5460341,0
1281,5943,0
MIMAT0004626,5280951,0
100289019,5280445,0
MIMAT0000798,441074,0
MIMAT0005789,446556,0
hsa_circ_0004271,15951529,1
MIMAT0000159,3652,0
100874058,208908,0
hsa_circ_0042200,6197,0
MIMAT0002173,5035,0
MIMAT0015137,462382,0
hsa_circ_0001649,3229,0
MIMAT0003302,5311,0
hsa_circ_0006156,3103,0
MIMAT0003309,24360,0
100288798,3345,0
100033427,3385,0
MIMAT0003335,171548,0
MIMAT0004515,5310940,0
MIMAT0001835,2336,0
100506368,5212,0
hsa_circ_0007312,5310940,0
MIMAT0002880,13342,0
MIMAT0001868,15625,1
hsa_circ_0005513,5789,0
MIMAT0003740,6440495,0
101928168,448013,0
MIMAT0000762,2662,0
hsa_circ_0006491,56649450,0
MIMAT0003312,148124,0
101929655,1674,0
101929719,77999,0
hsa_circ_0022382,5459308,0
MIMAT0004979,5284583,0
MIMAT0005572,3397,0
hsa_circ_0000323,6253,0
100128811,3121,0
hsa_circ_0008539,5280448,0
MIMAT0000070,5743,1
103352670,3101,0
100506990,2907,0
MIMAT0000256,1674,0
MIMAT0002819,216239,1
hsa_circ_0000554,443586,0
MIMAT0012735,3385,1
MIMAT0019851,4946,0
6618,445639,0
MIMAT0003735,6442177,0
MIMAT0000592,4946,1
MIMAT0001545,119104,0
100048912,36314,1
MIMAT0001080,439530,1
MIMAT0004637,9064,0
MIMAT0003179,439260,0
hsa_circ_0005281,2733526,0
MIMAT0000757,2520,1
MIMAT0003471,1110,0
101669762,5394,1
MIMAT0004592,6041,0
100652997,5394,1
100652736,5281708,0
2310,444254,0
MIMAT0015019,45266826,0
100033413,2244,0
hsa_circ_0001518,5281614,0
MIMAT0000781,2578,0
MIMAT0004846,6410,1
MIMAT0000706,2723601,0
MIMAT0003305,31703,1
MIMAT0000237,9700,0
hsa_circ_0036391,91466,0
MIMAT0000100,47318,0
hsa_circ_0001849,4943,0
643977,9064,0
MIMAT0019886,4829,0
MIMAT0003273,31703,1
MIMAT0000804,89594,1
MIMAT0011160,3386,0
101927021,54671203,0
646324,54680783,0
MIMAT0004896,12967,1
MIMAT0000443,6001,0
MIMAT0000531,3763,0
MIMAT0000100,36314,1
MIMAT0000423,46843772,0
644242,5394,1
MIMAT0000218,5291,0
MIMAT0011160,3121,0
MIMAT0004841,54671203,0
MIMAT0000752,445580,0
MIMAT0000222,445858,0
MIMAT0000602,53232,0
hsa_circ_0028861,5881,0
MIMAT0000257,6253,1
MIMAT0003325,60700,0
MIMAT0000416,444732,1
MIMAT0000878,6857599,0
MIMAT0000142,6036,1
MIMAT0019947,123596,0
MIMAT0001850,5381226,0
MIMAT0000791,5281811,0
MIMAT0000139,60700,0
MIMAT0005876,3496,0
MIMAT0005923,31703,1
hsa_circ_0024842,445639,0
MIMAT0016925,54675776,0
MIMAT0000718,3220,1
hsa_circ_0006903,171548,0
641638,6918289,0
hsa_circ_0004596,60606,0
MIMAT0000777,13089,0
hsa_circ_0007245,1983,0
MIMAT0002174,36462,1
MIMAT0001028,3496,1
MIMAT0001629,31703,1
hsa_circ_0007006,41867,0
MIMAT0000747,3028194,0
645993,448013,0
100506599,3121,0
MIMAT0015028,5280448,0
hsa_circ_0005730,2051,0
MIMAT0000419,37542,1
MIMAT0001832,5281811,0
MIMAT0004858,460612,0
MIMAT0002820,5978,1
MIMAT0004517,452548,0
MIMAT0003767,11433190,0
MIMAT0009391,448013,0
hsa_circ_0004846,164676,0
MIMAT0015140,16132265,0
MIMAT0000217,10635,0
MIMAT0002857,60780,1
hsa_circ_0009172,442972,0
MIMAT0000680,31703,1
MIMAT0004667,5459308,0
1973,15951529,0
MIMAT0019059,123865,0
MIMAT0000082,448537,1
hsa_circ_0001361,60606,0
MIMAT0000898,2733526,0
100132891,5793,0
MIMAT0018937,3496,0
MIMAT0003735,41867,0
MIMAT0015326,5951,0
hsa_circ_0088681,544,0
MIMAT0015158,2187,0
100216479,65110,0
MIMAT0003326,4212,0
MIMAT0000219,8490,1
hsa_circ_0009732,5997,0
MIMAT0003328,36314,1
102725045,441074,0
MIMAT0001818,4946,0
MIMAT0000457,6036,0
MIMAT0004928,97226,0
MIMAT0003888,8029,0
hsa_circ_0017449,6279,0
MIMAT0003469,5280896,0
100133669,5394,1
MIMAT0005955,5280445,0
MIMAT0005923,164676,0
MIMAT0015170,712,0
MIMAT0003251,60750,0
MIMAT0002845,448537,1
MIMAT0003879,442428,0
100507257,460612,0
MIMAT0003453,5462222,0
MIMAT0005939,54671203,0
MIMAT0004903,5978,1
MIMAT0001423,5755,0
MIMAT0000132,4829,0
MIMAT0005459,5978,1
MIMAT0004559,216326,0
MIMAT0000090,14888,1
55370,23725625,0
MIMAT0017950,1175,0
MIMAT0000673,737139,0
MIMAT0000236,2662,0
MIMAT0004640,3220,0
MIMAT0004923,2767,1
MIMAT0004987,14888,0
105375475,6167,0
MIMAT0003130,2375,0
101927667,11960529,0
MIMAT0019796,28486,0
MIMAT0003326,445154,1
MIMAT0000224,6410,0
MIMAT0004852,9064,1
MIMAT0004796,6857599,0
MIMAT0001728,6440495,0
hsa_circ_0063575,439260,0
MIMAT0003493,5283344,0
MIMAT0003112,6037,0
MIMAT0000723,31703,1
MIMAT0002880,444254,0
hsa_circ_0059910,11433190,0
MIMAT0005951,24268,0
MIMAT0015338,6468,0
MIMAT0003164,5793,1
677769,46843772,0
MIMAT0001080,123631,0
hsa_circ_0062163,44631912,0
hsa_circ_0001171,1207,0
hsa_circ_0032154,3071,0
MIMAT0000571,5281004,1
MIMAT0019789,969516,0
MIMAT0004692,5288209,0
MIMAT0003890,5281004,1
hsa_circ_0063577,1207,0
hsa_circ_0069997,108065,0
MIMAT0019878,54671203,0
hsa_circ_0082140,445858,0
100996301,5394,1
MIMAT0014013,16078949,0
MIMAT0000746,6410,1
hsa_circ_0039216,444732,0
MIMAT0018927,65110,0
hsa_circ_0047818,135403648,0
MIMAT0005914,89594,0
728207,47289,0
hsa_circ_0008554,54670067,0
100507257,451668,0
MIMAT0004758,104758,0
MIMAT0004682,5280448,0
hsa_circ_0008359,6279,0
MIMAT0000532,60823,1
MIMAT0019689,2375,0
hsa_circ_0040188,31703,0
MIMAT0002822,30323,0
MIMAT0004496,3028194,0
MIMAT0005949,455658,0
MIMAT0000674,5460341,0
hsa_circ_0000919,72301,0
MIMAT0000207,2995,0
MIMAT0001862,11960529,0
MIMAT0003222,156413,0
MIMAT0001340,5951,0
hsa_circ_0089414,15951529,1
MIMAT0003250,72304,0
100874131,784,0
MIMAT0000900,5462222,0
100996307,1207,0
hsa_circ_0001689,15951529,1
MIMAT0000167,3496,1
MIMAT0000808,31101,0
MIMAT0000654,210332,1
MIMAT0003325,54670067,1
MIMAT0000760,5359268,0
MIMAT0001722,5284373,0
MIMAT0015174,442793,0
hsa_circ_0030999,47289,0
572,5978,0
MIMAT0003204,3779,1
100132169,25244711,0
MIMAT0003308,3652,0
MIMAT0003271,138374198,0
105375401,5460341,0
MIMAT0003199,5284373,0
hsa_circ_0041523,5035,0
MIMAT0002872,4624,0
MIMAT0000885,455658,0
MIMAT0015077,387447,0
MIMAT0035005,449171,0
hsa_circ_0061107,3007,0
MIMAT0003308,11635763,0
MIMAT0003886,36314,1
MIMAT0019815,60700,0
hsa_circ_0005763,24497,0
MIMAT0001542,3690,0
hsa_circ_0005046,171548,0
100874095,93004,0
MIMAT0005923,11707110,0
MIMAT0003477,123596,0
MIMAT0023634,23973,1
649446,36462,0
MIMAT0000366,636397,0
hsa_circ_0003315,5280448,0
MIMAT0000078,171548,0
hsa_circ_0084927,5816,0
MIMAT0015069,9915743,0
MIMAT0003381,16197265,0
100507629,1674,0
MIMAT0015337,5280896,0
MIMAT0005834,2907,0
hsa_circ_0011385,24288,0
MIMAT0003309,9700,0
MIMAT0019718,36314,1
hsa_circ_0072025,24497,0
MIMAT0004667,16741,0
MIMAT0000548,2733526,1
MIMAT0000747,16741,1
MIMAT0019040,4641,0
MIMAT0003465,60953,0
MIMAT0004808,216345,0
105379054,5381226,0
MIMAT0003895,10836,0
MIMAT0005892,3385,1
hsa_circ_0000141,446220,0
MIMAT0000752,784,1
MIMAT0017017,5281614,0
hsa_circ_0019088,71496458,1
101928399,6115,0
MIMAT0005877,11953817,0
MIMAT0003407,15625,1
MIMAT0000691,712,1
MIMAT0004520,4212,0
MIMAT0000279,5310940,1
101928978,4891,0
MIMAT0014011,5280343,0
100379249,3071,0
MIMAT0000062,41867,1
MIMAT0002112,3496,0
1832,1674,0
MIMAT0017016,31703,1
MIMAT0003726,5462222,0
1973,11556711,0
25855,25183872,0
hsa_circ_0085616,53232,0
MIMAT0016909,544,0
MIMAT0004528,12967,0
MIMAT0000753,60780,0
MIMAT0000758,1673,0
MIMAT0005635,10621,0
644919,9804992,0
hsa_circ_0006382,16197265,0
MIMAT0000885,3779,1
MIMAT0005867,6013,0
MIMAT0004567,3229,0
MIMAT0004971,122634,0
hsa_circ_0001439,6442177,0
100505592,104758,0
MIMAT0004536,1176,0
MIMAT0019938,544,0
MIMAT0011435,91466,0
MIMAT0019934,3385,1
MIMAT0005633,6036,0
MIMAT0016925,444732,0
MIMAT0004646,2336,0
MIMAT0007347,544,0
hsa_circ_0006873,31703,1
MIMAT0015007,5283344,0
MIMAT0000168,5743,0
245,5284583,0
MIMAT0000604,5757,0
MIMAT0001638,37542,0
100533789,6918289,0
hsa_circ_0004029,44259,0
MIMAT0000090,2520,1
MIMAT0003470,1832,0
MIMAT0000367,7222,0
MIMAT0003273,60750,1
100132967,11556711,0
51716,91466,0
hsa_circ_0066874,5318517,0
100128252,445154,0
MIMAT0000609,31401,0
hsa_circ_0008910,5360373,0
hsa_circ_0000604,56843276,0
hsa_circ_0001275,4624,0
MIMAT0000904,42611257,0
MIMAT0015170,60823,0
MIMAT0003480,93004,0
MIMAT0000428,229455,0
644919,25183872,0
MIMAT0000096,31703,1
653677,452548,0
MIMAT0003741,9444,0
896,3690,0
MIMAT0019733,24268,0
100289255,176870,0
MIMAT0001634,4943,0
MIMAT0000680,6623,1
100126799,25183872,0
MIMAT0002852,49803145,0
100130889,72301,0
100129029,15,0
MIMAT0002863,5793,1
MIMAT0004893,9915743,0
hsa_circ_0005272,123865,0
MIMAT0000433,5284616,1
651053,3071,0
MIMAT0007400,24978538,0
MIMAT0000559,441074,0
hsa_circ_0000370,451668,0
MIMAT0000686,969516,1
MIMAT0014024,444732,0
hsa_circ_0008087,138374198,0
MIMAT0001887,74483,1
MIMAT0000756,31703,1
MIMAT0004229,1130,0
100996447,5394,1
hsa_circ_0074930,216345,0
23410,16132265,0
25855,25227436,0
MIMAT0000430,5280445,0
hsa_circ_0036399,5222465,0
hsa_circ_0000792,5281811,0
MIMAT0000143,241,0
MIMAT0018188,441074,0
MIMAT0000264,5394,1
100132529,5318517,0
MIMAT0004592,253602,0
101926978,5394,1
MIMAT0000272,3385,1
hsa_circ_0000554,15951529,1
MIMAT0000600,11953817,0
MIMAT0016920,9931953,0
MIMAT0000102,5288826,0
100270680,3496,0
MIMAT0000425,28486,0
MIMAT0003186,210332,1
MIMAT0003291,3496,0
hsa_circ_0001318,2244,0
hsa_circ_0007632,5459308,0
MIMAT0003470,31401,1
MIMAT0003376,6505803,0
MIMAT0000854,89594,1
hsa_circ_0033149,6036,0
MIMAT0015197,4091,0
MIMAT0003314,2051,0
MIMAT0002883,2520,1
MIMAT0000836,6440495,1
MIMAT0000243,5997,1
MIMAT0000594,60750,0
MIMAT0004787,6106,0
MIMAT0004482,5790,0
MIMAT0000426,4624,0
MIMAT0005942,21633059,0
101929059,42113,0
MIMAT0019019,442793,0
MIMAT0000419,1832,1
MIMAT0015065,4943,0
MIMAT0000143,145858,0
MIMAT0016907,3071,0
hsa_circ_0032825,216326,0
MIMAT0015078,5206,0
MIMAT0001280,42113,0
MIMAT0005881,4641,0
MIMAT0000160,7222,0
105375847,31703,1
MIMAT0002882,6442177,0
MIMAT0004579,2907,0
MIMAT0000101,60750,0
MIMAT0000738,72304,0
MIMAT0003464,5281811,0
MIMAT0015195,3019,0
MIMAT0000198,11635763,0
hsa_circ_0087856,442428,0
MIMAT0001069,10621,0
hsa_circ_0000714,5280360,0
MIMAT0004841,5206,0
MIMAT0001425,210332,0
100861402,5757,0
hsa_circ_0001811,4033,0
MIMAT0004603,442428,0
hsa_circ_0043469,9949648,0
hsa_circ_0001545,10836,0
MIMAT0003292,5994,0
hsa_circ_0003552,4212,0
MIMAT0000087,3007,0
MIMAT0003467,2244,0
MIMAT0000607,5281614,0
MIMAT0018941,45266826,0
MIMAT0019749,5793,0
100506994,5280360,0
MIMAT0004894,2662,0
MIMAT0004693,21109,0
MIMAT0003234,2662,0
MIMAT0000626,449171,0
hsa_circ_0004703,448013,0
MIMAT0000822,5746,0
MIMAT0006765,60750,1
MIMAT0000254,47725,1
100506674,60606,0
MIMAT0004736,5757,0
MIMAT0004825,2353,0
100507629,119307,0
MIMAT0000830,64971,0
MIMAT0015341,6197,0
MIMAT0015070,2375,0
hsa_circ_0069574,5280961,0
MIMAT0003890,210332,1
100144603,21633059,0
25859,387447,0
hsa_circ_0049627,3779,0
hsa_circ_0072837,460612,0
MIMAT0000134,5790,0
MIMAT0003213,1983,1
MIMAT0000440,31703,1
hsa_circ_0001122,123631,0
105379054,11626560,0
MIMAT0000384,5281004,0
MIMAT0004971,3385,1
MIMAT0003726,135403648,0
MIMAT0000273,969516,1
MIMAT0000728,1983,0
MIMAT0001063,65110,0
MIMAT0000738,445639,0
MIMAT0004602,451668,1
MIMAT0000092,60750,1
MIMAT0000522,460612,0
100507056,4033,0
MIMAT0001865,689043,0
MIMAT0005591,5310940,1
MIMAT0022692,156413,0
MIMAT0001821,16132265,0
MIMAT0019772,6115,0
MIMAT0001373,2375,0
MIMAT0003455,73581,0
MIMAT0015157,73581,0
MIMAT0000449,444732,1
MIMAT0000387,5994,0
100996437,3345,0
MIMAT0000245,444732,1
MIMAT0001369,6468,0
MIMAT0000386,3028194,0
MIMAT0019772,64971,0
MIMAT0000692,3385,1
MIMAT0003239,1207,0
101927381,54670067,0
hsa_circ_0003183,31703,1
MIMAT0024890,5222465,0
344462,31401,0
100505929,969516,0
MIMAT0002876,5288826,0
MIMAT0003485,5757,0
MIMAT0000891,13089,1
23766,56649450,0
MIMAT0019719,445858,0
MIMAT0002824,1130,0
MIMAT0004185,5462222,1
MIMAT0001413,1983,0
100507217,5978,0
hsa_circ_0051899,65064,0
hsa_circ_0000008,65110,0
hsa_circ_0072904,15951529,1
100506465,5994,0
MIMAT0000557,54671203,0
6615,3385,0
MIMAT0001768,5311,0
MIMAT0004978,60823,1
100009613,5460341,0
MIMAT0003500,11226684,0
645682,6918837,0
MIMAT0001813,3961,0
100128054,208908,0
hsa_circ_0037511,15951529,1
hsa_circ_0002755,15951529,1
MIMAT0000265,2767,1
MIMAT0000449,47936,0
hsa_circ_0032682,3103,0
MIMAT0000251,60823,1
MIMAT0000436,2767,1
hsa_circ_0051899,5951,0
MIMAT0000269,5222465,0
MIMAT0003880,15939,0
hsa_circ_0001147,15,0
MIMAT0000523,89594,0
173401,176870,0
MIMAT0000582,28486,0
hsa_circ_0002955,60838,0
MIMAT0000081,5310940,1
MIMAT0000456,5978,1
MIMAT0018982,5318517,0
hsa_circ_0001147,11433190,0
hsa_circ_0003251,445154,0
MIMAT0003477,2375,0
hsa_circ_0018905,15951529,1
MIMAT0001813,5280360,0
MIMAT0000082,65015,0
MIMAT0000653,657237,0
MIMAT0000095,6057,0
hsa_circ_0092303,17754356,0
MIMAT0004925,3385,1
645996,6057,0
MIMAT0015359,60823,0
MIMAT0002819,2767,1
hsa_circ_0004083,5381226,0
MIMAT0003714,54454,0
hsa_circ_0001440,9064,0
MIMAT0000820,6623,0
hsa_circ_0000419,5789,0
MIMAT0004655,91820602,0
101927574,222528,0
hsa_circ_0001204,5789,0
100033421,6253,0
hsa_circ_0005671,3386,0
hsa_circ_0052154,2051,0
MIMAT0003242,65015,0
MIMAT0000753,1207,0
MIMAT0004697,5280795,1
102724316,6857599,1
MIMAT0003252,6623,0
MIMAT0004604,10635,0
101929427,9547215,0
MIMAT0004876,4091,0
hsa_circ_0001811,451668,0
MIMAT0014012,25183872,0
MIMAT0001800,11960529,0
101927931,108065,0
724087,60606,0
439949,445639,0
MIMAT0004603,702,1
MIMAT0000196,6013,0
340811,5394,1
MIMAT0001080,5755,1
MIMAT0000656,8490,1
MIMAT0001279,6857599,0
100505839,229455,0
MIMAT0005922,54670067,1
MIMAT0004592,123631,1
hsa_circ_0001599,3121,0
MIMAT0003188,445580,0
MIMAT0000544,5757,1
101927597,5746,0
4976,444732,0
MIMAT0000198,6001,0
MIMAT0003741,210332,0
MIMAT0000514,11707110,0
MIMAT0015342,638278,0
MIMAT0019844,15951529,0
MIMAT0011162,5865,0
MIMAT0002877,5318517,0
100033416,689043,0
100271297,1674,0
hsa_circ_0001361,6037,0
MIMAT0000792,3007,0
MIMAT0000076,452548,1
MIMAT0005285,56842234,0
MIMAT0004837,462382,0
MIMAT0000617,36314,1
MIMAT0003313,24978538,0
MIMAT0000272,135403648,1
202181,5394,1
MIMAT0000649,6410,1
hsa_circ_0037447,60198,0
MIMAT0000853,4829,0
MIMAT0004630,1207,0
MIMAT0000451,31703,1
MIMAT0002839,285033,0
100132677,15,0
hsa_circ_0003759,5280427,0
hsa_circ_0008432,4033,0
MIMAT0001045,23973,1
hsa_circ_0048232,5283344,0
MIMAT0003222,5310940,1
hsa_circ_0075494,60198,0
MIMAT0001728,6041,0
MIMAT0000231,3902,0
5573,171548,0
hsa_circ_0034682,444254,0
MIMAT0018002,790,0
MIMAT0000617,91820602,1
hsa_circ_0001851,141643,0
MIMAT0000264,6279,0
MIMAT0003218,3385,1
MIMAT0000681,8378,0
MIMAT0001809,60198,0
MIMAT0003273,2733,0
MIMAT0000516,210332,1
MIMAT0000368,5280427,0
MIMAT0000682,31703,1
MIMAT0000681,2662,1
MIMAT0000764,23725625,0
106481742,6253,0
MIMAT0001080,72304,0
hsa_circ_0002965,11960529,0
MIMAT0005887,31703,1
MIMAT0004489,4033,0
100507540,445580,0
hsa_circ_0002303,445434,0
MIMAT0000707,1207,0
MIMAT0005886,5310940,1
MIMAT0003277,5943,0
100126793,5394,1
hsa_circ_0023610,4212,0
MIMAT0019695,3385,1
hsa_circ_0004771,4212,0
100271297,24288,0
MIMAT0000787,5743,1
hsa_circ_0075048,122724,0
MIMAT0004853,3779,0
hsa_circ_0040185,4212,0
MIMAT0019938,451668,0
MIMAT0000677,16197265,0
101927102,2578,0
MIMAT0000715,41867,1
MIMAT0002838,65064,0
MIMAT0015337,5288826,0
101927102,141643,0
MIMAT0015189,11433190,0
hsa_circ_0036391,5881,0
MIMAT0000827,9931953,0
MIMAT0004623,145858,1
100048912,445858,0
339005,123865,0
MIMAT0003291,444732,1
MIMAT0026473,5281811,0
100652997,5280343,0
MIMAT0004584,43815,0
MIMAT0000064,5755,1
MIMAT0000688,24497,0
6618,443586,0
MIMAT0000444,5757,1
MIMAT0002863,23939,0
MIMAT0003894,9804992,0
hsa_circ_0000872,444795,0
101929027,9949648,0
hsa_circ_0087862,3385,1
MIMAT0019762,462382,0
MIMAT0000269,123865,0
101929423,65110,0
MIMAT0004805,222757,0
hsa_circ_0004594,6623,0
MIMAT0001632,6410,1
100506783,5394,1
MIMAT0004798,56649450,0
MIMAT0003479,126941,0
MIMAT0018095,9915743,0
hsa_circ_0081001,12967,0
100506542,10184653,0
MIMAT0000073,452548,0
MIMAT0003338,712,1
MIMAT0001768,65064,0
MIMAT0001772,3902,0
MIMAT0003401,156413,0
MIMAT0000451,36462,1
MIMAT0004189,9547215,0
MIMAT0000545,5381226,0
MIMAT0004950,21109,0
MIMAT0003283,5978,1
MIMAT0019834,3101,0
hsa_circ_0072797,790,0
hsa_circ_0002314,444732,0
MIMAT0016918,4033,0
101929397,985,0
MIMAT0000876,6440495,1
MIMAT0003889,49803145,0
MIMAT0000957,1110,0
hsa_circ_0004771,208908,0
hsa_circ_0085495,445434,0
MIMAT0003161,6918837,0
hsa_circ_0036056,5280453,0
100287616,31703,1
MIMAT0000139,442428,0
MIMAT0004955,60750,1
101927381,2336,0
hsa_circ_0005210,5035,0
MIMAT0000738,2767,1
MIMAT0000121,65064,0
MIMAT0015000,5361,0
hsa_circ_0077007,6918289,0
MIMAT0002878,5793,1
MIMAT0002176,47318,0
MIMAT0000314,36462,0
MIMAT0019021,3690,0
MIMAT0002811,36462,1
hsa_circ_0040786,5280360,0
MIMAT0000717,5757,0
MIMAT0001371,448013,0
hsa_circ_0006131,11228183,0
MIMAT0000231,5959,0
100505839,5460341,0
hsa_circ_0000604,444795,0
MIMAT0026608,2051,0
MIMAT0002104,6468,0
MIMAT0000510,36314,1
MIMAT0018078,969516,0
MIMAT0000098,25227436,0
MIMAT0001364,5280896,0
MIMAT0003306,444732,1
MIMAT0000819,5280427,0
MIMAT0015363,285033,0
hsa_circ_0002082,15951529,1
hsa_circ_0008310,1130,0
MIMAT0000425,216326,0
MIMAT0000677,9898279,0
MIMAT0001857,5360373,0
MIMAT0005865,43815,0
hsa_circ_0007117,5212,0
MIMAT0014999,2767,1
MIMAT0000299,89594,1
MIMAT0005442,21633059,0
MIMAT0004810,3006531,0
MIMAT0003895,3006531,0
MIMAT0004677,9915743,0
MIMAT0004840,8029,0
100506994,712,0
hsa_circ_0008382,1673,0
hsa_circ_0003441,56649450,0
MIMAT0019984,3006531,0
MIMAT0000549,5757,0
hsa_circ_0001811,5280445,0
MIMAT0000796,3006531,0
MIMAT0000649,9898279,0
MIMAT0000386,5743,0
MIMAT0000551,13089,0
hsa_circ_0005655,3229,0
105379407,15625,0
MIMAT0000772,5310940,1
MIMAT0000210,8490,1
MIMAT0000125,6036,0
MIMAT0005850,9898279,0
hsa_circ_0070520,216345,0
MIMAT0000077,54680783,0
100216479,5394,1
MIMAT0003225,5793,1
100499467,8378,0
MIMAT0019851,3385,1
hsa_circ_0036750,5459308,0
51427,5538,0
hsa_circ_0001235,14403,0
MIMAT0011162,11635763,0
MIMAT0000096,460612,0
MIMAT0004505,2907,0
MIMAT0001331,5359268,1
MIMAT0003190,261000,0
101927249,9700,0
hsa_circ_0003997,16741,0
hsa_circ_0034682,15951529,1
MIMAT0000798,9444,0
hsa_circ_0003273,15939,0
MIMAT0012735,9064,0
MIMAT0003892,4624,0
hsa_circ_0003695,8029,0
MIMAT0001285,60700,0
MIMAT0000428,3220,1
MIMAT0004585,448013,0
hsa_circ_0034067,3101,0
hsa_circ_0074806,3385,1
MIMAT0019749,5359268,0
MIMAT0004743,24821094,0
MIMAT0005860,56842234,0
MIMAT0004855,60823,0
MIMAT0003496,702,0
MIMAT0000128,11635763,0
MIMAT0000719,60823,0
MIMAT0003211,3101,0
101805492,1175,0
MIMAT0003491,10184653,0
hsa_circ_0000211,1130,0
MIMAT0000759,24821094,0
MIMAT0019879,5959,0
MIMAT0018926,54675776,0
MIMAT0004939,5462222,0
hsa_circ_0088059,15625,0
100505532,5394,1
1407,122634,0
54838,89594,0
hsa_circ_0064808,21633059,0
MIMAT0000884,60780,0
MIMAT0001339,11433190,0
MIMAT0004790,122634,0
MIMAT0019968,3103,0
MIMAT0003213,2995,0
MIMAT0015138,123596,0
MIMAT0004621,5280343,1
MIMAT0002170,60750,1
hsa_circ_0001691,24821094,0
hsa_circ_0040792,15951529,1
hsa_circ_0000044,148124,0
MIMAT0013984,11226684,0
MIMAT0000101,11626560,0
5654,6857599,1
hsa_circ_0005965,969516,0
MIMAT0015038,171548,0
MIMAT0000617,969516,1
MIMAT0005442,3779,1
MIMAT0005865,657237,0
MIMAT0000100,135403648,1
hsa_circ_0008623,5311,0
MIMAT0004488,261000,0
MIMAT0000817,10836,0
MIMAT0002850,5359268,0
MIMAT0002842,36462,1
hsa_circ_0006117,104758,0
MIMAT0000267,119307,1
MIMAT0000756,6106,0
102725045,2733526,0
MIMAT0001657,5284583,0
MIMAT0001704,5284583,0
MIMAT0000691,119307,1
MIMAT0000594,4158,0
MIMAT0019826,5281614,0
MIMAT0000090,9444,0
MIMAT0000655,3062316,0
hsa_circ_0001898,452548,0
MIMAT0004605,1130,0
MIMAT0000219,14888,0
MIMAT0018097,65110,0
MIMAT0000706,210332,1
hsa_circ_0000419,31703,1
MIMAT0000852,4158,0
MIMAT0005443,114900,0
hsa_circ_0000817,5280427,0
401898,3117,0
hsa_circ_0059216,65064,0
MIMAT0001387,5284373,0
MIMAT0016866,4891,0
MIMAT0003309,122724,0
6425,6857599,1
MIMAT0004487,3902,0
MIMAT0001798,5790,0
MIMAT0000670,8490,1
MIMAT0000101,6857599,1
MIMAT0000517,8490,1
MIMAT0000728,2187,0
MIMAT0004736,45266826,0
MIMAT0001028,47289,0
MIMAT0001635,145858,0
MIMAT0000798,3779,1
MIMAT0015036,60953,0
100996335,5394,1
MIMAT0013802,7222,0
MIMAT0004507,16132265,0
MIMAT0003204,444795,0
hsa_circ_0001204,6037,0
hsa_circ_0068563,4946,0
MIMAT0000511,5793,0
MIMAT0004985,6089,0
MIMAT0000793,91820602,0
1281,6857599,1
hsa_circ_0005281,1674,0
MIMAT0000891,5280360,0
MIMAT0009451,4624,0
MIMAT0001810,74483,1
MIMAT0004972,5994,0
MIMAT0016907,114900,0
hsa_circ_0011298,2336,0
MIMAT0000381,16741,1
hsa_circ_0063158,56649450,0
MIMAT0000513,97226,0
MIMAT0000725,5280896,0
MIMAT0015069,11228183,0
hsa_circ_0042474,3496,0
101928567,5459308,0
MIMAT0004505,72304,0
100996437,5073,0
hsa_circ_0087862,60838,0
MIMAT0000710,222528,0
MIMAT0000233,6115,0
hsa_circ_0001372,5280896,0
MIMAT0019695,6623,0
hsa_circ_0008817,5359268,0
MIMAT0000647,3763,0
MIMAT0000228,148124,0
MIMAT0000075,712,1
MIMAT0000557,3652,0
MIMAT0000222,2767,1
158381,24821094,0
MIMAT0000100,439260,0
MIMAT0004751,5994,0
104326188,5755,0
MIMAT0000447,5280453,1
MIMAT0004660,1110,0
100132923,3385,0
MIMAT0000067,445580,1
hsa_circ_0045219,4943,0
101929152,445580,0
MIMAT0000159,6167,0
MIMAT0006588,124886,0
51100,1674,0
MIMAT0000791,3657,0
MIMAT0011462,3229,0
MIMAT0014024,11953817,0
MIMAT0000160,5283344,0
MIMAT0000643,5280427,0
MIMAT0003172,145858,0
hsa_circ_0082864,31101,0
MIMAT0000210,784,0
55545,5394,1
MIMAT0002819,3385,1
MIMAT0004743,4946,1
100132111,176870,0
MIMAT0015156,60606,0
MIMAT0001021,6623,0
MIMAT0018178,689043,0
MIMAT0005951,1832,0
100874095,3821,0
MIMAT0015363,3062316,0
MIMAT0003752,5281811,0
MIMAT0002826,2907,0
MIMAT0003513,3007,0
MIMAT0004500,1130,0
100129827,3117,0
MIMAT0019839,3385,1
MIMAT0000064,43815,1
MIMAT0001812,3690,0
MIMAT0002824,2336,0
hsa_circ_0004254,3690,0
MIMAT0000510,31703,1
MIMAT0002834,21109,0
MIMAT0000427,2767,1
100144597,1673,0
101927381,6468,0
MIMAT0005278,2236,0
MIMAT0002872,5073,0
101927480,6167,0
MIMAT0004680,6253,0
MIMAT0004692,5743,0
MIMAT0009447,54454,0
MIMAT0005457,5280445,0
hsa_circ_0005741,15951529,1
hsa_circ_0068458,2723601,0
MIMAT0003308,5310940,1
MIMAT0003244,60750,1
23766,1983,0
100996307,445858,0
MIMAT0000244,5288826,1
hsa_circ_0063179,24497,0
100506881,42113,0
MIMAT0003253,3385,1
hsa_circ_0002755,24268,0
MIMAT0004826,443586,1
MIMAT0002848,2767,1
MIMAT0004533,5280453,0
MIMAT0000140,9547215,0
MIMAT0019879,2733,0
MIMAT0000616,145858,0
hsa_circ_0000453,4033,0
MIMAT0003239,4212,0
105375847,16197265,0
MIMAT0003304,9826528,0
MIMAT0015010,222757,0
MIMAT0005301,5743,0
MIMAT0005797,9826528,0
102723465,60750,1
hsa_circ_0001329,712,0
100506368,77999,0
MIMAT0000373,1832,0
MIMAT0000703,448537,1
MIMAT0000722,10621,1
MIMAT0001830,31703,0
441307,17754356,0
hsa_circ_0008771,5381226,0
MIMAT0004870,60700,0
MIMAT0018982,3385,1
MIMAT0004676,3220,0
MIMAT0004738,14403,0
MIMAT0018087,60606,0
197187,5394,1
MIMAT0026720,5284373,0
MIMAT0003236,16078949,0
MIMAT0004560,5281929,0
MIMAT0000678,24978538,0
102724077,6440495,0
MIMAT0019058,5281708,0
MIMAT0000385,1673,0
hsa_circ_0008131,6857599,0
hsa_circ_0065264,253602,0
MIMAT0004185,171548,0
hsa_circ_0068465,108065,0
hsa_circ_0000557,54675776,0
MIMAT0000075,36314,1
MIMAT0001545,1176,0
386597,638278,0
MIMAT0000414,6857599,1
100126793,5280896,0
MIMAT0015339,2907,0
hsa_circ_0042459,23939,0
MIMAT0000645,5283344,0
hsa_circ_0037447,462382,0
MIMAT0000160,544,0
55647,689043,0
MIMAT0000209,6057,0
MIMAT0003497,3345,0
100506674,13342,0
100033426,4891,0
MIMAT0000088,2375,0
MIMAT0002852,73581,0
MIMAT0003283,2733526,1
9641,6505803,0
MIMAT0002872,64971,0
hsa_circ_0000835,969516,0
MIMAT0019904,448537,0
101805492,31703,1
MIMAT0000513,9915743,0
hsa_circ_0000419,462382,0
MIMAT0000125,3652,0
MIMAT0000152,2187,0
MIMAT0004593,3821,0
MIMAT0004550,60750,1
MIMAT0003242,42611257,0
MIMAT0000686,14888,1
MIMAT0000691,5943,0
MIMAT0000684,60198,0
MIMAT0019878,60838,0
MIMAT0003487,6279,0
MIMAT0002106,455658,0
hsa_circ_0005086,29327,0
MIMAT0004540,6410,1
29128,36314,0
MIMAT0000655,208908,0
MIMAT0017063,3657,0
MIMAT0000459,2520,1
MIMAT0001046,6167,0
101927171,985,0
51530,10184653,0
MIMAT0000075,969516,1
100996570,54680783,0
MIMAT0000242,5978,1
MIMAT0001778,5291,0
MIMAT0000521,122724,0
hsa_circ_0001887,5280951,0
hsa_circ_0002153,11707110,0
MIMAT0003782,71496458,0
MIMAT0005596,4946,1
MIMAT0000254,6468,1
hsa_circ_0003695,11635763,0
MIMAT0004540,9949648,0
7079,3488,0
MIMAT0001848,446220,0
MIMAT0019801,9444,0
hsa_circ_0001847,65064,0
MIMAT0018104,2733,0
MIMAT0000243,31703,1
MIMAT0000536,702,1
100033421,23973,0
MIMAT0004505,3902,0
hsa_circ_0004808,261004,0
hsa_circ_0011385,5281708,0
MIMAT0003289,31703,1
100506465,4641,0
hsa_circ_0004594,6279,0
hsa_circ_0068465,448537,0
hsa_circ_0061251,462382,0
MIMAT0005626,5280445,0
MIMAT0006012,4891,0
MIMAT0000571,54675776,0
100499484,448537,0
MIMAT0016866,24268,0
MIMAT0019745,9898279,0
MIMAT0000136,31401,0
MIMAT0019905,3385,1
MIMAT0019003,30323,0
MIMAT0002874,4641,0
hsa_circ_0073647,15951529,1
MIMAT0000084,6410,0
MIMAT0004674,9064,1
hsa_circ_0004851,2723601,0
hsa_circ_0062163,5280343,0
MIMAT0005336,216239,0
hsa_circ_0008952,8378,0
MIMAT0000140,5281811,0
MIMAT0002837,5460341,0
MIMAT0000264,2733526,1
MIMAT0001021,119104,0
MIMAT0000075,9547215,0
hsa_circ_0075900,15951529,1
MIMAT0000526,2733526,1
MIMAT0003240,107985,0
hsa_circ_0079743,5816,0
hsa_circ_0002303,6857599,0
286411,5394,1
MIMAT0000609,104741,0
MIMAT0000198,1983,0
MIMAT0019778,25244711,0
MIMAT0005458,65064,0
MIMAT0019817,445580,0
MIMAT0003886,446556,0
101929423,667639,0
196968,2907,0
hsa_circ_0008771,11707110,0
MIMAT0000765,6857599,1
MIMAT0018941,17754356,0
MIMAT0015166,104746,0
hsa_circ_0085173,16741,0
MIMAT0000251,9915743,0
MIMAT0000222,216239,1
MIMAT0005576,5360373,0
MIMAT0002822,60780,1
201651,5394,1
MIMAT0003385,8029,0
MIMAT0000167,460612,0
hsa_circ_0000881,14403,0
MIMAT0001825,74483,1
MIMAT0000133,2353,0
hsa_circ_0022378,24759,0
101805492,448537,0
hsa_circ_0000835,23939,0
MIMAT0000092,3071,1
MIMAT0003485,5459308,0
MIMAT0015165,74483,0
100271075,60700,0
MIMAT0000822,5284583,0
hsa_circ_0004015,4943,0
MIMAT0003167,6410,1
MIMAT0003291,445154,1
MIMAT0000378,4891,0
MIMAT0000374,636397,0
MIMAT0006764,31703,1
hsa_circ_0000858,16078949,0
MIMAT0000430,253602,0
MIMAT0005950,8029,0
hsa_circ_0083026,5280795,0
MIMAT0018982,11960529,0
hsa_circ_0041252,72304,0
101929901,6115,0
MIMAT0004573,148124,0
MIMAT0000797,1130,0
55109,97226,0
MIMAT0004507,448537,1
MIMAT0000653,8490,1
MIMAT0004603,65348,0
MIMAT0004489,29327,0
MIMAT0003271,104746,0
MIMAT0019000,176870,0
hsa_circ_0075494,24759,0
101927686,3690,0
MIMAT0003312,2767,1
hsa_circ_0008394,5359268,0
hsa_circ_0006522,460612,0
100131176,15951529,0
MIMAT0000229,6410,1
hsa_circ_0002060,31703,1
hsa_circ_0006884,11556711,0
MIMAT0003511,443586,1
387978,10836,0
100033433,12967,0
55165,5743,0
MIMAT0004701,5978,1
MIMAT0000438,123865,0
101928978,5951,0
hsa_circ_0001497,171548,0
MIMAT0006767,6918289,0
MIMAT0001859,448537,0
MIMAT0003285,65064,0
MIMAT0004952,5359268,0
MIMAT0000430,36314,1
MIMAT0001831,60852,0
100287082,5394,1
hsa_circ_0008016,5381226,0
MIMAT0000571,16741,1
MIMAT0000535,8490,1
hsa_circ_0032825,119307,0
MIMAT0004482,2723601,0
MIMAT0002847,60606,0
MIMAT0005458,15,0
MIMAT0000221,31703,0
MIMAT0001698,24268,1
MIMAT0017059,446220,1
MIMAT0002111,4763,0
MIMAT0000370,11707110,0
MIMAT0001270,74483,1
MIMAT0001797,74483,1
MIMAT0004954,6857599,1
MIMAT0014025,107985,0
MIMAT0019738,9898279,0
MIMAT0001818,54680783,0
hsa_circ_0008623,5394,0
MIMAT0000196,784,0
100874343,1673,0
MIMAT0003323,3690,0
100861402,25244711,0
hsa_circ_0058361,5280445,0
MIMAT0000280,3961,0
MIMAT0005301,6001,0
MIMAT0001634,60823,0
641518,24360,0
MIMAT0000235,387447,0
MIMAT0003890,54680783,0
hsa_circ_0072387,5951,0
MIMAT0002874,702,1
MIMAT0019834,3385,1
574029,5978,0
hsa_circ_0045219,5280795,0
100129196,4158,0
100131874,3345,0
MIMAT0004730,123596,0
MIMAT0019775,73581,0
MIMAT0018926,4641,0
MIMAT0019844,3385,1
MIMAT0015193,122634,0
MIMAT0001547,3385,0
hsa_circ_0003620,5394,0
MIMAT0003276,5790,0
8453,54670067,0
MIMAT0019820,141643,0
100873998,5394,1
100270746,5459308,0
MIMAT0000274,6857599,0
51100,5280795,0
hsa_circ_0086490,24360,0
387723,25262965,0
MIMAT0015052,208908,0
hsa_circ_0058361,11226684,0
MIMAT0000861,3229,0
hsa_circ_0076413,222757,0
hsa_circ_0002761,3101,0
hsa_circ_0005379,91820602,1
100505702,47318,0
MIMAT0015357,1673,0
105375401,439530,0
MIMAT0003209,24180719,0
MIMAT0016900,119307,1
MIMAT0003324,16741,0
MIMAT0000600,1832,0
102723968,122634,0
MIMAT0004573,1674,0
MIMAT0004877,6410,1
MIMAT0001876,387447,0
101928307,5865,0
MIMAT0035720,5394,0
hsa_circ_0004083,5790,0
MIMAT0015326,969516,0
hsa_circ_0072805,737139,0
MIMAT0003465,23973,0
MIMAT0006588,89594,1
MIMAT0004555,11626560,0
51762,6857599,1
hsa_circ_0063577,6918837,0
MIMAT0002847,2353,0
MIMAT0000427,5329102,1
MIMAT0015347,265237,0
MIMAT0003401,6197,0
MIMAT0009206,6115,0
MIMAT0000247,2244,0
MIMAT0003281,445154,0
MIMAT0003201,91820602,0
100128164,3821,0
MIMAT0000185,6036,0
MIMAT0000426,2520,1
MIMAT0005300,241,0
MIMAT0001709,47936,0
255812,6623,0
MIMAT0000211,5281811,0
MIMAT0015136,24759,0
101929719,446556,0
MIMAT0000600,5281614,0
hsa_circ_0002874,442972,0
101927931,24497,0
hsa_circ_0005730,15951529,1
MIMAT0003304,6857599,0
MIMAT0018104,5360373,0
MIMAT0005918,3657,0
MIMAT0005633,44259,0
MIMAT0000069,451668,1
MIMAT0002940,60198,0
100507098,9804992,0
64002,5280360,0
MIMAT0004848,3028194,0
MIMAT0000245,60750,1
MIMAT0000245,446220,0
MIMAT0019919,16197265,0
MIMAT0002823,3220,1
MIMAT0003511,5280427,0
MIMAT0001788,60852,0
MIMAT0000765,122724,1
MIMAT0018352,6623,0
MIMAT0004675,36314,1
MIMAT0015063,6041,0
104266957,47318,0
MIMAT0000225,229455,0
MIMAT0000448,3397,0
MIMAT0000063,2733526,1
MIMAT0014011,3028194,0
MIMAT0000580,4212,0
MIMAT0004650,9547215,0
MIMAT0000077,444732,1
MIMAT0001827,261004,0
MIMAT0001868,6041,0
100874375,3385,0
MIMAT0004877,3902,0
MIMAT0017002,2723601,0
MIMAT0001542,5284616,0
MIMAT0000318,2767,1
101927482,44631912,0
9489,5460341,0
MIMAT0015077,64971,0
MIMAT0015195,216345,0
MIMAT0006700,6857599,0
MIMAT0015141,25183872,0
26220,4091,0
hsa_circ_0023249,36462,0
hsa_circ_0000504,702,0
MIMAT0000865,784,0
MIMAT0015157,71496458,0
MIMAT0001268,285033,0
MIMAT0002809,148124,1
MIMAT0003329,5311,1
MIMAT0019003,65015,0
MIMAT0000097,712,1
hsa_circ_0074930,6279,0
MIMAT0009448,60750,0
hsa_circ_0000141,3019,0
hsa_circ_0001386,4943,0
MIMAT0031893,5950,0
MIMAT0005837,104842,0
MIMAT0000256,156413,0
MIMAT0004675,4641,0
MIMAT0004751,42611257,0
23612,667639,0
101927381,45266826,0
MIMAT0004540,3657,0
100506498,784,0
MIMAT0006765,441074,0
MIMAT0000857,5280896,0
MIMAT0000708,5352624,0
MIMAT0004552,5950,0
MIMAT0000062,5310940,1
MIMAT0000421,3385,1
MIMAT0005951,636397,0
hsa_circ_0002089,60606,0
MIMAT0004977,5329102,0
MIMAT0000602,5743,1
hsa_circ_0005528,53232,0
MIMAT0015145,2236,0
MIMAT0000717,31401,0
MIMAT0001078,25244711,0
MIMAT0000264,460612,0
MIMAT0000734,24288,0
51773,5381226,0
hsa_circ_0031241,3385,0
MIMAT0000680,3385,1
MIMAT0004955,2767,1
MIMAT0004853,5281004,1
MIMAT0000377,91466,0
MIMAT0018977,138374198,0
hsa_circ_0023115,53232,0
hsa_circ_0077007,30323,0
MIMAT0000251,5793,1
147947,6057,0
MIMAT0000261,54671203,0
100507629,15,0
MIMAT0000872,47289,1
hsa_circ_0008539,36314,0
MIMAT0004515,5978,1
MIMAT0000692,5280427,0
MIMAT0000794,60780,0
MIMAT0000732,126941,1
100506207,5284583,0
hsa_circ_0009582,4763,0
MIMAT0001367,2578,0
MIMAT0000067,9915743,0
hsa_circ_0052154,24288,0
MIMAT0015064,1175,0
MIMAT0004500,65064,0
MIMAT0000777,31703,0
100996266,6057,0
MIMAT0000670,667639,0
MIMAT0000380,56649450,0
MIMAT0003461,11626560,0
MIMAT0000756,3385,1
MIMAT0004949,36314,1
MIMAT0009391,15625,0
MIMAT0004498,42611257,0
MIMAT0001725,5291,0
hsa_circ_0002259,6041,0
hsa_circ_0001490,5394,0
hsa_circ_0004891,10184653,0
MIMAT0004825,6410,0
MIMAT0001773,2336,0
MIMAT0004508,2733526,0
MIMAT0005593,3071,0
100996246,3690,0
MIMAT0015083,6505803,0
MIMAT0000670,3385,0
MIMAT0005837,6106,0
MIMAT0005826,5310940,1
MIMAT0003470,4095,0
MIMAT0018083,5994,0
hsa_circ_0001565,17754356,0
hsa_circ_0061251,6505803,0
MIMAT0004767,3657,0
MIMAT0000152,107985,0
MIMAT0000796,164676,0
MIMAT0004613,119307,0
MIMAT0004623,37542,0
100996590,15939,0
hsa_circ_0051899,54454,0
MIMAT0003335,1673,0
101927102,5789,0
MIMAT0004574,644241,0
MIMAT0017950,3385,1
MIMAT0005278,9898279,0
hsa_circ_0004254,3121,0
MIMAT0000085,36314,1
101927642,44259,0
MIMAT0000274,31703,1
hsa_circ_0000206,15951529,1
hsa_circ_0015796,6115,0
hsa_circ_0005572,4829,0
MIMAT0004974,6410,0
MIMAT0003171,11635763,0
MIMAT0014048,3103,0
MIMAT0000080,2767,1
MIMAT0004810,11433190,0
MIMAT0019784,3229,0
MIMAT0015318,25183872,0
hsa_circ_0076522,3006531,0
MIMAT0000452,10621,0
101926978,5281811,0
hsa_circ_0002761,4212,0
hsa_circ_0006382,37542,0
100652739,442793,0
hsa_circ_0007006,5997,0
hsa_circ_0078150,45266826,0
MIMAT0004637,261000,0
MIMAT0003378,5352624,0
hsa_circ_0042451,25227436,0
MIMAT0001368,444795,0
MIMAT0003223,6442177,0
MIMAT0001785,5359268,0
MIMAT0003294,448537,1
MIMAT0001732,210332,0
MIMAT0003461,119307,0
hsa_circ_0013058,23939,0
MIMAT0005826,3103,0
hsa_circ_0001318,11953817,0
MIMAT0005868,6440495,0
100033417,38904,0
MIMAT0000254,60750,1
MIMAT0000612,16741,1
hsa_circ_0005730,54454,0
101927934,23939,0
hsa_circ_0001646,667639,0
MIMAT0002060,452548,0
MIMAT0000741,6279,0
MIMAT0002835,6442177,0
MIMAT0000763,24821094,0
MIMAT0026473,6857599,0
MIMAT0000267,5978,1
MIMAT0000461,31703,1
hsa_circ_0000499,5222465,0
MIMAT0026720,4212,0
MIMAT0019003,5291,0
MIMAT0000719,443586,0
6615,9804992,0
MIMAT0001069,30323,0
MIMAT0000254,712,1
MIMAT0015346,5280343,0
MIMAT0001632,107985,0
MIMAT0001761,91820602,0
MIMAT0000123,31401,0
MIMAT0002106,24978538,0
MIMAT0015064,6440495,0
MIMAT0001037,6253,0
MIMAT0015336,5538,0
MIMAT0004589,122724,0
MIMAT0004680,253602,0
MIMAT0000258,2520,1
hsa_circ_0008223,439260,0
hsa_circ_0048775,445434,0
MIMAT0009447,3385,1
hsa_circ_0058361,15951529,1
MIMAT0005865,24497,0
MIMAT0001853,104758,0
MIMAT0013993,5743,0
100132169,60838,0
MIMAT0000869,24288,0
MIMAT0004701,6036,0
MIMAT0001545,3385,1
MIMAT0000078,5310940,1
23410,6857599,1
MIMAT0002858,2578,0
hsa_circ_0000206,452548,0
MIMAT0000454,222528,0
101669762,148124,0
MIMAT0004696,3652,0
MIMAT0000515,6037,0
28996,5943,0
hsa_circ_0008242,5746,0
MIMAT0002834,119104,0
MIMAT0002818,10836,0
101929120,448537,0
MIMAT0000223,47725,0
101928399,445858,0
MIMAT0003319,9931953,0
101928794,54680783,0
MIMAT0000669,5329102,0
MIMAT0009451,65015,0
MIMAT0001632,3821,0
MIMAT0002883,60700,1
MIMAT0015347,5206,0
MIMAT0004558,5394,1
MIMAT0003236,23939,0
MIMAT0001087,6036,0
hsa_circ_0004032,145858,0
MIMAT0005291,47725,0
100130392,123865,0
MIMAT0000256,3488,0
102724515,25227436,0
MIMAT0015022,2520,0
hsa_circ_0057518,208908,0
hsa_circ_0001345,15951529,1
hsa_circ_0011448,216239,0
MIMAT0004519,6001,0
MIMAT0000083,5959,0
MIMAT0000735,23939,0
hsa_circ_0005185,5284583,0
MIMAT0001784,449171,0
MIMAT0004572,5743,0
hsa_circ_0087861,6013,0
MIMAT0000207,21109,0
MIMAT0016920,28486,0
MIMAT0000765,444732,1
MIMAT0000682,5978,1
MIMAT0000592,5865,0
MIMAT0000386,210332,1
MIMAT0002826,123631,0
MIMAT0014817,16741,0
MIMAT0004622,2733526,0
MIMAT0019055,71496458,0
100996645,3028194,0
MIMAT0015166,1832,0
MIMAT0004907,222757,0
MIMAT0015319,5757,0
hsa_circ_0001361,6089,0
MIMAT0003320,25244711,1
654433,446220,0
645553,36462,0
MIMAT0015028,60750,1
6618,5359268,0
MIMAT0015166,544,0
MIMAT0000095,5206,0
hsa_circ_0004271,37542,0
hsa_circ_0091419,6918289,0
hsa_circ_0032825,4891,0
MIMAT0000424,3028194,0
MIMAT0013802,451668,0
MIMAT0005943,5282350,0
MIMAT0000062,36314,1
hsa_circ_0005046,31703,1
MIMAT0002172,5361,0
MIMAT0000138,60823,0
101928517,5394,1
MIMAT0000083,5288826,1
MIMAT0000710,119307,1
MIMAT0003319,5311,0
MIMAT0001824,25227436,0
MIMAT0000727,1207,0
MIMAT0000541,443586,1
hsa_circ_0046263,5281708,0
199704,5394,1
hsa_circ_0048775,6410,0
100506207,3385,1
MIMAT0000776,3028194,1
MIMAT0000516,24759,0
MIMAT0000674,210332,1
hsa_circ_0004015,107985,0
MIMAT0015077,46843772,0
hsa_circ_0068458,5311,0
MIMAT0005459,442428,0
MIMAT0003888,460612,0
MIMAT0004667,5352624,0
MIMAT0004758,5978,0
hsa_circ_0006528,3345,0
MIMAT0000639,644241,0
hsa_circ_0035482,3386,0
MIMAT0001771,4095,0
MIMAT0004957,667639,0
MIMAT0004838,14403,0
MIMAT0000251,11953817,0
MIMAT0000211,8490,1
MIMAT0000759,47289,0
MIMAT0004675,91820602,1
MIMAT0003881,53232,0
MIMAT0018961,60750,1
100506797,74483,0
MIMAT0004630,24180719,0
55000,10836,0
MIMAT0005796,222528,0
MIMAT0004861,462382,0
hsa_circ_0002078,3397,0
MIMAT0000439,15939,1
101929719,2244,0
hsa_circ_0072025,4829,0
100499183,969516,0
MIMAT0000153,3062316,0
MIMAT0003892,31401,1
MIMAT0000128,145858,0
MIMAT0004683,1110,0
MIMAT0018074,5743,0
103352670,126941,0
100506866,8378,0
MIMAT0018356,3121,0
MIMAT0000821,5280343,0
hsa_circ_0005572,3657,0
100506542,24821094,0
MIMAT0000254,544,0
MIMAT0015142,5816,0
10821,5288209,0
MIMAT0001857,47289,0
MIMAT0001707,3488,0
MIMAT0003211,6036,0
MIMAT0001389,6037,0
MIMAT0000887,5280961,0
MIMAT0000653,2907,0
MIMAT0019003,253602,0
MIMAT0001546,44259,0
MIMAT0018108,3496,0
MIMAT0000674,6505803,0
MIMAT0003466,60780,0
MIMAT0000272,3062316,0
MIMAT0004630,9547215,0
hsa_circ_0046265,2662,0
hsa_circ_0001345,3385,0
MIMAT0003119,43815,0
MIMAT0001389,4158,0
MIMAT0000072,2767,1
hsa_circ_0003201,6410,0
MIMAT0003252,31703,1
26751,4033,0
MIMAT0003882,5280795,0
MIMAT0000242,460612,0
100996570,5394,1
100287639,5359268,0
MIMAT0004542,6410,1
MIMAT0004613,1674,0
hsa_circ_0075048,5994,0
MIMAT0015097,60838,0
hsa_circ_0000861,6442177,0
100009613,104842,0
100144597,4763,0
MIMAT0003881,54454,0
988,54454,0
MIMAT0000783,24978538,0
MIMAT0002809,31703,1
hsa_circ_0000881,5950,0
115804232,5381226,0
MIMAT0003381,5352624,0
MIMAT0005633,6440495,0
MIMAT0000098,210332,0
MIMAT0007869,156413,0
MIMAT0000518,442428,1
MIMAT0003898,4946,0
MIMAT0000510,2733526,1
MIMAT0004959,8378,0
100499183,229455,0
100874249,6468,0
100128164,5394,1
100131067,24978538,0
hsa_circ_0003997,5746,0
MIMAT0000859,89594,1
MIMAT0000564,5281708,0
100033417,5361,0
100507468,5394,1
MIMAT0000639,24821094,0
MIMAT0003181,31703,1
hsa_circ_0036688,47289,0
hsa_circ_0000199,784,0
105374104,5789,0
hsa_circ_0037511,24978538,0
MIMAT0000141,60780,0
MIMAT0019069,24360,0
MIMAT0000756,3028194,0
MIMAT0019984,2520,0
101929395,5394,1
MIMAT0004280,5881,0
MIMAT0006587,29327,0
MIMAT0019913,15951529,0
MIMAT0003302,24759,0
hsa_circ_0007148,11953817,0
MIMAT0001742,24268,1
MIMAT0000860,9576410,0
hsa_circ_0006784,5460341,0
hsa_circ_0061251,5282350,0
MIMAT0000646,5994,1
101929059,31703,0
MIMAT0000758,141643,0
MIMAT0001267,74483,1
MIMAT0001799,4095,0
100129827,47725,0
MIMAT0002879,9547215,0
hsa_circ_0004954,5291,0
hsa_circ_0021727,5816,0
MIMAT0000222,148124,1
MIMAT0004700,6253,0
MIMAT0002873,5310940,1
MIMAT0017002,5881,0
MIMAT0000162,73581,0
MIMAT0000882,9444,0
hsa_circ_0000120,2662,0
101928509,5959,0
MIMAT0003185,5280896,0
hsa_circ_0000339,6279,0
MIMAT0004507,2767,1
100506207,114900,0
MIMAT0005628,6041,0
MIMAT0000418,60780,1
MIMAT0005589,2662,0
hsa_circ_0059910,104842,0
1832,5459308,0
MIMAT0000891,5746,0
MIMAT0003266,5959,0
100616668,10184653,0
MIMAT0005878,6410,0
MIMAT0019002,896,0
hsa_circ_0074806,6440495,0
100505938,644241,0
100270746,6197,0
MIMAT0019059,3121,0
MIMAT0000084,5310940,1
MIMAT0000437,138374198,0
MIMAT0018080,5291,0
MIMAT0003303,3385,1
MIMAT0000837,448537,0
MIMAT0001830,985,0
MIMAT0000616,5360373,0
MIMAT0004626,4033,0
MIMAT0005278,9804992,0
MIMAT0005596,445580,0
hsa_circ_0026512,123596,0
MIMAT0007888,104842,0
hsa_circ_0000724,11626560,0
MIMAT0000797,65064,0
hsa_circ_0028098,2662,0
MIMAT0000680,455658,0
103752588,119307,0
hsa_circ_0003323,3028194,0
MIMAT0000093,11433190,0
MIMAT0000196,5281811,0
MIMAT0000431,5755,0
MIMAT0004639,5280453,0
MIMAT0000877,36462,0
545,6037,0
MIMAT0000441,36314,1
MIMAT0015145,135403648,0
100996645,3652,0
MIMAT0003184,12967,1
MIMAT0000063,229455,1
100287216,148124,0
MIMAT0001273,119307,0
hsa_circ_0000517,54675776,0
MIMAT0004486,3385,1
MIMAT0000063,24180719,1
MIMAT0003271,5281614,0
100130935,3071,0
MIMAT0015000,5757,0
hsa_circ_0032154,6440495,0
MIMAT0000557,6115,0
MIMAT0000754,14888,0
100507053,54671203,0
MIMAT0000423,451668,1
MIMAT0000848,9547215,0
MIMAT0001816,210332,0
MIMAT0002112,124886,0
MIMAT0002821,5394,1
6615,10621,0
MIMAT0004702,54670067,1
MIMAT0007348,54675776,0
100130700,5943,0
MIMAT0000377,439530,0
MIMAT0000884,2375,0
hsa_circ_0003550,30323,0
MIMAT0002867,3488,0
MIMAT0005909,4033,0
MIMAT0019019,5281614,0
MIMAT0000714,6505803,0
MIMAT0002874,24180719,1
MIMAT0000796,16741,0
hsa_circ_0076413,176870,0
MIMAT0003191,24978538,0
MIMAT0005827,72304,0
MIMAT0003112,387447,0
hsa_circ_0004851,5284373,0
MIMAT0000416,5288209,0
MIMAT0002888,54671203,0
MIMAT0015080,73581,0
MIMAT0002818,24759,0
MIMAT0004678,4763,0
MIMAT0000747,3117,0
MIMAT0000681,443586,0
hsa_circ_0001490,4829,0
MIMAT0000903,47725,0
101805492,5394,1
MIMAT0001812,216345,0
MIMAT0011462,93004,0
MIMAT0010313,60750,1
hsa_circ_0017693,9949648,0
MIMAT0004798,216239,1
MIMAT0000224,2733526,1
hsa_circ_0001898,444795,0
hsa_circ_0059910,24288,0
MIMAT0004644,12967,1
MIMAT0003315,5865,0
MIMAT0023617,3657,0
MIMAT0004879,73581,0
MIMAT0005795,5212,0
hsa_circ_0008087,14403,0
MIMAT0003882,10836,0
MIMAT0004839,5281004,0
MIMAT0005878,6857599,0
hsa_circ_0011385,2244,0
MIMAT0005928,442428,0
MIMAT0003295,5538,0
6301,689043,0
hsa_circ_0040773,65015,0
hsa_circ_0014737,25227436,0
MIMAT0003210,1983,1
MIMAT0015189,5311,0
MIMAT0004592,5460341,0
MIMAT0013984,42113,0
hsa_circ_0066536,36462,0
MIMAT0004777,2767,1
hsa_circ_0012673,448013,0
MIMAT0000101,24360,1
MIMAT0012822,1110,0
MIMAT0005847,2723601,0
MIMAT0004782,16741,1
MIMAT0009447,171548,0
MIMAT0018087,31703,0
hsa_circ_0007275,1983,0
MIMAT0015171,47318,0
hsa_circ_0000370,5359268,0
MIMAT0001545,208908,0
MIMAT0001270,6089,0
MIMAT0019040,3385,1
MIMAT0003210,56843276,0
100886964,31703,1
100506930,5462222,0
MIMAT0015024,6857599,0
MIMAT0000690,36314,1
MIMAT0019905,41867,0
MIMAT0013985,24978538,0
MIMAT0004937,4763,0
MIMAT0000067,10621,1
hsa_circ_0049356,64971,0
MIMAT0019806,9804992,0
MIMAT0003339,31703,1
MIMAT0002854,4095,0
hsa_circ_0001531,6037,0
27242,896,0
MIMAT0003155,1130,0
MIMAT0000067,3902,1
MIMAT0019928,636397,0
MIMAT0018110,229455,0
hsa_circ_0024842,6442177,0
MIMAT0014998,3385,1
MIMAT0007348,712,0
MIMAT0015346,60780,0
MIMAT0004950,97226,0
MIMAT0000583,54675776,0
MIMAT0000846,229455,0
MIMAT0004948,54680783,0
MIMAT0000129,702,1
hsa_circ_0004851,49803145,0
MIMAT0000579,3690,0
MIMAT0005952,448537,0
100126791,5281811,0
100996447,60953,0
100505832,3397,0
hsa_circ_0000557,5746,0
MIMAT0004926,60750,1
MIMAT0000531,6918837,0
MIMAT0019798,5284583,0
MIMAT0004488,164676,0
hsa_circ_0047270,5757,0
100289178,446220,0
102724927,65348,0
MIMAT0001816,1176,0
hsa_circ_0086159,5281614,0
MIMAT0004979,3385,1
MIMAT0015157,42113,0
MIMAT0002881,60823,0
MIMAT0005932,13342,0
hsa_circ_0008952,3779,0
MIMAT0000838,3229,0
MIMAT0019022,162282,0
hsa_circ_0008337,28486,0
MIMAT0001092,8490,1
MIMAT0000124,17754356,0
MIMAT0003512,14403,0
MIMAT0000575,47936,1
MIMAT0005896,2520,0
MIMAT0000089,3690,0
104266957,141643,0
101927171,15951529,1
MIMAT0001777,138374198,0
MIMAT0000567,122724,0
MIMAT0013982,6442177,0
MIMAT0005457,3821,0
MIMAT0005635,5282350,0
MIMAT0003176,4033,0
MIMAT0018361,24180719,0
104355136,91466,0
hsa_circ_0000457,222528,0
389641,91466,0
390963,5281811,0
MIMAT0001791,10184653,0
hsa_circ_0006318,5360373,0
MIMAT0004762,6918289,0
MIMAT0004723,135403648,0
MIMAT0004560,445858,0
MIMAT0015195,24268,1
MIMAT0017999,455658,0
MIMAT0000855,6468,0
MIMAT0000537,11707110,0
hsa_circ_0001545,49803145,0
MIMAT0004798,15625,0
hsa_circ_0036391,265237,0
hsa_circ_0003643,54670067,0
hsa_circ_0009577,9931953,0
hsa_circ_0005671,3779,0
MIMAT0001342,31401,0
MIMAT0000762,45266826,0
hsa_circ_0068465,15951529,1
hsa_circ_0002259,265237,0
MIMAT0015319,24268,1
MIMAT0035005,5361,0
hsa_circ_0005161,145858,0
MIMAT0000418,119307,1
MIMAT0000263,30323,1
MIMAT0000754,122724,0
MIMAT0000458,15,0
102724312,31703,0
hsa_circ_0048775,56843276,0
hsa_circ_0011245,123596,0
892,24360,0
MIMAT0000131,60838,0
MIMAT0015137,25227436,0
MIMAT0002104,443586,1
MIMAT0003513,210332,1
MIMAT0000824,65064,0
hsa_circ_0073647,3117,0
MIMAT0005291,42890,0
100132707,44259,0
MIMAT0001730,5755,0
100033417,65064,0
hsa_circ_0025135,2767,0
MIMAT0001087,5280453,0
MIMAT0000548,108065,0
MIMAT0000009,2520,0
MIMAT0000231,104741,0
MIMAT0001021,216345,0
MIMAT0000802,13089,0
MIMAT0000722,60750,1
hsa_circ_0065871,64971,0
MIMAT0003457,47725,0
100505929,6106,0
MIMAT0019006,216345,0
MIMAT0005917,3071,0
hsa_circ_0008616,9064,0
100130581,6076,0
hsa_circ_0006900,13342,0
100073347,2187,0
hsa_circ_0023249,6037,0
MIMAT0001825,443586,0
MIMAT0015169,216239,0
MIMAT0003317,56649450,0
MIMAT0023623,2336,0
MIMAT0000101,45266826,0
101927027,135403648,0
hsa_circ_0008432,6076,0
100144603,5538,0
MIMAT0000062,24180719,1
10821,4763,0
hsa_circ_0070520,441074,0
MIMAT0000280,5222465,0
MIMAT0000445,448537,1
MIMAT0000434,5950,0
hsa_circ_0068465,3657,0
MIMAT0000026,5951,0
MIMAT0003240,9547215,0
MIMAT0000726,3220,1
hsa_circ_0030724,11960529,0
MIMAT0000618,65064,0
hsa_circ_0005281,5035,0
MIMAT0015324,25227436,0
MIMAT0003499,25244711,0
MIMAT0003888,2767,1
MIMAT0000727,5280951,0
MIMAT0002812,6857599,1
hsa_circ_0047270,6115,0
101927391,72301,0
hsa_circ_0005907,38904,0
MIMAT0004631,5881,0
103752587,6057,0
MIMAT0003278,2907,0
728558,1207,0
MIMAT0000318,6041,1
MIMAT0014998,5284373,0
MIMAT0000752,97226,1
MIMAT0019887,5035,0
MIMAT0018993,6468,0
MIMAT0017993,23725625,0
MIMAT0000415,6623,1
MIMAT0004626,2244,0
439949,11707110,0
MIMAT0015164,24268,1
hsa_circ_0004934,16741,0
MIMAT0005291,446220,1
MIMAT0001784,1130,0
MIMAT0000433,6013,0
100506783,4033,0
MIMAT0004522,41867,0
MIMAT0005279,3779,1
MIMAT0004777,89594,0
MIMAT0004812,5950,0
MIMAT0003257,104741,0
MIMAT0002809,5994,1
MIMAT0000367,91820602,0
MIMAT0002826,45266826,0
MIMAT0015322,5280448,0
MIMAT0000297,638278,0
MIMAT0025412,45266826,0
MIMAT0000440,790,0
hsa_circ_0025135,15951529,1
MIMAT0003325,72301,0
MIMAT0000086,5291,1
MIMAT0001736,24268,1
hsa_circ_0040203,104758,0
MIMAT0002883,31703,1
MIMAT0001799,164676,0
MIMAT0009196,5460341,0
MIMAT0000570,5743,1
193629,5394,1
MIMAT0000596,23725625,0
25850,5394,1
MIMAT0000158,38904,0
MIMAT0000445,460612,0
MIMAT0001853,5950,0
MIMAT0000091,25244711,0
572,784,0
MIMAT0000382,9804992,0
100132891,74483,0
MIMAT0005865,6918837,0
MIMAT0017017,5284616,1
MIMAT0015028,6041,0
101927597,3229,0
hsa_circ_0000510,2520,0
MIMAT0001090,5361,0
MIMAT0015141,104758,0
MIMAT0003162,9064,0
MIMAT0006584,47318,0
MIMAT0004620,9804992,0
MIMAT0001778,241,0
MIMAT0003211,2733526,1
MIMAT0005339,5212,0
100129310,41867,0
MIMAT0000530,6001,1
MIMAT0000534,41867,0
MIMAT0000218,36462,0
MIMAT0015057,5950,0
MIMAT0000238,12967,1
102724316,5329102,0
hsa_circ_0072797,47936,0
MIMAT0004578,124886,0
MIMAT0001783,42611257,0
MIMAT0000657,5318517,0
23513,6076,0
MIMAT0012848,5318517,0
MIMAT0001783,3229,0
hsa_circ_0000763,6279,0
MIMAT0003276,65348,0
hsa_circ_0036054,56842234,0
MIMAT0004855,28486,0
643911,689043,0
MIMAT0004531,49803145,0
101927592,5222465,0
MIMAT0000798,43815,0
MIMAT0000511,446556,0
hsa_circ_0002976,5281811,0
MIMAT0000879,47936,0
MIMAT0014010,5994,0
MIMAT0018361,6253,0
MIMAT0004572,60750,0
MIMAT0018943,3385,1
MIMAT0017016,6918289,0
MIMAT0002807,31703,1
MIMAT0003378,4946,1
MIMAT0000822,2187,0
MIMAT0000218,60700,0
581,42611257,0
MIMAT0000414,451668,1
hsa_circ_0061260,5284373,0
MIMAT0004704,446220,1
MIMAT0003731,10621,1
MIMAT0000692,387447,1
MIMAT0015000,3385,1
MIMAT0015347,216239,0
MIMAT0003180,969516,0
MIMAT0000539,8490,1
MIMAT0000649,21633059,0
MIMAT0003295,3779,0
hsa_circ_0072904,6197,0
MIMAT0001857,24978538,0
684959,2244,0
MIMAT0000842,6505803,0
MIMAT0013983,23973,0
hsa_circ_0000525,4946,0
hsa_circ_0062545,5280445,0
MIMAT0003335,5816,0
MIMAT0003285,124886,0
hsa_circ_0059216,5284616,0
hsa_circ_0001985,5222465,0
10984,737139,0
MIMAT0002881,54671203,0
440253,11953817,0
MIMAT0019938,25262965,0
MIMAT0001781,74483,1
MIMAT0002848,123865,1
100130935,5394,1
29108,5743,0
441666,9700,0
hsa_circ_0000604,5755,0
100506860,9064,0
MIMAT0005933,6253,0
MIMAT0004694,6468,0
MIMAT0003216,23725625,0
MIMAT0002880,31703,1
hsa_circ_0006795,5361,0
hsa_circ_0085923,21109,0
MIMAT0004798,638278,0
MIMAT0005279,122724,0
MIMAT0003326,216239,1
MIMAT0003396,3101,0
hsa_circ_0008623,5291,0
MIMAT0017141,54454,0
MIMAT0003238,60750,0
100616668,54671203,0
101927574,60198,0
hsa_circ_0028864,171548,0
MIMAT0003151,4763,0
hsa_circ_0089371,64971,0
MIMAT0002860,5284373,0
103689912,216345,0
8434,636397,0
MIMAT0005300,13089,0
MIMAT0001536,2733526,1
MIMAT0002876,1983,0
hsa_circ_0039261,5288209,0
MIMAT0004942,689043,0
hsa_circ_0001689,5816,0
MIMAT0000069,5746,1
hsa_circ_0003302,6918289,0
MIMAT0019879,3397,0
100886964,6918837,0
101927891,5978,0
MIMAT0005789,9931953,0
102724105,15625,0
MIMAT0004586,60198,0
MIMAT0006765,446556,0
101927477,985,0
51560,119307,0
MIMAT0004280,2051,0
MIMAT0019771,42890,0
100033427,3101,0
100505702,171548,0
MIMAT0000746,46843772,0
MIMAT0000772,65348,0
197187,11626560,0
MIMAT0003123,1832,0
MIMAT0019745,5394,0
hsa_circ_0008016,5816,0
MIMAT0015007,56649450,0
MIMAT0000269,985,0
MIMAT0013994,5789,0
MIMAT0000144,24821094,0
440028,5394,1
100144597,5394,1
MIMAT0011778,2520,0
MIMAT0019957,2353,0
hsa_circ_0020354,5997,0
MIMAT0019748,6106,0
MIMAT0000366,448537,0
MIMAT0014995,21633059,0
MIMAT0004445,4943,0
54838,91820602,0
646626,24821094,0
MIMAT0004733,60780,0
101927686,5459308,0
MIMAT0000097,60750,1
MIMAT0026620,985,0
MIMAT0015356,3006531,0
MIMAT0002848,3007,0
MIMAT0018961,5360373,0
MIMAT0000445,11960529,0
MIMAT0005880,253602,0
MIMAT0019879,3386,0
100271075,29327,0
MIMAT0001015,689043,0
MIMAT0005966,3028194,0
MIMAT0002823,60700,0
MIMAT0004650,737139,0
MIMAT0003191,451668,0
MIMAT0004489,9826528,0
101927843,285033,0
MIMAT0018000,53232,0
MIMAT0007348,126941,0
MIMAT0005824,2733526,0
MIMAT0000787,5281929,0
hsa_circ_0000040,15951529,1
MIMAT0000728,54670067,1
MIMAT0004948,5311,0
MIMAT0000691,31703,1
101927934,5284616,0
MIMAT0000765,15625,1
MIMAT0015172,657237,0
MIMAT0003888,445639,0
MIMAT0003327,31703,1
MIMAT0000089,31703,1
MIMAT0007884,73581,0
hsa_circ_0004680,5381226,0
29797,3103,0
MIMAT0000761,5281004,0
101927249,5789,0
hsa_circ_0000419,2767,1
hsa_circ_0079385,261000,0
MIMAT0003253,2520,1
MIMAT0000690,60953,1
MIMAT0004514,60750,1
MIMAT0019713,2723601,0
MIMAT0000437,451668,1
645954,5757,0
101927489,5280427,0
MIMAT0018002,25183872,0
MIMAT0019834,4946,0
hsa_circ_0000192,15951529,1
MIMAT0000795,790,0
MIMAT0014928,5318517,0
100151643,11960529,0
MIMAT0001275,47725,0
hsa_circ_0056048,544,0
100507006,122634,0
MIMAT0001368,123631,0
MIMAT0018078,5943,0
MIMAT0000557,444254,0
hsa_circ_0008389,119104,0
MIMAT0000797,5206,0
MIMAT0003335,6442177,0
MIMAT0001863,25227436,0
MIMAT0003740,1130,0
MIMAT0003297,1207,0
MIMAT0015038,3121,0
MIMAT0000737,985,0
MIMAT0000783,2353,0
MIMAT0005867,3345,0
105375475,65110,0
MIMAT0001015,638278,0
MIMAT0000072,6857599,1
MIMAT0015142,216345,0
MIMAT0000096,60700,0
MIMAT0003326,60750,1
hsa_circ_0000604,4091,0
MIMAT0005593,2767,1
MIMAT0000571,5288826,1
101928530,162282,0
MIMAT0003201,25183872,0
MIMAT0000746,97226,0
100131564,45266826,0
MIMAT0000261,667639,1
hsa_circ_0004594,216326,0
MIMAT0002834,737139,0
572,54675776,0
MIMAT0003340,5978,1
MIMAT0001625,104758,0
MIMAT0000248,11635763,0
100505929,25183872,0
MIMAT0002856,42890,0
hsa_circ_0007630,21109,0
101927155,5394,1
MIMAT0001878,65110,0
391267,11556711,0
MIMAT0002848,164676,0
MIMAT0015035,60953,0
MIMAT0000270,5394,1
hsa_circ_0082864,5793,0
hsa_circ_0000521,15951529,1
MIMAT0004972,126941,0
hsa_circ_0051908,6505803,0
101927592,23973,0
MIMAT0000782,5288209,0
MIMAT0000814,25227436,0
MIMAT0019784,3385,1
MIMAT0004614,28486,0
MIMAT0004981,3220,1
MIMAT0000867,8029,1
hsa_circ_0079262,31101,0
hsa_circ_0057105,6089,0
100506175,56843276,0
MIMAT0003472,3821,0
MIMAT0005792,2767,1
MIMAT0003764,54671203,0
MIMAT0000133,6279,0
MIMAT0000887,5280795,0
MIMAT0004720,5743,1
MIMAT0002109,448013,0
hsa_circ_0056790,6001,0
54660,5281708,0
hsa_circ_0083092,5284616,0
MIMAT0000447,60750,1
hsa_circ_0079385,5206,0
MIMAT0003266,148124,1
MIMAT0019879,148124,0
MIMAT0000688,3902,0
105373984,3229,0
MIMAT0002850,8378,0
MIMAT0019018,261004,0
hsa_circ_0007333,3220,0
MIMAT0000682,123631,1
387978,445858,0
MIMAT0005793,5288826,1
MIMAT0000266,176870,1
hsa_circ_0029345,46843772,0
MIMAT0000087,36314,1
MIMAT0004556,5394,0
MIMAT0000132,6089,0
MIMAT0000264,448537,1
10517,6857599,0
MIMAT0000645,5352624,0
100132103,72301,0
MIMAT0001341,2375,1
MIMAT0003303,2520,1
MIMAT0001021,657237,0
MIMAT0000097,135403648,1
101928414,452548,0
MIMAT0014928,44631912,0
hsa_circ_0041523,37542,0
MIMAT0019854,5288209,0
hsa_circ_0005671,15625,0
MIMAT0003190,5641,0
MIMAT0003890,444254,0
645323,2733526,0
MIMAT0000447,47725,1
MIMAT0003466,5280896,0
MIMAT0019789,790,0
101927034,73581,0
MIMAT0001424,2244,0
hsa_circ_0042200,442428,0
MIMAT0000092,3385,1
MIMAT0003118,107985,0
MIMAT0005792,5352624,0
hsa_circ_0036688,3657,0
100130392,5865,0
MIMAT0000718,229455,1
MIMAT0016918,5394,0
hsa_circ_0061260,15951529,1
MIMAT0003257,4946,0
hsa_circ_0003136,3386,0
MIMAT0048133,265237,1
hsa_circ_0002089,3071,0
MIMAT0004888,452548,0
649446,5361,0
MIMAT0000073,9949648,0
MIMAT0003310,91820602,1
MIMAT0003513,253602,0
hsa_circ_0042359,442428,0
MIMAT0000078,712,1
MIMAT0016863,42113,0
hsa_circ_0083026,9064,0
MIMAT0004926,4212,0
101927667,9576410,0
MIMAT0019968,3385,1
hsa_circ_0042459,4212,0
101927541,2733526,0
MIMAT0018074,16132265,0
101929901,6076,0
MIMAT0005917,285033,0
MIMAT0004548,3103,0
MIMAT0005871,5280448,0
hsa_circ_0011571,1548943,0
MIMAT0003480,702,0
hsa_circ_0082140,12967,0
MIMAT0000209,15,0
MIMAT0019053,222528,0
MIMAT0000764,135403648,1
100190938,5865,0
340811,24360,0
MIMAT0000800,74483,0
MIMAT0003237,9949648,0
MIMAT0000536,2733526,0
MIMAT0000518,108065,1
MIMAT0011435,56649450,0
MIMAT0004596,126941,0
MIMAT0017141,119307,0
hsa_circ_0007404,5280896,0
MIMAT0019926,11433190,0
MIMAT0003326,5280453,1
100130889,24268,0
MIMAT0048651,36314,0
100507099,77999,0
104355136,23725625,0
MIMAT0000381,241,0
MIMAT0007888,5359268,0
MIMAT0023623,5280795,0
MIMAT0004546,3007,0
MIMAT0000878,3345,0
MIMAT0015027,47936,0
MIMAT0000720,123865,0
100506046,49803145,1
MIMAT0004916,49803145,0
MIMAT0005881,97226,0
MIMAT0003378,37542,0
hsa_circ_0091934,5284583,0
MIMAT0016876,5280343,0
MIMAT0000414,135403648,1
MIMAT0003185,216326,0
hsa_circ_0039930,5282350,0
MIMAT0000602,43815,0
MIMAT0001862,5793,0
hsa_circ_0024842,5318517,0
MIMAT0003455,253602,0
MIMAT0004855,17754356,0
hsa_circ_0004315,15951529,1
100505929,23939,0
MIMAT0000687,123631,1
MIMAT0004957,2520,1
hsa_circ_0005671,439260,0
hsa_circ_0080209,123865,0
MIMAT0022834,30323,0
MIMAT0014989,5978,0
MIMAT0000600,3121,0
MIMAT0014007,3386,0
hsa_circ_0011292,5746,0
MIMAT0000726,442972,1
MIMAT0018361,439530,0
MIMAT0003276,216239,0
MIMAT0015339,28486,0
hsa_circ_0087357,5281614,0
hsa_circ_0003552,45266826,0
MIMAT0000869,3657,0
102724105,702,0
hsa_circ_0002976,3117,0
MIMAT0002809,969516,1
101928931,5284373,0
MIMAT0002856,2767,1
MIMAT0005576,45266826,0
MIMAT0003171,5881,0
MIMAT0019059,3902,0
hsa_circ_0000453,53232,0
MIMAT0003256,23973,0
MIMAT0005285,5743,1
MIMAT0004597,222757,0
MIMAT0004954,241,1
hsa_circ_0001204,5280951,0
hsa_circ_0005721,4946,0
MIMAT0019074,208908,0
MIMAT0000026,60750,0
MIMAT0016879,60750,1
MIMAT0000154,25244711,0
988,5288826,0
MIMAT0000898,3496,0
MIMAT0000133,23725625,0
hsa_circ_0079385,11707110,0
hsa_circ_0002078,15951529,1
hsa_circ_0000614,443586,0
MIMAT0000271,60750,1
MIMAT0000657,2520,0
MIMAT0005949,5281929,0
MIMAT0014006,65064,0
MIMAT0005291,122634,0
MIMAT0004546,5789,0
MIMAT0000072,5997,0
hsa_circ_0002654,11635763,0
101929655,36462,0
hsa_circ_0001235,148124,0
MIMAT0015024,4033,0
MIMAT0004588,24180719,0
hsa_circ_0000963,123865,0
MIMAT0004775,2336,0
MIMAT0003886,164676,0
100885775,5310940,0
MIMAT0000516,5757,1
MIMAT0005944,60838,0
MIMAT0000957,5789,0
hsa_circ_0003908,5978,0
MIMAT0004560,42611257,0
MIMAT0011448,89594,1
MIMAT0035720,2733,0
MIMAT0003215,5459308,0
MIMAT0005788,208908,0
MIMAT0005457,544,0
MIMAT0005340,91820602,0
MIMAT0003881,44259,0
MIMAT0004189,31401,1
MIMAT0000648,2723601,0
MIMAT0004933,16741,0
MIMAT0004602,444732,0
MIMAT0005887,24268,0
MIMAT0015054,23939,0
MIMAT0005460,5222465,0
MIMAT0002870,65110,0
hsa_circ_0008131,5281929,0
MIMAT0005951,24759,0
MIMAT0002856,2520,1
hsa_circ_0059910,5352624,0
MIMAT0004450,3101,0
MIMAT0005881,24180719,1
MIMAT0000826,60700,0
MIMAT0000416,712,0
MIMAT0000860,210332,0
MIMAT0000751,216239,0
MIMAT0004574,455658,0
100506126,25262965,0
hsa_circ_0001721,9915743,0
MIMAT0000297,11707110,0
hsa_circ_0003620,4946,0
MIMAT0000255,5280343,1
MIMAT0000542,8490,1
hsa_circ_0007551,3006531,0
hsa_circ_0005730,3496,0
MIMAT0000123,444732,1
MIMAT0004902,1832,0
hsa_circ_0001171,3902,0
MIMAT0000775,3779,1
MIMAT0004879,6918837,0
MIMAT0000602,2767,0
105373984,5291,0
hsa_circ_0003738,5284373,0
MIMAT0014928,446220,1
MIMAT0000242,36462,1
MIMAT0003478,4624,0
103752587,46843772,0
MIMAT0009977,38904,0
MIMAT0000262,56649450,0
MIMAT0019979,3345,0
MIMAT0001798,74483,0
MIMAT0016913,5978,1
hsa_circ_0005974,3028194,0
hsa_circ_0004870,5329102,0
MIMAT0019775,104741,0
MIMAT0014028,24268,1
MIMAT0020976,10184653,0
MIMAT0002873,6001,0
MIMAT0004523,969516,1
hsa_circ_0026349,54671203,0
MIMAT0000441,2578,1
hsa_circ_0007217,3779,0
100996335,60198,0
MIMAT0019756,3121,0
MIMAT0001341,60750,1
MIMAT0000091,5978,1
hsa_circ_0006608,2733,0
hsa_circ_0023255,24180719,0
MIMAT0004848,5281004,1
6866,5790,0
MIMAT0015345,11960529,0
641516,60700,0
hsa_circ_0005907,119104,0
hsa_circ_0065932,97226,0
MIMAT0000250,60700,0
MIMAT0004703,89594,0
MIMAT0003210,5310940,0
MIMAT0000836,16197265,0
hsa_circ_0048766,5746,0
644649,73581,0
6596,4829,0
103344930,60852,0
MIMAT0004607,16197265,0
MIMAT0004491,5997,0
ENSG00000255237,31703,1
101927780,6036,0
6596,54680783,0
MIMAT0002853,14888,0
MIMAT0003161,60852,0
6374,65064,0
MIMAT0000771,3657,0
415056,135403648,0
hsa_circ_0000835,162282,0
MIMAT0019956,3385,1
645682,91820602,1
MIMAT0000255,2520,1
MIMAT0005902,5310940,1
MIMAT0001850,53232,0
101927934,65064,0
hsa_circ_0005281,123631,0
hsa_circ_0022378,11433190,0
MIMAT0002869,42890,0
MIMAT0016870,5280360,0
hsa_circ_0087357,3019,0
hsa_circ_0020460,123865,0
hsa_circ_0038138,5329102,0
hsa_circ_0001691,13342,0
hsa_circ_0009004,210332,0
hsa_circ_0076251,114900,0
MIMAT0000366,104758,0
hsa_circ_0042444,5073,0
MIMAT0000787,1175,0
MIMAT0001859,4943,0
MIMAT0000258,14888,1
MIMAT0015340,2723601,0
hsa_circ_0000255,445639,0
MIMAT0000074,97226,1
MIMAT0000318,3229,0
MIMAT0015328,462382,0
MIMAT0000705,47936,0
hsa_circ_0072797,15,0
MIMAT0009834,265237,0
MIMAT0002867,2767,1
MIMAT0013517,31703,1
100499405,31703,0
MIMAT0003457,9064,1
MIMAT0017063,12967,0
MIMAT0000274,60750,1
hsa_circ_0047253,2767,0
100130581,5394,1
MIMAT0018937,208908,0
MIMAT0003340,2578,0
101929660,4091,0
MIMAT0005440,2733,0
MIMAT0001831,74483,1
MIMAT0001413,8378,0
MIMAT0004787,2767,0
6425,15939,0
MIMAT0004238,126941,0
8418,5212,0
103752588,28486,0
100874366,2520,0
100130417,5394,1
100874043,126941,0
MIMAT0003885,28486,0
MIMAT0003171,3496,0
hsa_circ_0007924,444732,0
MIMAT0020976,77999,0
hsa_circ_0071106,176870,0
MIMAT0000419,442793,1
MIMAT0000803,1983,1
100507266,5329102,0
101101772,24180719,0
100129291,3007,0
hsa_circ_0085173,74483,0
441307,446220,0
100507489,1176,0
MIMAT0001771,97226,0
hsa_circ_0000471,5280360,0
101927574,1673,0
hsa_circ_0008044,47936,0
MIMAT0001536,784,1
hsa_circ_0051899,56843276,0
MIMAT0000822,104842,0
hsa_circ_0000315,7222,0
MIMAT0004943,176870,0
MIMAT0019069,11626560,0
MIMAT0015194,5950,0
MIMAT0048133,36462,0
MIMAT0001021,5359268,0
MIMAT0003150,53232,0
MIMAT0003177,2767,0
MIMAT0004985,4033,0
100506860,644241,0
hsa_circ_0078605,15951529,1
MIMAT0001045,141643,0
hsa_circ_0008702,14403,0
MIMAT0005853,5280360,0
MIMAT0002847,3007,0
hsa_circ_0062980,2578,0
100874043,16132265,0
MIMAT0000852,104842,0
MIMAT0000644,8378,0
MIMAT0006587,65064,0
100499405,54670067,0
MIMAT0000724,31703,1
MIMAT0000868,114900,0
100505881,176870,0
MIMAT0007347,60750,1
MIMAT0003495,1130,0
hsa_circ_0000324,5284373,0
MIMAT0015037,176870,0
101927136,10836,0
hsa_circ_0069980,31101,0
100996266,969516,0
MIMAT0003765,12967,0
MIMAT0000454,3385,1
MIMAT0002830,6197,0
hsa_circ_0051908,60700,0
MIMAT0004626,24288,0
MIMAT0019814,3385,1
100506783,2767,1
MIMAT0000726,445858,0
MIMAT0004500,23973,0
MIMAT0000145,6279,0
MIMAT0018068,5816,0
MIMAT0000435,6918289,0
100506046,5280896,0
MIMAT0007887,11556711,0
MIMAT0001619,5743,1
MIMAT0000225,8490,1
MIMAT0003265,148124,0
MIMAT0019815,15,0
MIMAT0015035,5538,0
MIMAT0019947,6253,0
MIMAT0000538,2733526,1
11080,24360,0
MIMAT0014001,644241,0
MIMAT0002861,712,0
MIMAT0001764,54671203,0
100506046,47318,0
MIMAT0003763,5943,0
MIMAT0005966,23973,1
hsa_circ_0005379,31703,0
hsa_circ_0008702,2662,0
201651,11228183,0
103752589,442428,0
MIMAT0019876,5288209,0
MIMAT0000456,5281708,0
100874058,6918289,0
MIMAT0004981,24497,0
MIMAT0004896,5288209,0
MIMAT0001371,5280896,0
hsa_circ_0072904,24288,0
MIMAT0003945,3385,1
MIMAT0000850,4095,0
hsa_circ_0079262,15951529,1
MIMAT0019958,5280453,0
MIMAT0004943,636397,0
MIMAT0000738,5311,1
MIMAT0000726,60750,1
100506207,31703,1
MIMAT0016890,5743,0
MIMAT0000279,60823,1
MIMAT0004897,3652,0
MIMAT0004858,3019,0
hsa_circ_0000817,638278,0
MIMAT0003376,210332,1
MIMAT0002870,5460341,0
MIMAT0004609,31401,0
MIMAT0004895,6001,0
MIMAT0001627,5793,1
MIMAT0001268,3902,0
hsa_circ_0005855,11953817,0
MIMAT0000265,2907,1
MIMAT0015072,45266826,0
MIMAT0002853,442428,0
104266957,56842234,0
hsa_circ_0000044,6001,0
MIMAT0000533,8490,1
MIMAT0000898,896,0
MIMAT0003241,5950,0
hsa_circ_0059880,16197265,0
MIMAT0004626,14888,0
MIMAT0019839,702,0
MIMAT0000751,2733526,1
hsa_circ_0063158,11960529,0
MIMAT0001371,53232,0
MIMAT0005928,6442177,0
MIMAT0000728,444732,1
162632,60700,0
MIMAT0000687,5394,0
MIMAT0016858,176870,0
MIMAT0004557,15625,0
hsa_circ_0044837,442793,0
MIMAT0005943,455658,0
100499405,6918837,0
100128675,2187,0
hsa_circ_0001545,4158,0
MIMAT0004612,1673,0
MIMAT0000787,171548,0
hsa_circ_0085278,15951529,1
hsa_circ_0006903,16078949,0
MIMAT0000904,148124,0
MIMAT0003223,790,0
64859,11953817,0
MIMAT0000103,31703,1
MIMAT0004970,77999,0
MIMAT0003252,93004,0
MIMAT0004770,261000,0
MIMAT0002821,969516,1
MIMAT0000088,6505803,0
MIMAT0031893,25227436,0
MIMAT0003282,123631,0
MIMAT0003171,124886,0
MIMAT0000255,60750,1
hsa_circ_0069980,104741,0
hsa_circ_0025135,49803145,0
hsa_circ_0042265,4212,0
MIMAT0002845,636397,0
102723465,74483,0
MIMAT0004235,6442177,0
MIMAT0003253,107985,0
MIMAT0000083,65110,0
MIMAT0003726,210332,1
MIMAT0001342,77999,0
MIMAT0003379,9576410,0
MIMAT0001275,60606,0
hsa_circ_0017485,56649450,0
hsa_circ_0000525,24497,0
MIMAT0000763,2236,0
641516,444732,0
hsa_circ_0085616,5789,0
MIMAT0003895,5280343,0
MIMAT0000078,38904,1
hsa_circ_0006392,37542,0
MIMAT0002842,4095,0
103689912,2375,0
MIMAT0004871,11556711,0
MIMAT0000720,2767,1
MIMAT0035005,5035,0
MIMAT0004780,9444,0
106481742,60198,0
MIMAT0000067,5943,0
hsa_circ_0092289,2578,0
MIMAT0000549,702,1
MIMAT0000456,5789,0
100996570,60700,0
MIMAT0004806,28486,0
100144603,969516,0
MIMAT0000257,452548,1
101928304,896,0
MIMAT0000064,60750,1
MIMAT0000417,5291,1
100874249,107985,0
MIMAT0002819,36314,1
MIMAT0000130,15625,0
MIMAT0001631,60838,1
MIMAT0004614,3961,0
hsa_circ_0001235,9915743,0
MIMAT0000541,210332,1
hsa_circ_0005046,8490,0
hsa_circ_0001568,5073,0
MIMAT0000857,6918837,0
MIMAT0000131,44631912,0
344462,65348,0
MIMAT0004701,4158,0
MIMAT0004981,44259,0
hsa_circ_0028098,176870,0
MIMAT0018087,5743,0
100506542,3779,0
MIMAT0018992,3019,0
MIMAT0000449,123596,1
MIMAT0003180,5280445,0
MIMAT0004913,31703,1
MIMAT0004593,65015,0
hsa_circ_0006473,9898279,0
MIMAT0000080,11556711,0
hsa_circ_0086241,5311,0
MIMAT0016852,985,0
MIMAT0000680,36462,1
MIMAT0002832,49803145,0
MIMAT0002844,3385,1
MIMAT0001725,60838,0
MIMAT0000891,5284616,0
hsa_circ_0008806,16132265,0
MIMAT0004555,5394,1
MIMAT0001637,9444,0
MIMAT0001846,8029,0
MIMAT0004799,9700,0
1407,11556711,0
MIMAT0003216,448537,1
285548,54671203,0
MIMAT0005921,114900,0
MIMAT0001623,3117,0
MIMAT0001808,5997,0
hsa_circ_0000907,6410,0
MIMAT0003125,441074,1
hsa_circ_0050580,29327,0
MIMAT0004748,24497,0
hsa_circ_0023249,54680783,0
MIMAT0019784,6623,0
7508,5359268,0
MIMAT0003210,5743,1
hsa_circ_0019088,15,0
MIMAT0002055,25244711,0
MIMAT0019074,47725,0
MIMAT0019716,10635,0
MIMAT0014025,77999,0
MIMAT0003337,46843772,0
MIMAT0000537,5462222,0
MIMAT0000899,31703,0
MIMAT0005901,60750,1
hsa_circ_0001898,11433190,0
MIMAT0000382,5978,0
6093,6857599,1
MIMAT0003233,2375,1
MIMAT0003738,9826528,0
MIMAT0003338,60750,1
MIMAT0000563,442972,0
hsa_circ_0087063,93004,0
MIMAT0003249,446556,0
MIMAT0002870,3117,0
MIMAT0000818,31401,0
MIMAT0000299,3019,0
439949,21633059,0
MIMAT0002829,969516,0
MIMAT0003780,210332,1
hsa_circ_0001222,6036,0
hsa_circ_0006239,15951529,1
MIMAT0018937,387447,0
100499183,54671203,0
MIMAT0000079,97226,0
MIMAT0001270,16078949,0
hsa_circ_0058191,4763,0
hsa_circ_0089414,5281811,0
hsa_circ_0057948,5329102,0
642633,15625,0
MIMAT0002853,6041,0
MIMAT0000082,5291,1
MIMAT0004747,2187,0
MIMAT0001288,47725,0
MIMAT0003232,6410,0
MIMAT0017005,636397,0
MIMAT0000278,5310940,1
MIMAT0001412,122634,0
hsa_circ_0043632,3071,0
MIMAT0004497,16078949,0
hsa_circ_0004709,5318517,0
MIMAT0000885,4095,0
hsa_circ_0008337,5394,0
MIMAT0015165,3779,0
hsa_circ_0000463,1832,0
MIMAT0000707,2375,1
101927761,46843772,0
644649,148124,0
MIMAT0001030,135403648,0
MIMAT0004534,3397,0
hsa_circ_0080209,985,0
MIMAT0003266,5881,0
MIMAT0000070,36314,1
MIMAT0000632,6918837,0
MIMAT0000450,444732,0
hsa_circ_0006318,60838,0
MIMAT0004630,10184653,0
26298,5280896,0
100652997,2767,0
MIMAT0004534,2723601,0
MIMAT0015193,29327,0
100874363,5394,1
MIMAT0000545,5881,0
MIMAT0001532,60823,1
MIMAT0001630,2520,1
100128398,657237,0
644919,446556,0
MIMAT0001884,6041,0
MIMAT0000593,445639,0
MIMAT0003388,1548943,0
MIMAT0000678,145858,1
MIMAT0000532,9444,0
MIMAT0015362,24268,1
MIMAT0004720,162282,0
100270828,5994,0
MIMAT0000159,5281614,0
hsa_circ_0001821,65064,0
MIMAT0000067,6013,0
MIMAT0019796,6410,0
MIMAT0000872,156413,0
MIMAT0002842,5318517,0
MIMAT0003382,2520,0
MIMAT0004955,15951529,0
hsa_circ_0001565,56649450,0
101929027,9700,0
100128386,5318517,0
MIMAT0000246,5997,1
MIMAT0018121,1983,0
MIMAT0015080,60700,0
MIMAT0015187,47318,0
MIMAT0000689,3019,0
hsa_circ_0080212,1548943,0
MIMAT0000682,5757,1
hsa_circ_0000520,9915743,0
MIMAT0002883,2767,1
MIMAT0000711,7222,0
9641,44259,0
MIMAT0000561,60198,0
MIMAT0001730,5281929,0
hsa_circ_0045234,5943,0
MIMAT0003379,10836,0
MIMAT0004587,97226,1
MIMAT0001793,3006531,0
MIMAT0000138,11626560,0
MIMAT0001831,439260,0
MIMAT0003752,5997,0
MIMAT0000862,5816,0
MIMAT0005799,56843276,0
MIMAT0000681,3488,0
MIMAT0005789,16741,0
hsa_circ_0022080,445434,0
199704,37542,0
MIMAT0004928,9931953,0
MIMAT0004972,31703,1
MIMAT0004950,42611257,0
hsa_circ_0004934,5641,0
MIMAT0001709,3345,0
MIMAT0001285,25183872,0
MIMAT0003186,544,0
MIMAT0000574,164676,0
hsa_circ_0042451,16741,0
MIMAT0002853,4624,0
MIMAT0004229,6440495,0
101929407,3220,0
hsa_circ_0001490,3652,0
hsa_circ_0082864,42611257,0
hsa_circ_0018440,3821,0
MIMAT0000881,45266826,0
MIMAT0001631,135403648,1
MIMAT0018992,124886,0
MIMAT0000420,451668,1
MIMAT0016863,5978,1
MIMAT0009198,9898279,0
MIMAT0000130,64971,0
MIMAT0005443,38904,0
hsa_circ_0036688,5281614,0
hsa_circ_0023255,1674,0
MIMAT0019756,544,0
101928650,54675776,0
MIMAT0003301,54670067,0
26298,443586,0
MIMAT0000957,969516,0
MIMAT0000369,6468,0
6301,5394,1
hsa_circ_0059880,47289,0
389906,5280343,0
MIMAT0019689,285033,0
100144603,8490,0
MIMAT0000584,65110,0
101929901,31401,0
441666,5997,0
MIMAT0004937,1110,0
hsa_circ_0063179,638278,0
MIMAT0004597,38904,0
MIMAT0000731,5280448,0
100506465,2733,0
MIMAT0004482,3071,0
MIMAT0003738,6036,0
MIMAT0000894,10184653,0
MIMAT0035720,1983,0
158381,104842,0
MIMAT0003451,443586,0
105378992,5394,1
100073347,15625,0
MIMAT0015001,442793,0
MIMAT0014002,11626560,0
MIMAT0003228,5311,0
MIMAT0005443,455658,0
5573,56843276,0
MIMAT0003150,126941,1
MIMAT0018121,3385,1
MIMAT0004911,114900,0
100129291,442428,0
hsa_circ_0001355,24821094,0
101927541,47936,0
MIMAT0002839,1207,0
MIMAT0000226,448537,1
MIMAT0000103,210332,0
hsa_circ_0050581,6197,0
MIMAT0000646,5865,1
MIMAT0003277,91820602,1
MIMAT0014024,6167,0
MIMAT0000433,156413,0
MIMAT0004558,5291,0
MIMAT0001787,74483,1
101927750,11228183,0
hsa_circ_0069821,24180719,0
MIMAT0015036,5283344,0
MIMAT0005828,969516,0
MIMAT0001768,74483,1
MIMAT0000242,702,0
MIMAT0005595,60780,0
MIMAT0011777,24288,0
MIMAT0000659,210332,1
MIMAT0002809,42611257,0
hsa_circ_0007059,5951,0
MIMAT0000176,104741,0
MIMAT0004957,24180719,1
MIMAT0003204,5943,1
MIMAT0002849,3385,0
MIMAT0005886,9826528,0
hsa_circ_0078605,3779,0
MIMAT0003180,123631,1
100129858,1110,0
MIMAT0004797,448013,0
hsa_circ_0001386,24759,0
MIMAT0018967,5865,0
MIMAT0000369,443586,1
hsa_circ_0003251,4946,0
MIMAT0004736,285033,0
MIMAT0015336,12967,0
hsa_circ_0008952,9700,0
MIMAT0005907,89594,0
MIMAT0004514,444795,0
MIMAT0000669,25262965,0
105374104,97226,0
100033427,5394,1
MIMAT0000578,210332,1
MIMAT0006770,784,0
MIMAT0048651,5757,0
MIMAT0000759,737139,0
hsa_circ_0087564,1175,0
MIMAT0002875,6013,0
MIMAT0004801,6505803,0
MIMAT0011446,5360373,0
MIMAT0000025,16078949,0
100507468,5280445,0
hsa_circ_0005046,544,0
MIMAT0005876,41867,0
MIMAT0000064,156413,0
MIMAT0000783,3657,0
MIMAT0001883,74483,1
MIMAT0000872,3385,0
MIMAT0000239,11707110,0
hsa_circ_0005415,969516,0
MIMAT0015329,54675776,0
MIMAT0000732,31703,1
MIMAT0015195,5746,0
MIMAT0002111,37542,0
hsa_circ_0003251,222757,0
hsa_circ_0008896,1130,0
100874366,93004,0
hsa_circ_0000499,15951529,1
MIMAT0015076,5282350,0
hsa_circ_0033149,2733,0
hsa_circ_0002987,5281929,0
MIMAT0015078,49803145,0
100129310,65348,0
101929397,54680783,0
101927761,3117,0
8452,56843276,0
100379249,60838,0
MIMAT0000076,3763,1
hsa_circ_0008044,9931953,0
MIMAT0000414,31703,1
344462,5284583,0
hsa_circ_0000519,164676,0
MIMAT0015327,222757,0
MIMAT0003308,36462,1
MIMAT0005279,60953,0
hsa_circ_0036391,5865,0
MIMAT0015158,24268,1
MIMAT0015069,5881,0
100128054,5352624,0
101929901,56843276,0
1407,6857599,1
hsa_circ_0065871,216345,0
MIMAT0001045,15,0
MIMAT0005929,60750,1
MIMAT0000440,54671203,0
MIMAT0000097,5460341,0
653677,6013,0
MIMAT0001882,5746,0
MIMAT0000382,12967,1
108570035,712,0
MIMAT0003393,712,1
hsa_circ_0007312,241,0
51530,636397,0
MIMAT0004687,3220,0
MIMAT0015347,702,0
9641,6857599,1
MIMAT0000758,107985,0
MIMAT0014990,11226684,0
hsa_circ_0007551,24268,0
MIMAT0000225,2733526,1
MIMAT0003189,5361,0
MIMAT0015348,9700,0
728463,1548943,0
MIMAT0000425,5459308,0
MIMAT0025412,24978538,0
MIMAT0001823,45266826,0
hsa_circ_0003511,13342,0
100506207,122634,0
hsa_circ_0022382,5281929,0
503637,5280795,0
hsa_circ_0003183,23725625,0
100499489,9931953,0
MIMAT0000257,2733526,1
MIMAT0000770,108065,1
389634,24268,0
MIMAT0017950,47936,0
MIMAT0004763,2733526,0
MIMAT0000519,3821,0
MIMAT0001639,119307,0
MIMAT0000555,108065,1
MIMAT0005797,11433190,0
hsa_circ_0000516,2578,0
hsa_circ_0072387,5459308,0
101927761,5283344,0
hsa_circ_0004596,15951529,1
MIMAT0003249,72301,0
MIMAT0003338,5311,1
100048912,3385,1
hsa_circ_0078605,5280448,0
MIMAT0000665,176870,0
MIMAT0019934,97226,0
hsa_circ_0000614,3397,0
MIMAT0006700,5281708,0
hsa_circ_0000339,6410,0
hsa_circ_0002078,5755,0
MIMAT0003255,31703,1
56997,30323,0
51427,2520,0
MIMAT0000756,176870,1
MIMAT0000267,439260,0
MIMAT0000209,2336,0
MIMAT0004805,5310940,1
MIMAT0000815,9931953,0
hsa_circ_0082140,638278,0
MIMAT0003279,41867,0
MIMAT0000429,3220,1
MIMAT0000146,24978538,0
hsa_circ_0001278,3345,0
hsa_circ_0063305,65348,0
hsa_circ_0017449,712,0
MIMAT0004534,3652,0
MIMAT0000372,60750,1
hsa_circ_0003748,216345,0
hsa_circ_0020354,65348,0
MIMAT0004799,2520,1
MIMAT0002884,14403,0
MIMAT0018927,3488,0
hsa_circ_0001667,25183872,0
MIMAT0015022,31703,1
MIMAT0001538,104741,0
MIMAT0019776,5743,0
MIMAT0000561,47725,0
100033417,54680783,0
MIMAT0000727,6106,0
hsa_circ_0004271,65348,0
MIMAT0000727,5816,0
MIMAT0015338,122724,0
108570035,442793,0
100129858,2907,0
MIMAT0000833,5460341,0
hsa_circ_0084606,46843772,0
MIMAT0000818,8490,0
MIMAT0000420,91466,0
hsa_circ_0001440,44631912,0
MIMAT0015025,28486,0
hsa_circ_0006913,6036,0
MIMAT0001271,37542,0
MIMAT0000711,3386,0
MIMAT0000140,6089,0
hsa_circ_0068465,24288,0
MIMAT0005871,44631912,0
MIMAT0000069,387447,1
MIMAT0004955,210332,0
hsa_circ_0091419,60606,0
MIMAT0001729,9826528,0
MIMAT0004920,2520,1
MIMAT0001722,91466,0
MIMAT0005285,5994,0
MIMAT0004977,148124,0
MIMAT0000589,148124,0
hsa_circ_0088485,3117,0
111216282,9700,0
101927489,60852,0
hsa_circ_0008242,162282,0
hsa_circ_0006884,91820602,0
MIMAT0018081,445154,0
hsa_circ_0001545,25262965,0
100128675,1207,0
MIMAT0004623,9931953,0
hsa_circ_0001235,1674,0
MIMAT0004825,65064,0
MIMAT0004858,5284373,0
100505832,5394,1
MIMAT0015340,65110,0
MIMAT0000065,446220,1
MIMAT0001283,74483,1
MIMAT0002816,644241,0
hsa_circ_0003505,636397,0
MIMAT0003219,31703,1
MIMAT0003734,164676,0
MIMAT0003945,5816,0
hsa_circ_0015494,5280896,0
MIMAT0000446,123596,0
MIMAT0005583,21109,0
MIMAT0001629,11226684,0
MIMAT0004773,443586,0
hsa_circ_0000963,15951529,1
MIMAT0004284,5310940,1
MIMAT0016901,10836,0
MIMAT0019055,31401,0
hsa_circ_0059216,162282,0
hsa_circ_0006117,5206,0
MIMAT0000101,23939,0
MIMAT0005949,16197265,0
MIMAT0016916,3397,0
414243,644241,0
MIMAT0000756,2520,0
MIMAT0001817,5283344,0
MIMAT0004748,5288826,1
MIMAT0000688,36314,1
MIMAT0015343,45266826,0
105379054,3062316,0
hsa_circ_0022392,9915743,0
hsa_circ_0000813,5280427,0
MIMAT0002811,97226,0
hsa_circ_0030724,138374198,0
MIMAT0000455,11626560,0
MIMAT0018945,31703,1
hsa_circ_0000102,5284616,0
MIMAT0003299,444732,0
MIMAT0004237,60953,0
hsa_circ_0002259,3007,0
MIMAT0000065,23939,0
MIMAT0000221,8490,1
101927761,60700,0
MIMAT0001369,216239,0
MIMAT0004595,5280453,1
MIMAT0002104,6197,0
MIMAT0000611,6857599,0
hsa_circ_0063623,15951529,1
MIMAT0002838,216239,0
hsa_circ_0050580,5212,0
646576,11226684,0
MIMAT0000256,5743,1
hsa_circ_0001573,5816,0
MIMAT0003161,31703,1
MIMAT0000761,13342,0
hsa_circ_0002965,4641,0
MIMAT0000760,31703,1
MIMAT0001759,171548,0
MIMAT0003513,171548,0
MIMAT0000227,10621,1
hsa_circ_0061260,5310940,0
MIMAT0000860,3488,0
MIMAT0000187,119104,0
MIMAT0004528,23973,0
100506783,261004,0
MIMAT0000535,5073,0
MIMAT0000457,3345,0
105221694,36462,0
hsa_circ_0080212,2662,0
MIMAT0000104,5789,0
MIMAT0003474,24821094,0
MIMAT0005322,5281708,0
MIMAT0000673,104746,0
MIMAT0002178,30323,0
MIMAT0003218,439260,0
MIMAT0019758,444795,0
MIMAT0017016,42113,0
MIMAT0015085,4891,0
hsa_circ_0000673,123596,0
MIMAT0015078,37542,0
MIMAT0000790,5288826,0
MIMAT0019903,60750,1
MIMAT0000432,2520,1
MIMAT0000072,5865,1
MIMAT0004497,16132265,0
MIMAT0000817,24288,0
101928161,6440495,0
MIMAT0000755,790,0
MIMAT0000449,5865,1
MIMAT0000436,15951529,0
112267897,43815,0
MIMAT0015322,5460341,0
MIMAT0003491,9931953,0
MIMAT0004486,3397,0
MIMAT0001546,24360,0
MIMAT0019916,5283344,0
MIMAT0005322,5881,0
MIMAT0000279,60750,1
100240735,28486,0
hsa_circ_0049462,6442177,0
MIMAT0000086,3385,1
MIMAT0005584,47725,1
MIMAT0000710,6468,0
MIMAT0048134,3657,0
MIMAT0000187,443586,0
102723354,5206,0
MIMAT0000097,3385,1
MIMAT0004979,4095,0
MIMAT0002866,2520,1
MIMAT0001080,442428,1
MIMAT0004913,73581,0
MIMAT0002852,3385,1
MIMAT0004939,441074,0
MIMAT0018443,1832,0
MIMAT0019953,60750,1
MIMAT0003301,60750,1
MIMAT0016920,5222465,0
MIMAT0000447,460612,0
51560,5310940,0
MIMAT0000854,122634,0
23612,4763,0
100507500,6076,0
MIMAT0003382,5997,0
MIMAT0000869,25183872,0
MIMAT0015336,123865,0
MIMAT0000462,216239,1
MIMAT0014928,16197265,0
MIMAT0000271,5978,1
MIMAT0005921,60823,1
MIMAT0015037,6505803,0
MIMAT0004978,31703,1
MIMAT0002824,452548,0
101928307,4158,0
MIMAT0001852,23973,0
MIMAT0004913,65348,0
MIMAT0002848,3019,0
MIMAT0007887,5311,0
MIMAT0019695,148124,0
MIMAT0011432,89594,1
MIMAT0003329,10635,0
MIMAT0000164,702,1
hsa_circ_0084606,285033,0
MIMAT0000379,5360373,0
MIMAT0003461,30323,0
MIMAT0000437,119307,0
MIMAT0000746,445580,0
MIMAT0004813,2733,0
MIMAT0004840,3690,0
101927482,445580,0
102724434,11707110,0
MIMAT0004876,8029,0
MIMAT0000732,14888,1
MIMAT0004552,104746,0
hsa_circ_0000336,5950,0
hsa_circ_0022383,3006531,0
MIMAT0004495,3397,0
MIMAT0003731,6076,0
641638,9826528,0
MIMAT0005902,28486,0
MIMAT0000791,31101,0
MIMAT0019721,3117,0
64002,36314,0
MIMAT0002819,60750,1
MIMAT0004609,3385,1
MIMAT0000441,30323,1
MIMAT0004790,5280453,0
9489,5978,1
hsa_circ_0002153,17754356,0
MIMAT0002846,24821094,0
MIMAT0004573,10184653,0
MIMAT0001273,47289,0
MIMAT0004514,448537,0
MIMAT0000603,114900,0
988,122634,0
100128675,5394,1
MIMAT0016915,29327,0
hsa_circ_0003550,37542,0
652995,5394,1
MIMAT0000752,4212,1
MIMAT0017015,5310940,0
MIMAT0000387,2907,0
29940,253602,0
MIMAT0003180,36462,1
hsa_circ_0040786,6037,0
MIMAT0000669,31703,1
MIMAT0004882,8378,0
MIMAT0000704,2733526,1
100507217,5394,1
MIMAT0000536,1832,0
MIMAT0003163,2520,1
hsa_circ_0049627,3385,0
MIMAT0003741,2520,0
hsa_circ_0002761,5816,0
MIMAT0000646,5311,1
MIMAT0000803,285033,0
MIMAT0018194,5994,0
hsa_circ_0019591,25244711,0
MIMAT0019075,790,0
hsa_circ_0063575,3397,0
MIMAT0001630,6623,0
hsa_circ_0087862,3117,0
MIMAT0003885,444254,0
MIMAT0000612,126941,0
645954,3103,0
MIMAT0003328,3019,0
MIMAT0004903,2733,0
101927391,9700,0
hsa_circ_0059910,9898279,0
MIMAT0000082,119104,0
101928307,441074,0
MIMAT0018078,23973,0
hsa_circ_0008618,6410,0
MIMAT0000860,16132265,1
MIMAT0005824,5310940,1
MIMAT0000743,3117,0
hsa_circ_0005418,54671203,0
MIMAT0011162,54670067,1
MIMAT0001779,1175,0
MIMAT0000439,2520,1
MIMAT0003276,2767,1
684959,4033,0
MIMAT0004187,24497,0
MIMAT0000414,2733,0
56997,3657,0
100288798,5994,0
MIMAT0003235,5793,1
MIMAT0003740,5280951,0
MIMAT0000124,442972,0
401898,42611257,0
115804232,5361,0
hsa_circ_0001689,42113,0
MIMAT0019778,241,0
MIMAT0000540,107985,0
hsa_circ_0061107,15,0
101929427,6197,0
MIMAT0002822,2733526,1
MIMAT0000618,119104,0
MIMAT0000096,3397,0
hsa_circ_0004964,15951529,1
MIMAT0000070,3062316,1
hsa_circ_0001449,2733526,0
MIMAT0001625,60700,1
MIMAT0003728,60953,0
MIMAT0000722,2520,1
100073347,16741,0
MIMAT0002854,46843772,0
101927750,2733526,0
100144602,21109,0
100126793,5281614,0
100873998,544,0
MIMAT0004604,45266826,0
hsa_circ_0088681,2767,0
MIMAT0019979,3385,0
MIMAT0015344,24268,1
MIMAT0000243,5318517,0
MIMAT0019022,5641,0
MIMAT0000138,21633059,0
MIMAT0004896,28486,0
663,11556711,0
MIMAT0002177,43815,1
MIMAT0018185,6468,0
MIMAT0001546,6013,0
MIMAT0004925,5310940,1
MIMAT0019984,6623,0
hsa_circ_0084606,1673,0
MIMAT0005900,16197265,0
MIMAT0000684,9064,1
101929023,241,0
MIMAT0002805,2767,1
100996259,445580,0
MIMAT0002844,2733526,1
56997,148124,0
hsa_circ_0000471,56842234,0
103344930,5394,1
MIMAT0003467,6623,0
MIMAT0005439,36462,0
MIMAT0007400,104741,0
MIMAT0001792,439260,0
MIMAT0004646,2733,0
MIMAT0000511,25262965,0
MIMAT0014006,451668,0
100130581,5280795,0
hsa_circ_0046263,2733526,0
MIMAT0002176,5978,1
hsa_circ_0009357,5381226,0
MIMAT0000707,148124,1
101928399,138374198,0
MIMAT0000764,148124,1
MIMAT0000368,265237,0
MIMAT0014817,6115,0
MIMAT0015157,3690,0
MIMAT0001816,5281708,0
MIMAT0000782,444254,1
MIMAT0000802,42113,0
MIMAT0004536,60606,0
MIMAT0005799,216345,0
hsa_circ_0002782,24288,0
MIMAT0001830,17754356,0
MIMAT0004528,126941,0
MIMAT0000097,2375,1
MIMAT0015024,65015,0
MIMAT0035719,31703,1
MIMAT0018085,21109,0
100126799,5359268,0
MIMAT0005315,4946,1
MIMAT0003213,5943,1
MIMAT0000380,9064,1
MIMAT0003381,3062316,0
100499467,5394,1
hsa_circ_0000963,441074,0
MIMAT0000123,10621,1
100132103,47725,0
MIMAT0000751,47318,0
2059,2353,0
MIMAT0004807,2733526,0
MIMAT0015001,3397,0
MIMAT0005950,5310940,1
hsa_circ_0045862,64971,0
MIMAT0000798,5793,0
MIMAT0004238,60953,0
hsa_circ_0069980,460612,0
MIMAT0005907,25262965,0
MIMAT0018185,6037,0
MIMAT0002823,1176,0
574029,5284616,0
ENSG00000255237,5757,0
hsa_circ_0009043,5280795,0
MIMAT0005336,3657,0
MIMAT0000800,5743,1
MIMAT0000754,448537,1
MIMAT0001532,41867,1
MIMAT0001412,31703,1
hsa_circ_0006239,5757,0
hsa_circ_0079048,15951529,1
hsa_circ_0039216,15,0
MIMAT0000250,9826528,1
MIMAT0003319,636397,0
MIMAT0014004,24268,1
105374104,5394,1
hsa_circ_0003201,265237,0
MIMAT0024618,6410,0
644649,5282350,0
100129662,442428,0
MIMAT0000821,6918289,0
MIMAT0018988,444795,0
MIMAT0004673,56649450,0
hsa_circ_0083530,712,0
MIMAT0013992,5951,0
hsa_circ_0080576,667639,0
100996259,24360,0
5573,8490,0
MIMAT0004538,93004,0
MIMAT0019839,444795,0
100132707,5793,0
MIMAT0000544,3397,0
MIMAT0024890,969516,0
105221694,29327,0
MIMAT0001367,10836,0
100144596,5394,1
MIMAT0000209,44631912,0
100505832,3101,0
MIMAT0001835,54680783,1
MIMAT0003225,5206,0
MIMAT0000743,5361,0
MIMAT0000240,790,0
MIMAT0000155,3821,0
MIMAT0004985,9064,0
hsa_circ_0044556,5288209,0
hsa_circ_0000525,3657,0
101928287,5793,0
643827,71496458,0
MIMAT0000681,148124,1
51560,208908,0
MIMAT0001773,216345,0
MIMAT0000255,442793,0
hsa_circ_0002755,119307,0
MIMAT0000205,702,0
646626,104741,0
MIMAT0000732,3220,0
646201,5789,0
MIMAT0004694,47725,0
MIMAT0003280,5978,1
MIMAT0000153,4763,0
MIMAT0018000,36314,1
MIMAT0005588,24978538,1
23015,441074,0
MIMAT0003318,445154,0
100533789,5394,1
hsa_circ_0001450,15951529,1
100130700,24759,0
MIMAT0000443,156413,0
hsa_circ_0087063,8378,0
MIMAT0004828,31703,1
MIMAT0003307,5281614,0
MIMAT0000098,36314,1
100131067,1207,0
MIMAT0004987,107985,0
MIMAT0000791,38904,0
MIMAT0000159,6076,0
MIMAT0003326,47725,1
101927931,636397,0
MIMAT0000266,6013,0
MIMAT0000825,10635,0
MIMAT0001339,16132265,0
7079,6857599,1
MIMAT0018361,11226684,0
112935969,5281004,0
MIMAT0001087,15951529,0
hsa_circ_0087293,97226,0
102723883,11228183,0
MIMAT0004546,5280427,0
hsa_circ_0084606,2236,0
MIMAT0019765,1110,0
MIMAT0004503,442428,1
MIMAT0004806,4091,0
MIMAT0000264,3385,1
MIMAT0004531,104746,0
646626,5291,0
100874043,29327,0
hsa_circ_0045234,3385,0
MIMAT0019758,145858,0
MIMAT0015019,47289,0
101929407,56649450,0
hsa_circ_0055943,15951529,1
MIMAT0000727,969516,1
MIMAT0000455,657237,0
MIMAT0003251,29327,0
hsa_circ_0008001,3657,0
54436,5280448,0
MIMAT0000161,462382,0
23410,5359268,0
MIMAT0000802,4829,1
100507466,5757,0
MIMAT0003184,5790,0
hsa_circ_0047818,442972,0
101928416,11953817,0
hsa_circ_0087564,15951529,1
MIMAT0018001,122724,0
hsa_circ_0089371,3103,0
MIMAT0025412,5280453,0
MIMAT0000674,2244,0
MIMAT0000299,5462222,0
MIMAT0000774,6076,0
25859,5035,0
27242,265237,0
MIMAT0015174,216326,0
728374,5280343,0
MIMAT0004595,97226,1
MIMAT0019019,60750,1
MIMAT0001342,5280445,0
MIMAT0004957,2767,1
100505532,9804992,0
MIMAT0006789,47725,0
MIMAT0000189,667639,0
MIMAT0019757,91820602,0
MIMAT0014004,5959,0
hsa_circ_0092289,6041,0
MIMAT0000646,4891,1
MIMAT0003886,31703,1
hsa_circ_0092315,5757,0
hsa_circ_0074595,54670067,0
29108,444732,0
MIMAT0003238,65110,0
MIMAT0016907,119307,1
MIMAT0004643,6410,0
MIMAT0003263,3101,0
hsa_circ_0063577,108065,0
MIMAT0003280,2336,0
MIMAT0002822,5641,0
MIMAT0004694,5793,1
MIMAT0000860,49803145,0
MIMAT0003731,108065,1
hsa_circ_0000499,60852,0
MIMAT0001809,2662,0
hsa_circ_0000102,6442177,0
MIMAT0000728,441074,0
MIMAT0018097,6001,0
MIMAT0003497,6253,0
MIMAT0000752,65110,0
100996266,446220,0
MIMAT0005892,5310940,1
100874284,5394,1
MIMAT0018992,5280445,0
MIMAT0003182,4212,0
MIMAT0001783,49803145,0
MIMAT0000884,5816,0
hsa_circ_0002976,6036,0
100505648,6410,0
hsa_circ_0000407,222528,0
hsa_circ_0030998,24360,0
hsa_circ_0091419,712,0
MIMAT0000078,4091,1
MIMAT0003233,216239,1
MIMAT0002830,439530,0
hsa_circ_0005655,441074,0
MIMAT0004983,10635,1
MIMAT0014003,3117,0
MIMAT0016863,41867,0
MIMAT0000883,11556711,0
hsa_circ_0038090,5462222,0
10298,114900,0
hsa_circ_0006382,6037,0
MIMAT0000555,2733526,1
MIMAT0003499,36462,0
hsa_circ_0009456,97226,0
MIMAT0003898,9898279,0
MIMAT0001425,45266826,0
MIMAT0000645,11433190,0
MIMAT0000566,4091,0
100505994,5394,1
MIMAT0000253,54675776,0
MIMAT0003235,5212,0
hsa_circ_0008359,162282,0
MIMAT0004500,60700,0
MIMAT0000417,5280795,1
197187,5460341,0
MIMAT0001705,4943,0
101928710,5394,1
MIMAT0002881,3961,0
158381,91820602,0
286150,24821094,0
MIMAT0019776,60750,1
MIMAT0003452,443586,1
440925,3229,0
MIMAT0001876,56843276,0
MIMAT0000440,41867,0
MIMAT0018204,11556711,0
100128054,1548943,0
MIMAT0005860,119104,0
101927391,261000,0
MIMAT0000091,448537,1
MIMAT0003227,28486,0
105374104,5746,0
hsa_circ_0000407,446220,0
MIMAT0000447,54670067,1
MIMAT0004902,126941,0
MIMAT0000091,2520,1
MIMAT0003235,148124,0
MIMAT0004519,8029,0
MIMAT0003049,241,0
MIMAT0000671,446220,0
MIMAT0000612,37542,0
9774,285033,0
MIMAT0000606,91466,0
hsa_circ_0005721,46843772,0
MIMAT0001730,93004,0
MIMAT0004623,44259,0
MIMAT0000070,25183872,0
hsa_circ_0015494,3071,0
MIMAT0000639,5280360,0
hsa_circ_0009456,449171,0
MIMAT0000721,60852,0
hsa_circ_0005354,60953,0
MIMAT0000531,91820602,0
MIMAT0017983,16741,0
MIMAT0005572,54670067,1
MIMAT0005322,3397,0
MIMAT0012852,6115,0
MIMAT0001536,21109,0
MIMAT0004481,60953,0
MIMAT0003459,164676,0
hsa_circ_0078150,3690,0
hsa_circ_0017695,3385,0
100996732,3779,0
54660,11626560,0
100873998,5288826,0
hsa_circ_0001847,6036,0
MIMAT0000610,229455,0
MIMAT0016907,4091,0
hsa_circ_0007006,216239,0
hsa_circ_0072567,72304,0
MIMAT0003326,107985,0
hsa_circ_0066290,636397,0
MIMAT0000753,36314,1
MIMAT0016858,5757,0
hsa_circ_0072387,25183872,0
MIMAT0014003,3821,0
MIMAT0003477,8378,0
MIMAT0019815,460612,0
MIMAT0000128,2578,0
MIMAT0014979,72304,0
100303491,138374198,0
MIMAT0018932,6115,0
MIMAT0001341,29327,0
hsa_circ_0085616,5291,0
MIMAT0015097,89594,1
MIMAT0002839,5281708,0
MIMAT0000048,11635763,0
6093,156413,0
MIMAT0000264,148124,1
MIMAT0000240,5318517,0
MIMAT0002872,5280445,0
MIMAT0004770,6440495,0
105375401,6167,0
MIMAT0000069,2336,1
MIMAT0002870,3652,0
100129029,265237,0
hsa_circ_0019088,445858,0
MIMAT0000100,47725,0
MIMAT0000098,712,1
MIMAT0000274,2767,1
hsa_circ_0003643,4033,0
2310,3385,0
MIMAT0000693,444254,0
MIMAT0000565,210332,1
MIMAT0003728,969516,1
MIMAT0005279,222757,0
hsa_circ_0017077,65348,0
MIMAT0004925,24978538,1
MIMAT0003464,9931953,0
MIMAT0000212,443586,1
101927592,5394,1
MIMAT0000802,6440495,1
MIMAT0000882,985,0
MIMAT0000189,24497,0
MIMAT0019963,3103,0
MIMAT0000654,241,0
hsa_circ_0059665,60823,0
641638,12967,0
MIMAT0015000,11635763,0
MIMAT0001735,2733526,0
MIMAT0004324,123631,0
MIMAT0003381,2578,0
MIMAT0002837,36462,1
27004,123631,0
hsa_circ_0007769,2733526,0
MIMAT0003165,23973,0
103752588,5394,1
MIMAT0000688,5280360,0
hsa_circ_0048956,43815,0
MIMAT0001867,9915743,0
MIMAT0019835,446220,0
MIMAT0015136,3007,0
286150,60750,0
MIMAT0004675,135403648,0
MIMAT0026620,5035,0
MIMAT0000078,5288826,1
hsa_circ_0087357,5281929,0
MIMAT0002177,5978,1
MIMAT0000276,6036,0
MIMAT0000298,60700,0
hsa_circ_0092329,460612,0
101929059,119307,0
MIMAT0000051,176870,0
100131874,5280896,0
MIMAT0005826,73581,0
hsa_circ_0063158,77999,0
MIMAT0000430,5281614,0
103752587,91466,0
MIMAT0004921,1548943,0
MIMAT0000521,5281004,1
100033413,11626560,0
101927352,5755,0
MIMAT0000415,16741,0
MIMAT0000088,24978538,0
MIMAT0000685,5283344,0
MIMAT0000867,13342,0
MIMAT0000837,702,0
MIMAT0001081,5280795,0
hsa_circ_0000206,3103,0
MIMAT0000063,119104,0
MIMAT0001780,5459308,0
MIMAT0004810,54670067,1
29108,5281614,0
MIMAT0004496,60838,1
MIMAT0000858,24180719,0
MIMAT0015158,444795,0
MIMAT0000674,4095,0
hsa_circ_0000520,3385,0
3169,60700,0
MIMAT0003333,6410,0
hsa_circ_0082864,442793,0
hsa_circ_0004058,119307,0
MIMAT0014817,5997,0
MIMAT0001852,6106,0
101927750,445858,0
MIMAT0000070,6115,0
hsa_circ_0004254,2187,0
MIMAT0000973,4624,0
MIMAT0003335,444732,1
MIMAT0015164,3345,0
MIMAT0004584,222757,0
102800310,3496,0
MIMAT0004661,91466,0
MIMAT0011462,73581,0
MIMAT0000224,8490,1
MIMAT0002016,3229,0
MIMAT0002170,5281811,0
MIMAT0000784,216326,0
hsa_circ_0000326,241,0
MIMAT0015165,5641,0
MIMAT0003274,74483,0
hsa_circ_0079166,126941,0
MIMAT0002840,89594,0
MIMAT0003500,439260,0
MIMAT0002820,3385,1
MIMAT0000131,210332,1
MIMAT0004661,5381226,0
MIMAT0000255,6857599,1
hsa_circ_0012673,9700,0
hsa_circ_0057948,171548,0
100505648,210332,0
MIMAT0002172,123865,0
MIMAT0003266,3961,0
55000,1673,0
hsa_circ_0002755,3101,0
hsa_circ_0001646,30323,0
MIMAT0003380,3488,0
hsa_circ_0038366,4943,0
MIMAT0000519,65348,0
MIMAT0001279,5206,0
MIMAT0006765,24497,0
hsa_circ_0000907,15951529,1
MIMAT0000722,2767,1
10517,91466,0
MIMAT0000552,5284583,0
MIMAT0004660,241,0
MIMAT0003285,444795,0
100128398,1983,0
MIMAT0003297,448537,0
hsa_circ_0092289,712,0
101929467,24759,0
MIMAT0003511,3386,0
105373984,91820602,0
MIMAT0002881,65064,0
101929023,10184653,0
hsa_circ_0001829,5997,0
MIMAT0004185,3386,0
MIMAT0004949,65110,0
9489,10836,0
MIMAT0000562,6918289,0
MIMAT0001538,8029,1
MIMAT0000859,60700,0
MIMAT0019920,21633059,0
51530,222528,0
MIMAT0004702,97226,0
7040,25244711,0
MIMAT0014999,6253,0
MIMAT0005850,3006531,0
285548,5394,1
100499177,445154,0
hsa_circ_0045219,784,0
MIMAT0000433,241,1
MIMAT0000154,5284583,1
MIMAT0019718,119307,0
440993,6115,0
MIMAT0015064,74483,0
5970,4212,0
MIMAT0000176,47725,0
MIMAT0000894,4033,0
hsa_circ_0000648,445580,0
MIMAT0004626,3690,0
54436,24497,0
MIMAT0000765,31703,1
MIMAT0004650,3779,1
MIMAT0005871,2733526,0
MIMAT0009977,784,0
hsa_circ_0000370,2733,0
101927352,15939,0
101927489,5394,1
25855,737139,0
hsa_circ_0086694,1674,0
MIMAT0000725,43815,0
MIMAT0019022,36314,0
MIMAT0011446,216239,0
100302650,14403,0
MIMAT0000445,5311,1
MIMAT0000438,6623,0
100506368,5281004,0
MIMAT0000440,253602,0
MIMAT0000100,7222,0
MIMAT0000934,216239,0
hsa_circ_0007148,2336,0
MIMAT0000840,667639,0
MIMAT0004926,36462,1
MIMAT0000318,31703,1
MIMAT0000220,3345,1
MIMAT0003204,3386,0
391267,44259,0
MIMAT0000080,126941,1
MIMAT0000661,443586,0
hsa_circ_0018440,737139,0
MIMAT0004758,441074,0
51427,6037,0
MIMAT0000416,36314,1
hsa_circ_0002130,444795,0
MIMAT0001341,5757,1
MIMAT0003881,4624,1
MIMAT0004587,54671203,0
MIMAT0000252,784,0
MIMAT0000064,93004,0
hsa_circ_0001311,6115,0
MIMAT0000423,156413,0
MIMAT0018080,47936,0
MIMAT0009391,443586,1
MIMAT0003264,460612,0
MIMAT0017417,444732,1
MIMAT0003470,60838,0
MIMAT0005318,4763,0
MIMAT0004603,64971,0
MIMAT0015143,47936,0
MIMAT0000101,65015,0
100507629,712,0
MIMAT0000552,126941,0
101928931,5394,1
102724105,24759,0
MIMAT0019963,5816,0
hsa_circ_0020354,6106,0
hsa_circ_0001880,6279,0
MIMAT0004956,45266826,0
MIMAT0004216,65348,0
619455,5222465,0
MIMAT0001372,45266826,0
105378992,5280427,0
MIMAT0000661,442428,1
MIMAT0005340,77999,0
101929655,46843772,0
MIMAT0004324,6857599,0
MIMAT0000051,5459308,0
MIMAT0015190,451668,0
MIMAT0000545,47289,0
MIMAT0018361,64971,0
100506930,119307,0
MIMAT0019903,445434,0
101929395,7222,0
106481742,667639,0
643977,667639,0
MIMAT0002111,5280445,0
MIMAT0019074,11626560,0
MIMAT0000166,11626560,0
MIMAT0000232,969516,1
MIMAT0002843,2520,1
hsa_circ_0026143,11707110,0
MIMAT0004586,24180719,0
MIMAT0003388,14403,0
MIMAT0002882,5280453,1
MIMAT0004790,60838,0
11080,3028194,0
MIMAT0004607,24821094,0
MIMAT0000887,451668,0
MIMAT0000200,5288209,0
hsa_circ_0019591,15951529,1
100190938,5793,0
MIMAT0005633,23973,0
MIMAT0000078,91466,0
101927352,5352624,0
MIMAT0004738,60198,0
MIMAT0000770,265237,0
101927391,3062316,0
MIMAT0003291,11433190,0
MIMAT0004846,60198,0
MIMAT0003270,442428,0
9383,442972,0
hsa_circ_0043632,5943,0
101929655,171548,0
MIMAT0000728,444795,1
hsa_circ_0003247,449171,0
hsa_circ_0000192,460612,0
MIMAT0000690,5329102,1
MIMAT0004736,24180719,0
hsa_circ_0038138,208908,0
100505865,91466,0
MIMAT0001701,10184653,0
hsa_circ_0005418,4891,0
MIMAT0001748,65110,0
MIMAT0000078,6279,1
MIMAT0000263,5283344,1
MIMAT0004667,2733526,1
hsa_circ_0001851,5281004,0
MIMAT0000731,60852,0
MIMAT0012822,9915743,0
MIMAT0000459,439260,0
MIMAT0000428,119307,1
MIMAT0002853,444732,0
344887,2733,0
MIMAT0019027,108065,0
104644205,442972,0
MIMAT0001825,445434,0
5573,8029,0
hsa_circ_0001646,6410,0
MIMAT0000692,3763,0
MIMAT0003380,6106,0
MIMAT0004838,443586,1
100128386,5394,1
hsa_circ_0000042,23973,0
MIMAT0000425,5994,1
hsa_circ_0000075,30323,0
MIMAT0015319,9576410,0
hsa_circ_0023685,896,0
100506844,5978,1
MIMAT0000762,2051,0
hsa_circ_0004771,4091,0
MIMAT0019775,4763,0
hsa_circ_0048695,2907,0
MIMAT0000671,47318,0
MIMAT0000828,9949648,0
hsa_circ_0074930,1548943,0
hsa_circ_0003438,47318,0
MIMAT0019876,16197265,0
MIMAT0000082,712,1
MIMAT0000440,5280795,1
MIMAT0001849,4158,0
MIMAT0025580,2336,0
MIMAT0004695,5311,1
hsa_circ_0058192,6279,0
MIMAT0003767,9931953,0
2149,41867,0
MIMAT0003163,5743,0
100144602,3101,0
MIMAT0000101,6041,0
hsa_circ_0002402,64971,0
339005,5280360,0
hsa_circ_0062163,15951529,1
MIMAT0003248,3652,0
MIMAT0000219,5950,0
hsa_circ_0030999,9826528,0
hsa_circ_0005974,2995,0
hsa_circ_0002168,104746,0
100874375,5394,1
hsa_circ_0034682,5459308,0
MIMAT0000226,21109,0
MIMAT0004976,47318,0
MIMAT0001285,6918837,0
MIMAT0004672,2767,1
MIMAT0004775,444732,0
MIMAT0003500,5361,0
MIMAT0018356,42611257,0
100506866,36462,0
MIMAT0000735,44631912,0
MIMAT0004867,5281929,0
MIMAT0000427,5359268,0
MIMAT0005870,445858,0
MIMAT0000381,23725625,0
hsa_circ_0000818,2723601,0
MIMAT0015158,93004,0
MIMAT0020976,97226,0
hsa_circ_0069821,15951529,1
MIMAT0002868,10836,0
hsa_circ_0006131,441074,0
hsa_circ_0066556,3690,0
hsa_circ_0002965,15951529,1
hsa_circ_0031288,1548943,0
MIMAT0003513,737139,0
MIMAT0001794,5743,0
MIMAT0004828,448013,0
23410,638278,0
hsa_circ_0019591,15625,0
102724927,446220,0
hsa_circ_0042435,5280951,0
hsa_circ_0009654,5280961,0
hsa_circ_0004636,44631912,0
MIMAT0000517,445154,0
hsa_circ_0006117,97226,0
MIMAT0000616,3496,0
MIMAT0000243,6857599,1
103752587,689043,0
hsa_circ_0003484,2236,0
MIMAT0000524,9931953,0
338005,6918837,0
MIMAT0024890,44631912,0
hsa_circ_0000287,25183872,0
MIMAT0018083,444254,0
MIMAT0004800,138374198,0
MIMAT0015157,2907,0
MIMAT0000517,60823,0
MIMAT0000719,5997,0
hsa_circ_0009732,15951529,1
MIMAT0001784,25244711,0
hsa_circ_0061346,5746,0
hsa_circ_0005655,2733526,0
MIMAT0003948,60823,1
MIMAT0000748,3220,0
645682,5978,0
27004,2578,0
MIMAT0000387,3062316,0
MIMAT0004825,8490,1
MIMAT0005327,5035,0
MIMAT0004826,89594,0
MIMAT0000048,9700,0
hsa_circ_0003201,11433190,0
MIMAT0004238,42890,0
MIMAT0003252,4946,0
MIMAT0000691,448537,1
hsa_circ_0022080,65348,0
MIMAT0004586,11707110,0
105377105,104741,0
MIMAT0002856,702,0
hsa_circ_0002303,31401,0
56997,6857599,1
hsa_circ_0025135,4095,0
hsa_circ_0023115,11556711,0
MIMAT0000198,241,0
MIMAT0004587,4095,0
MIMAT0018104,2236,0
MIMAT0000380,439260,0
MIMAT0002061,5280896,1
MIMAT0001063,2187,0
MIMAT0000837,3062316,0
MIMAT0001631,5743,1
105374631,2353,0
MIMAT0000448,42113,0
MIMAT0000799,4641,0
MIMAT0003122,5865,0
MIMAT0000367,2907,0
hsa_circ_0032825,148124,0
MIMAT0000703,44259,0
hsa_circ_0023404,3121,0
hsa_circ_0005721,2767,1
hsa_circ_0002955,23973,0
MIMAT0001545,60750,1
102724571,31703,0
MIMAT0003302,1548943,0
MIMAT0003273,36314,1
440993,1175,0
MIMAT0000245,3103,0
100130392,460612,0
MIMAT0000551,5281004,1
MIMAT0000220,5394,0
MIMAT0000100,5994,1
MIMAT0003290,210332,0
MIMAT0003202,446220,0
MIMAT0015143,462382,0
644919,4212,0
MIMAT0000421,9898279,0
hsa_circ_0000746,16197265,0
MIMAT0017993,97226,0
hsa_circ_0003602,10184653,0
101927574,15951529,0
MIMAT0003199,5288209,0
hsa_circ_0037511,25262965,0
4976,25262965,0
MIMAT0000934,2733526,0
hsa_circ_0044556,5793,0
MIMAT0000544,210332,1
hsa_circ_0023404,15951529,1
MIMAT0004693,896,0
MIMAT0000646,36314,1
hsa_circ_0005086,446556,0
MIMAT0000216,9898279,0
MIMAT0000226,2733526,1
645682,6468,0
643911,24978538,0
MIMAT0000934,14888,0
MIMAT0004614,1674,0
MIMAT0001388,3117,0
100033427,28486,0
MIMAT0000893,74483,0
MIMAT0004879,6410,1
MIMAT0004800,2733526,1
MIMAT0004639,11433190,0
hsa_circ_0000042,5816,0
MIMAT0016901,24180719,0
MIMAT0000546,5757,1
hsa_circ_0006606,445639,0
MIMAT0000225,448537,0
hsa_circ_0041019,3028194,0
MIMAT0015036,446556,0
MIMAT0000755,15,0
MIMAT0014002,24268,1
MIMAT0019938,65064,0
hsa_circ_0005730,24821094,0
MIMAT0005444,261004,0
hsa_circ_0000504,3006531,0
338758,17754356,0
MIMAT0000080,104741,0
MIMAT0001788,5310940,0
MIMAT0003380,6440495,1
MIMAT0004948,3385,0
MIMAT0000266,444732,0
MIMAT0017141,5282350,0
MIMAT0004550,3071,0
MIMAT0018945,5978,1
MIMAT0005909,3071,0
MIMAT0000898,3385,0
100507098,5460341,0
MIMAT0003377,3103,0
MIMAT0002829,6253,0
MIMAT0000102,2733526,1
MIMAT0001630,60823,1
hsa_circ_0019088,216326,0
hsa_circ_0069980,89594,0
MIMAT0001015,24759,0
MIMAT0015018,36314,1
MIMAT0003485,442428,1
MIMAT0003259,5282350,0
MIMAT0001542,24360,0
MIMAT0000257,2767,1
MIMAT0000375,5281004,1
MIMAT0000270,5281811,0
MIMAT0000784,5318517,0
MIMAT0001853,91466,0
MIMAT0001778,60852,0
MIMAT0007887,54675776,0
102724246,5284583,0
MIMAT0001532,6037,0
MIMAT0000253,14888,1
MIMAT0000235,54675776,0
MIMAT0003893,2907,0
MIMAT0000138,210332,1
MIMAT0019001,6918837,0
MIMAT0003455,11953817,0
MIMAT0000646,1130,1
MIMAT0000430,5462222,0
MIMAT0003304,6253,0
hsa_circ_0020354,229455,0
MIMAT0014996,60750,1
MIMAT0000068,5816,0
MIMAT0003255,9898279,0
23410,74483,0
hsa_circ_0048956,4946,0
101928168,156413,0
MIMAT0003294,5978,1
MIMAT0003275,444732,1
MIMAT0000804,3121,1
MIMAT0004810,30323,1
hsa_circ_0001818,439530,0
MIMAT0000892,5538,0
MIMAT0000436,6041,0
MIMAT0007884,60750,0
MIMAT0000091,60953,1
101927155,445580,0
MIMAT0004523,71496458,0
MIMAT0001771,65110,0
MIMAT0001387,6440495,0
MIMAT0019850,3071,0
MIMAT0000139,712,0
hsa_circ_0000714,5281811,0
724087,6001,0
MIMAT0000867,216326,0
MIMAT0003375,12967,1
727896,2236,0
MIMAT0005903,216326,0
100132707,6440495,0
MIMAT0000222,5310940,1
MIMAT0003296,5280343,0
645553,43815,0
hsa_circ_0092276,60700,0
MIMAT0000706,702,1
MIMAT0000649,5743,1
MIMAT0000606,6115,0
hsa_circ_0011245,5280445,0
MIMAT0003287,5994,0
100073347,5394,1
MIMAT0003264,5288209,0
MIMAT0019018,9547215,0
101805492,5789,0
hsa_circ_0008016,43815,0
MIMAT0000439,16741,0
MIMAT0000707,43815,1
MIMAT0003127,31703,0
MIMAT0004609,2187,0
652995,36314,1
MIMAT0015344,442428,0
100505738,5394,1
MIMAT0003379,2733526,1
MIMAT0000803,1110,0
MIMAT0000422,5311,1
hsa_circ_0017628,56842234,0
112935969,5394,1
MIMAT0016879,2767,1
MIMAT0004775,123865,0
hsa_circ_0008310,208908,0
MIMAT0005887,5790,0
MIMAT0003233,3690,0
MIMAT0005826,21109,0
MIMAT0015070,443586,0
MIMAT0000781,5352624,0
MIMAT0003496,5284616,1
MIMAT0000769,10621,1
339240,123631,0
hsa_circ_0009618,3488,0
MIMAT0000271,14888,1
MIMAT0000127,6036,1
hsa_circ_0006168,2051,0
MIMAT0000156,210332,1
MIMAT0001532,2907,1
MIMAT0004589,3062316,0
545,49803145,0
MIMAT0000176,21109,0
hsa_circ_0056048,122634,0
55545,11433190,0
728192,56649450,0
MIMAT0017005,11626560,0
MIMAT0015026,3385,1
MIMAT0000318,784,1
4855,24759,0
MIMAT0023622,23973,1
MIMAT0017005,253602,0
MIMAT0004678,6468,0
MIMAT0003756,74483,1
hsa_circ_0006522,6623,0
100507257,17754356,0
hsa_circ_0001573,3657,0
245,162282,0
MIMAT0000794,1548943,0
hsa_circ_0006174,3385,1
MIMAT0004622,24180719,0
MIMAT0010313,11960529,0
104644205,5459308,0
MIMAT0007884,667639,0
MIMAT0000163,5281004,1
23766,2520,0
101929395,54680783,0
MIMAT0015186,3397,0
MIMAT0002176,657237,1
MIMAT0003493,210332,1
MIMAT0004812,11635763,0
MIMAT0000782,6440495,1
MIMAT0000367,141643,0
MIMAT0000232,49803145,0
7079,2353,0
hsa_circ_0000211,65110,0
MIMAT0000857,2375,0
MIMAT0000819,9804992,0
MIMAT0018967,13089,0
MIMAT0004661,737139,0
MIMAT0005837,896,0
MIMAT0000794,6037,0
hsa_circ_0031027,15951529,1
MIMAT0023622,5816,0
MIMAT0000076,5280360,1
hsa_circ_0028864,439260,0
hsa_circ_0000872,2662,0
hsa_circ_0069997,5280795,0
100132923,6057,0
MIMAT0004675,5281004,0
MIMAT0000520,6410,1
hsa_circ_0011293,638278,0
9489,30323,0
MIMAT0026720,449171,0
MIMAT0003182,446220,0
MIMAT0000609,123596,0
101929152,104741,0
MIMAT0000072,439530,0
MIMAT0019789,5284583,0
100130700,9547215,0
MIMAT0004562,5361,0
MIMAT0000076,53232,1
MIMAT0003325,10621,0
MIMAT0014006,72301,0
MIMAT0000707,5284373,0
MIMAT0019719,5280453,0
MIMAT0005625,11707110,0
MIMAT0019827,36314,0
MIMAT0003328,5746,0
hsa_circ_0084727,6918837,0
MIMAT0003292,448537,1
hsa_circ_0088681,15951529,1
MIMAT0003258,2520,1
MIMAT0000730,108065,0
hsa_circ_0002976,5394,0
MIMAT0000539,5459308,0
MIMAT0004553,5746,0
hsa_circ_0087063,4212,0
MIMAT0000843,8490,0
hsa_circ_0087400,11960529,0
MIMAT0005950,5280448,0
MIMAT0000456,985,0
MIMAT0004589,5959,0
MIMAT0001779,42611257,0
hsa_circ_0069997,11556711,0
100240735,11953817,0
MIMAT0000774,2578,0
MIMAT0014999,6279,0
MIMAT0001791,444795,0
101927528,2051,0
MIMAT0005300,2236,1
MIMAT0000369,985,0
MIMAT0005443,4946,0
MIMAT0037307,30323,0
MIMAT0005031,5459308,0
101928978,8029,0
MIMAT0005340,44631912,0
MIMAT0002888,3019,0
hsa_circ_0009362,644241,0
105378769,5394,1
MIMAT0016878,3690,0
MIMAT0018361,24268,0
MIMAT0004224,636397,0
MIMAT0004504,11226684,0
hsa_circ_0065384,5950,0
MIMAT0000369,460612,0
MIMAT0001390,445434,0
MIMAT0002876,5281614,0
MIMAT0000216,11433190,0
hsa_circ_0074930,241,0
MIMAT0000434,8378,1
MIMAT0001788,6013,0
MIMAT0000419,3386,1
hsa_circ_0003302,210332,0
MIMAT0000101,5288826,1
hsa_circ_0008394,145858,0
101927027,439260,0
MIMAT0004648,702,0
MIMAT0015193,210332,0
MIMAT0007347,5394,0
MIMAT0000521,164676,0
MIMAT0003221,56649450,0
MIMAT0000235,73581,0
MIMAT0015323,135403648,0
MIMAT0004897,3779,0
MIMAT0004871,5865,0
hsa_circ_0000255,969516,0
hsa_circ_0032683,10635,0
MIMAT0000814,5360373,0
MIMAT0003325,5755,0
MIMAT0005322,5460341,0
101928880,261004,0
MIMAT0004496,38904,0
MIMAT0012852,5281614,0
MIMAT0004736,5280795,0
MIMAT0000528,5311,0
MIMAT0004933,441074,0
MIMAT0000904,44259,0
hsa_circ_0007146,1832,0
MIMAT0005300,54670067,0
646201,985,0
55384,442972,0
MIMAT0000436,5284373,1
23410,5280951,0
MIMAT0000134,5793,1
MIMAT0015035,5743,0
MIMAT0019757,3488,0
MIMAT0000097,9576410,0
hsa_circ_0008001,3103,0
hsa_circ_0002971,9826528,0
MIMAT0004496,3345,0
MIMAT0000087,5329102,1
MIMAT0000555,442428,1
51427,445154,0
MIMAT0002805,11960529,0
MIMAT0019789,5035,0
MIMAT0003239,31703,1
MIMAT0018081,5280448,0
MIMAT0001373,2187,0
2310,6857599,0
hsa_circ_0072567,6115,0
MIMAT0002843,9826528,0
MIMAT0000533,60823,1
hsa_circ_0000141,445858,0
100505592,176870,1
100126799,5881,0
hsa_circ_0003908,36314,0
100132891,5816,0
MIMAT0000417,5881,1
hsa_circ_0000192,657237,0
hsa_circ_0002955,21109,0
MIMAT0004802,1983,0
MIMAT0000703,6918837,0
101101772,2723601,0
51716,451668,0
hsa_circ_0009357,5641,0
hsa_circ_0000008,3345,0
MIMAT0015037,3657,0
MIMAT0004720,448013,0
MIMAT0000528,2767,0
MIMAT0002838,5994,1
100506844,3385,1
MIMAT0005853,16078949,1
MIMAT0015120,442428,0
MIMAT0019905,444795,0
MIMAT0000825,25244711,0
101928307,5394,1
MIMAT0015017,3385,1
MIMAT0003211,222528,0
hsa_circ_0025202,10184653,0
102724927,2520,0
hsa_circ_0006174,441074,0
MIMAT0003235,60953,0
hsa_circ_0068563,8378,0
MIMAT0003323,9915743,0
hsa_circ_0000549,5951,0
MIMAT0003125,1832,0
101929645,37542,0
MIMAT0004758,5281004,1
hsa_circ_0006491,5212,0
hsa_circ_0038343,171548,0
hsa_circ_0003997,5329102,0
MIMAT0004650,4946,1
MIMAT0003177,11433190,0
MIMAT0000138,5881,0
MIMAT0019904,123596,0
MIMAT0002818,9064,0
MIMAT0003328,3386,0
MIMAT0003491,2244,0
MIMAT0004640,23939,0
MIMAT0000459,451668,1
MIMAT0001865,5283344,0
MIMAT0000224,8029,0
MIMAT0004676,5284616,1
MIMAT0012823,77999,0
MIMAT0023622,5361,0
646576,6505803,0
221883,9915743,0
MIMAT0019745,6857599,0
MIMAT0004589,3117,0
hsa_circ_0038343,443586,0
MIMAT0001948,5978,0
MIMAT0005943,6076,0
hsa_circ_0051908,15,0
hsa_circ_0006900,3071,0
MIMAT0005865,60750,1
hsa_circ_0081001,74483,0
MIMAT0019861,3763,0
MIMAT0015057,11226684,0
MIMAT0018097,702,0
MIMAT0004552,5793,1
MIMAT0002842,3220,0
MIMAT0004220,5318517,0
MIMAT0003325,3220,0
hsa_circ_0042200,15951529,1
MIMAT0003263,4095,0
MIMAT0004877,16078949,1
MIMAT0004552,3101,0
MIMAT0004669,222528,0
MIMAT0004558,5282350,0
hsa_circ_0059665,4943,0
hsa_circ_0042359,216345,0
hsa_circ_0042451,15951529,1
hsa_circ_0089762,15951529,1
643827,65348,0
MIMAT0000689,38904,1
MIMAT0000383,737139,0
MIMAT0002816,5073,0
MIMAT0000449,36462,1
MIMAT0004894,2187,0
MIMAT0004848,5318517,0
101927043,5281004,0
MIMAT0004229,5462222,0
MIMAT0005291,14403,0
hsa_circ_0006101,6279,0
MIMAT0001338,108065,0
hsa_circ_0077007,5280343,0
MIMAT0022496,5222465,0
MIMAT0007887,89594,0
MIMAT0004229,451668,0
MIMAT0002869,544,0
MIMAT0003295,24180719,0
105374104,31101,0
MIMAT0003469,4829,0
MIMAT0003152,2733526,1
MIMAT0019903,3488,0
hsa_circ_0003441,15951529,1
MIMAT0005921,12967,0
hsa_circ_0000760,2662,0
100506881,36462,0
MIMAT0004784,104746,0
641638,6115,0
MIMAT0001069,229455,0
MIMAT0031893,5280961,0
100505938,24360,0
100132677,4033,0
MIMAT0005592,65015,0
MIMAT0000748,31703,1
MIMAT0000076,5978,1
100507257,9064,0
MIMAT0003177,11707110,0
hsa_circ_0005572,11556711,0
101927043,65015,0
MIMAT0001859,74483,1
MIMAT0001768,1130,0
MIMAT0000774,5793,0
hsa_circ_0013058,6468,0
100996645,445858,0
hsa_circ_0076917,702,0
MIMAT0000221,6857599,0
hsa_circ_0002761,145858,0
MIMAT0000842,29327,0
401898,5284583,0
hsa_circ_0029426,4946,0
hsa_circ_0005907,6076,0
MIMAT0003393,216239,1
MIMAT0002869,60780,1
MIMAT0015319,460612,0
MIMAT0005898,97226,1
MIMAT0000554,5073,0
MIMAT0004949,1176,0
hsa_circ_0000873,448013,0
MIMAT0005867,17754356,0
MIMAT0019738,5951,0
hsa_circ_0085173,60750,0
MIMAT0009448,25262965,0
MIMAT0001701,216326,0
MIMAT0003177,5291,0
MIMAT0015174,23725625,0
MIMAT0000298,21109,0
MIMAT0004958,9700,0
MIMAT0000218,6410,0
MIMAT0003496,24360,0
MIMAT0003471,23939,0
MIMAT0000278,460612,1
MIMAT0001542,3652,0
MIMAT0018071,3385,0
MIMAT0004569,3229,0
MIMAT0015348,8378,0
MIMAT0002178,123865,0
hsa_circ_0008432,31401,0
100506860,6440495,0
hsa_circ_0007217,5793,0
MIMAT0017002,445580,0
MIMAT0000421,119307,0
MIMAT0002854,5310940,0
MIMAT0000555,9064,1
100507127,65015,0
hsa_circ_0062545,91466,0
MIMAT0015120,4624,0
MIMAT0004532,11226684,0
201651,1674,0
MIMAT0019730,3385,1
MIMAT0000452,5311,0
MIMAT0004901,9064,1
MIMAT0006765,2723601,0
MIMAT0000778,135403648,0
MIMAT0000076,64971,1
MIMAT0000611,444254,1
hsa_circ_0006608,91466,0
100126799,21109,0
645687,124886,0
MIMAT0004552,5280360,0
MIMAT0004848,65064,0
162632,9949648,0
MIMAT0000149,104842,0
MIMAT0004614,5538,0
MIMAT0000383,5943,0
hsa_circ_0006101,122634,0
MIMAT0023617,24268,0
MIMAT0000083,6857599,1
hsa_circ_0003643,11953817,0
MIMAT0000255,135403648,1
MIMAT0000513,5284583,0
MIMAT0000224,10184653,0
MIMAT0001822,3220,0
MIMAT0005939,5310940,1
5937,119307,0
MIMAT0003728,261004,0
MIMAT0000787,387447,0
MIMAT0000670,5978,0
103752588,8490,0
MIMAT0019934,4891,0
MIMAT0003885,2733,0
MIMAT0000687,5311,1
MIMAT0000447,104842,0
MIMAT0010357,24978538,0
hsa_circ_0061891,9547215,0
29108,148124,0
MIMAT0000457,3385,1
MIMAT0000736,5793,1
MIMAT0013991,5881,0
MIMAT0002822,3690,0
MIMAT0004937,11953817,0
MIMAT0004846,448013,0
MIMAT0003279,5310940,1
MIMAT0015141,5281811,0
101927021,15,0
MIMAT0000416,14888,1
MIMAT0000784,5743,1
MIMAT0002876,6410,0
hsa_circ_0066556,1983,0
441307,3019,0
MIMAT0003336,9064,0
MIMAT0004676,31703,1
hsa_circ_0079385,25183872,0
728374,21633059,0
MIMAT0001388,13342,0
MIMAT0000371,107985,0
MIMAT0004893,5280448,0
MIMAT0000233,124886,0
MIMAT0003767,97226,0
MIMAT0004536,3007,0
MIMAT0001863,446220,0
MIMAT0015065,53232,0
MIMAT0002104,3229,0
MIMAT0000145,216345,0
MIMAT0004943,6440495,0
hsa_circ_0089033,54671203,0
MIMAT0001781,15625,1
MIMAT0004929,164676,0
MIMAT0000425,36314,1
196968,7222,0
MIMAT0000903,5743,1
MIMAT0019879,10621,0
MIMAT0004738,11226684,0
100507266,6115,0
MIMAT0004897,54671203,0
MIMAT0000098,5978,1
100996590,38904,0
100270746,5394,1
100861402,5394,1
hsa_circ_0045219,5281004,0
hsa_circ_0091692,1673,0
MIMAT0000728,104741,1
MIMAT0004779,122724,0
MIMAT0003286,23939,0
hsa_circ_0023685,3121,0
MIMAT0003884,784,0
MIMAT0002821,60750,1
MIMAT0001280,44631912,0
hsa_circ_0002965,107985,0
MIMAT0000797,5381226,0
hsa_circ_0006900,3690,0
MIMAT0005899,445154,0
hsa_circ_0014737,138374198,0
MIMAT0000426,24288,0
MIMAT0000207,72301,0
MIMAT0001625,5073,0
MIMAT0000278,60750,1
MIMAT0001783,122634,0
MIMAT0001028,6167,0
MIMAT0004692,5281004,0
MIMAT0001863,4943,0
115804232,42113,0
MIMAT0000424,2767,1
MIMAT0002834,1548943,1
hsa_circ_0084727,15951529,1
MIMAT0004670,3690,0
MIMAT0019861,3961,0
MIMAT0003288,122724,0
MIMAT0000787,6468,0
hsa_circ_0030999,4212,0
hsa_circ_0003620,439530,0
MIMAT0003176,5757,1
hsa_circ_0007117,896,0
hsa_circ_0087293,15951529,1
MIMAT0005583,31703,1
MIMAT0014048,31703,0
MIMAT0000732,60750,1
hsa_circ_0000199,210332,0
MIMAT0023622,229455,0
MIMAT0003191,5318517,0
MIMAT0000982,261000,0
MIMAT0000281,2767,1
MIMAT0001627,8490,0
MIMAT0000669,985,0
MIMAT0000272,60953,1
MIMAT0000155,16741,1
MIMAT0009196,3821,0
MIMAT0002859,5757,0
MIMAT0000242,2767,1
MIMAT0000657,5284373,0
hsa_circ_0057518,9949648,0
MIMAT0000560,3657,0
hsa_circ_0063329,42113,0
MIMAT0031893,11228183,0
MIMAT0019886,60750,1
101928416,445639,0
MIMAT0016890,5865,0
MIMAT0000100,11556711,1
MIMAT0001087,5035,0
100292680,5789,0
MIMAT0004517,6442177,0
MIMAT0005799,36314,0
100874284,65064,0
MIMAT0004644,5281004,0
MIMAT0002848,5291,0
MIMAT0001631,5291,1
MIMAT0003455,210332,1
MIMAT0010313,60823,0
100126799,15939,0
MIMAT0009447,261004,0
MIMAT0019953,16197265,0
hsa_circ_0003505,2578,0
MIMAT0000440,3385,1
MIMAT0016866,43815,1
MIMAT0001639,135403648,1
MIMAT0001850,23939,0
MIMAT0003295,47318,0
MIMAT0000075,47318,1
MIMAT0000162,97226,0
MIMAT0004704,72304,0
MIMAT0005929,2767,1
MIMAT0002858,24497,0
MIMAT0001052,5212,0
2176,119104,0
MIMAT0000790,3397,0
100652736,138374198,0
MIMAT0003325,3652,0
hsa_circ_0005941,6013,0
MIMAT0004533,6057,0
100132923,11953817,0
hsa_circ_0008618,702,0
MIMAT0000613,444254,1
MIMAT0000535,54671203,0
MIMAT0003513,6857599,0
MIMAT0000752,6089,1
100506274,65348,0
MIMAT0004501,37542,0
MIMAT0000840,689043,0
MIMAT0004635,64971,0
MIMAT0019069,54454,0
MIMAT0006765,1983,0
MIMAT0000256,31703,1
MIMAT0001877,2723601,0
hsa_circ_0084927,91466,0
MIMAT0001831,3386,0
MIMAT0003409,65064,0
MIMAT0000652,14888,0
MIMAT0000096,2767,1
MIMAT0014028,37542,0
173401,6076,0
hsa_circ_0006522,43815,0
MIMAT0003472,5284616,1
MIMAT0015014,17754356,0
MIMAT0004494,2375,0
101927597,2767,1
MIMAT0003409,10184653,0
MIMAT0000536,2662,0
MIMAT0019814,261004,0
MIMAT0004800,9547215,0
199704,11953817,0
100144596,24268,0
728613,5394,1
MIMAT0001768,14403,0
MIMAT0005951,24497,0
MIMAT0000687,5281004,0
MIMAT0000076,3229,1
hsa_circ_0000872,45266826,0
hsa_circ_0001667,97226,0
MIMAT0004553,31703,1
hsa_circ_0025054,3690,0
hsa_circ_0056048,23973,0
MIMAT0003457,442793,0
MIMAT0000253,5394,1
MIMAT0011778,5283344,0
MIMAT0000377,5789,0
101928607,4891,0
MIMAT0003302,5793,0
10517,5793,0
100874043,93004,0
MIMAT0002889,31401,0
hsa_circ_0000763,44259,0
646626,5394,1
MIMAT0019820,452548,0
MIMAT0005868,11626560,0
hsa_circ_0050580,2995,0
hsa_circ_0011448,6918289,0
hsa_circ_0001646,53232,0
MIMAT0000092,6442177,0
MIMAT0004491,71496458,0
hsa_circ_0004703,5284616,0
100289019,54671203,0
MIMAT0000240,9576410,0
MIMAT0000221,9898279,0
MIMAT0016852,42113,0
MIMAT0004956,1207,0
hsa_circ_0092329,3007,0
MIMAT0003769,6001,0
MIMAT0000103,6857599,1
100128398,5394,1
MIMAT0000891,37542,0
MIMAT0001850,54671203,0
MIMAT0003485,969516,1
MIMAT0005909,46843772,0
MIMAT0019749,6253,0
MIMAT0019801,3385,1
MIMAT0000678,6410,0
MIMAT0000083,5978,1
MIMAT0005625,5360373,0
MIMAT0000519,6041,0
100996447,896,0
MIMAT0003493,122634,0
MIMAT0000717,23973,0
MIMAT0000736,5394,1
MIMAT0003180,442793,0
MIMAT0003336,5310940,1
MIMAT0000070,712,1
MIMAT0003499,47289,0
MIMAT0019772,3690,0
MIMAT0002055,216239,0
MIMAT0035719,14403,0
105375847,8490,0
MIMAT0006588,37542,0
646324,4641,0
MIMAT0007892,54670067,1
hsa_circ_0018499,737139,0
MIMAT0013994,41867,0
hsa_circ_0007924,11626560,0
MIMAT0019771,72304,0
hsa_circ_0004851,5755,0
MIMAT0001412,2767,1
MIMAT0000818,11707110,0
MIMAT0003210,5943,1
hsa_circ_0008001,5284583,0
hsa_circ_0009732,119104,0
MIMAT0002840,444795,0
MIMAT0019018,462382,0
MIMAT0001820,74483,1
MIMAT0000081,60750,1
hsa_circ_0000042,6106,0
MIMAT0003880,38904,1
MIMAT0005900,60750,1
MIMAT0005908,2662,0
MIMAT0013517,6623,0
MIMAT0001365,3902,0
MIMAT0000227,784,0
MIMAT0016876,712,0
MIMAT0004572,56843276,0
MIMAT0010313,176870,0
MIMAT0000772,31703,1
hsa_circ_0071210,126941,0
MIMAT0000207,222757,0
hsa_circ_0000285,156413,0
MIMAT0003244,104758,0
hsa_circ_0087861,5746,0
MIMAT0004882,5284616,0
MIMAT0009977,253602,0
MIMAT0003234,5281811,0
MIMAT0000524,8490,1
MIMAT0002853,216345,0
hsa_circ_0003373,141643,0
MIMAT0000089,5310940,1
MIMAT0003714,3006531,0
MIMAT0015157,3007,0
hsa_circ_0034067,208908,0
MIMAT0019040,3028194,0
hsa_circ_0091692,10621,0
344462,544,0
MIMAT0000161,3821,0
MIMAT0011156,36314,1
MIMAT0000065,712,1
MIMAT0018080,11226684,0
100144596,72301,0
MIMAT0000415,6857599,1
MIMAT0017282,5288209,0
hsa_circ_0006131,119104,0
MIMAT0002821,5291,1
hsa_circ_0050580,9547215,0
MIMAT0003740,6197,0
hsa_circ_0000038,5280951,0
MIMAT0005583,54670067,1
MIMAT0003238,689043,0
MIMAT0000557,138374198,0
MIMAT0000211,2733,0
MIMAT0000236,3902,0
hsa_circ_0080576,15951529,1
MIMAT0003879,1207,0
hsa_circ_0004315,439260,0
MIMAT0019059,47936,0
MIMAT0000267,47725,1
MIMAT0000279,216239,1
MIMAT0000682,969516,1
MIMAT0000144,3488,0
MIMAT0000754,148124,1
MIMAT0001794,445580,0
MIMAT0001052,445154,0
hsa_circ_0001887,9949648,0
389641,446220,0
MIMAT0001816,6041,0
MIMAT0002812,5381226,0
MIMAT0004486,1176,0
MIMAT0000535,36314,0
MIMAT0003259,638278,0
hsa_circ_0000008,2336,0
MIMAT0012822,41867,0
MIMAT0000836,65064,0
MIMAT0004622,5284616,1
hsa_circ_0050055,9804992,0
hsa_circ_0076522,544,0
MIMAT0000516,64971,0
MIMAT0001389,60606,0
MIMAT0000134,5281929,0
MIMAT0001840,64971,0
MIMAT0000131,15939,0
MIMAT0001824,11960529,0
hsa_circ_0001171,5394,0
MIMAT0000781,445154,1
MIMAT0004870,93004,0
MIMAT0001698,16132265,0
MIMAT0000386,12967,1
MIMAT0001369,56842234,0
MIMAT0018976,5073,0
MIMAT0002891,5073,0
hsa_circ_0068697,712,0
hsa_circ_0092289,9700,0
hsa_circ_0042435,15951529,1
MIMAT0002816,444795,1
MIMAT0001632,5280343,1
MIMAT0015172,5283344,0
100507334,104758,0
hsa_circ_0036391,229455,0
100505738,443586,0
MIMAT0004542,3690,0
MIMAT0019075,11626560,0
MIMAT0004955,6253,0
MIMAT0000273,14403,0
MIMAT0001830,3690,0
MIMAT0000736,104746,0
MIMAT0000101,451668,1
100132677,449171,0
101927761,737139,0
MIMAT0003480,4943,0
hsa_circ_0033149,16197265,0
MIMAT0000207,3101,0
MIMAT0003165,2767,1
MIMAT0001076,31703,1
MIMAT0000763,5280795,1
MIMAT0000791,16741,0
MIMAT0018081,23725625,0
hsa_circ_0072876,65110,0
101929147,6041,0
MIMAT0000425,445154,0
MIMAT0000674,442972,0
MIMAT0000416,5291,1
hsa_circ_0018652,446556,0
MIMAT0015359,544,0
MIMAT0000065,241,1
hsa_circ_0008001,25183872,0
MIMAT0004852,451668,0
MIMAT0004498,2353,0
101927780,8029,0
MIMAT0003495,47936,0
MIMAT0000415,5757,1
hsa_circ_0007326,4158,0
MIMAT0002830,31703,1
hsa_circ_0072088,387447,0
hsa_circ_0007117,156413,0
MIMAT0003292,56649450,0
MIMAT0000875,41867,0
340811,5789,0
hsa_circ_0011571,208908,0
MIMAT0000518,1832,0
MIMAT0004696,448537,1
23043,44259,0
MIMAT0004603,6041,0
MIMAT0004796,216239,0
23410,5281929,0
MIMAT0000121,5280896,0
286150,216239,0
401898,208908,0
619455,11556711,0
hsa_circ_0000255,5281614,0
MIMAT0000254,241,1
MIMAT0015340,5280961,0
MIMAT0002872,10635,0
hsa_circ_0004891,2051,0
MIMAT0003470,9804992,0
hsa_circ_0006318,114900,0
MIMAT0015343,1983,0
hsa_circ_0001372,141643,0
MIMAT0009196,6857599,1
MIMAT0003161,448537,1
MIMAT0000878,77999,0
MIMAT0000430,448537,1
MIMAT0004957,6442177,0
193629,16741,0
MIMAT0005929,164676,0
101927352,3961,0
MIMAT0003459,65064,0
MIMAT0003480,5950,0
MIMAT0000581,3779,0
MIMAT0004958,3385,1
MIMAT0016900,6167,0
100506046,2375,0
hsa_circ_0020353,443586,0
102724434,24360,0
MIMAT0003312,5284616,0
MIMAT0019958,445434,0
MIMAT0003714,47289,0
MIMAT0000297,176870,0
MIMAT0000237,6440495,0
100506783,5280961,0
MIMAT0003286,56842234,0
MIMAT0003380,3101,0
MIMAT0000426,2578,0
hsa_circ_0000549,6918289,0
104266957,9576410,0
hsa_circ_0003655,3902,0
MIMAT0003285,5881,0
hsa_circ_0001372,114900,0
MIMAT0019887,10184653,0
hsa_circ_0011462,5280795,0
MIMAT0014012,24821094,0
MIMAT0000226,31703,1
100874095,253602,0
6494,6410,0
MIMAT0003379,5284373,0
MIMAT0004592,5816,0
MIMAT0004536,441074,0
MIMAT0019971,6279,0
MIMAT0004605,451668,0
MIMAT0002824,4624,0
MIMAT0017080,441074,0
1397,5394,1
105377105,24360,0
MIMAT0000613,6279,0
MIMAT0000455,162282,0
MIMAT0018988,97226,0
MIMAT0014928,5280896,0
100874375,47725,0
MIMAT0000655,5282350,0
MIMAT0016866,164676,0
MIMAT0001813,29327,0
101929407,636397,0
hsa_circ_0001985,4763,0
MIMAT0003182,210332,1
hsa_circ_0007146,24821094,0
hsa_circ_0066290,16741,0
MIMAT0000438,5994,0
MIMAT0000089,6106,0
104355217,122724,0
MIMAT0001037,13089,0
hsa_circ_0088128,3345,0
MIMAT0000756,5352624,0
MIMAT0005633,119104,0
MIMAT0005589,31703,1
MIMAT0000372,10621,1
hsa_circ_0001122,4946,0
MIMAT0000789,65348,0
MIMAT0004780,16132265,0
MIMAT0000510,3385,1
MIMAT0001857,5284583,0
MIMAT0003479,36314,0
MIMAT0001549,5757,1
100874095,23939,0
MIMAT0003297,5460341,0
MIMAT0001853,38904,0
MIMAT0018993,5280896,0
MIMAT0001536,176870,1
hsa_circ_0078654,6089,0
hsa_circ_0065871,16741,0
hsa_circ_0028861,445580,0
MIMAT0001779,73581,0
hsa_circ_0003441,8029,0
100873920,3028194,0
hsa_circ_0022382,6076,0
hsa_circ_0080209,5329102,0
MIMAT0018942,15939,0
MIMAT0015018,702,0
MIMAT0000687,97226,1
MIMAT0003763,41867,0
MIMAT0000297,89594,1
MIMAT0015328,5281811,0
hsa_circ_0004703,25227436,0
MIMAT0003385,3345,0
MIMAT0000449,38904,1
MIMAT0018188,3385,1
MIMAT0005339,444795,0
MIMAT0000733,5352624,0
MIMAT0003240,3385,1
10517,445434,0
hsa_circ_0007312,3657,0
hsa_circ_0038366,6197,0
1832,2723601,0
MIMAT0000128,3345,0
MIMAT0001542,443586,0
100505865,42890,0
105378769,3345,0
MIMAT0000656,7222,0
hsa_circ_0000763,2723601,0
MIMAT0019815,442793,0
MIMAT0003727,5281708,0
MIMAT0000560,42611257,0
hsa_circ_0001329,104758,0
hsa_circ_0058191,15951529,1
MIMAT0000885,261000,0
MIMAT0011435,5280795,0
hsa_circ_0020460,15951529,1
MIMAT0016907,1130,0
100287216,667639,0
MIMAT0000020,65348,0
8452,1832,0
MIMAT0000128,56842234,0
MIMAT0015026,21633059,0
101927102,446220,0
MIMAT0003265,7222,0
hsa_circ_0007761,3117,0
MIMAT0000450,2733526,1
MIMAT0005883,41867,0
MIMAT0004235,11228183,0
MIMAT0000519,702,1
619455,71496458,0
MIMAT0002845,108065,0
MIMAT0004614,222528,0
100874284,11635763,0
MIMAT0000267,1674,0
100506368,9826528,0
MIMAT0000425,148124,1
MIMAT0000080,14888,1
101927750,229455,0
hsa_circ_0036056,6115,0
hsa_circ_0089371,104746,0
101927447,657237,0
hsa_circ_0020354,5280896,0
MIMAT0000096,171548,0
MIMAT0000265,41867,1
hsa_circ_0000604,6440495,0
MIMAT0014990,261004,0
MIMAT0000755,644241,0
MIMAT0000632,3488,0
101929427,31401,0
hsa_circ_0003251,5281929,0
MIMAT0002174,60750,1
100507266,3345,0
MIMAT0000419,6623,1
MIMAT0015156,24268,1
MIMAT0018204,24268,0
MIMAT0000802,24497,0
MIMAT0003273,6013,0
MIMAT0003288,667639,0
MIMAT0000761,5291,1
684959,3101,0
MIMAT0000077,8378,1
100009613,104746,0
MIMAT0000418,3385,1
MIMAT0004697,969516,0
MIMAT0000573,60700,0
hsa_circ_0070616,3902,0
MIMAT0003401,176870,0
hsa_circ_0007059,25183872,0
MIMAT0000688,6918289,0
55109,5280343,0
MIMAT0000766,108065,0
MIMAT0000617,60750,1
MIMAT0002811,2767,1
MIMAT0018926,5281929,0
MIMAT0005589,5361,0
MIMAT0000554,4624,0
MIMAT0000459,24978538,1
hsa_circ_0089863,3028194,0
MIMAT0003898,36462,0
MIMAT0000863,89594,1
7508,5284583,0
MIMAT0003264,54670067,1
MIMAT0000093,107985,0
MIMAT0000520,36314,0
MIMAT0004933,2578,0
MIMAT0000213,5291,0
MIMAT0003898,5280427,0
MIMAT0000456,21109,0
MIMAT0003273,5361,0
101927034,25227436,0
hsa_circ_0001649,17754356,0
MIMAT0002174,64971,0
MIMAT0001367,5459308,0
hsa_circ_0000074,442793,0
MIMAT0005788,60780,1
MIMAT0015157,6197,0
MIMAT0004937,689043,0
hsa_circ_0072088,5462222,0
MIMAT0000210,3007,1
hsa_circ_0005354,439260,0
MIMAT0001731,446556,0
MIMAT0000747,222757,0
MIMAT0015144,5978,0
MIMAT0000369,56843276,0
MIMAT0000869,2236,1
MIMAT0002876,5310940,0
100996570,9547215,0
MIMAT0004806,5288826,0
MIMAT0003311,5281811,0
6425,43815,0
MIMAT0000648,3657,0
MIMAT0000083,38904,1
100505832,47318,0
hsa_circ_0005185,5284373,0
MIMAT0004767,452548,0
hsa_circ_0002402,6001,0
MIMAT0006767,53232,0
MIMAT0001095,6918837,0
MIMAT0017950,4763,0
MIMAT0000537,10836,0
MIMAT0000690,3385,1
MIMAT0000267,3385,1
MIMAT0015169,3101,0
100033434,11433190,0
MIMAT0003389,43815,0
MIMAT0003883,119307,1
MIMAT0004676,712,1
MIMAT0018071,969516,0
hsa_circ_0019088,108065,0
MIMAT0002814,5311,1
100505738,5206,0
663,5394,0
MIMAT0003464,5755,0
hsa_circ_0006941,47936,0
MIMAT0000272,442793,0
100505881,56843276,0
MIMAT0001619,60780,0
MIMAT0005442,689043,0
MIMAT0017017,5035,0
MIMAT0001723,25262965,0
MIMAT0000268,222757,0
MIMAT0016878,5280427,0
MIMAT0004971,445858,0
MIMAT0000803,2244,0
MIMAT0000428,5381226,0
MIMAT0000727,4829,0
MIMAT0000866,4946,0
MIMAT0019953,108065,0
MIMAT0003121,969516,0
MIMAT0019893,208908,0
162632,5222465,0
MIMAT0003247,6106,0
64859,261000,0
hsa_circ_0000287,5281614,0
MIMAT0000513,2733526,0
MIMAT0015156,2578,0
hsa_circ_0041252,29327,0
MIMAT0000643,60750,0
MIMAT0018081,6036,0
MIMAT0003734,208908,0
MIMAT0001288,43815,0
hsa_circ_0087564,2520,0
100507098,122724,0
MIMAT0004814,60606,0
MIMAT0002860,15939,0
MIMAT0001424,5950,0
MIMAT0005318,24821094,0
101929427,4829,0
hsa_circ_0007146,11953817,0
MIMAT0000078,72304,0
MIMAT0000103,5212,0
644649,60823,0
MIMAT0004828,5073,0
MIMAT0003308,2662,1
MIMAT0000441,5793,1
MIMAT0000267,712,0
MIMAT0003161,5816,0
MIMAT0002111,24288,0
105375847,4641,0
MIMAT0005592,60750,1
MIMAT0004799,1176,0
MIMAT0000072,123596,0
MIMAT0000872,667639,0
hsa_circ_0003302,6041,0
MIMAT0003225,25183872,0
MIMAT0003228,5816,0
MIMAT0000145,9931953,0
hsa_circ_0063329,439260,0
MIMAT0000138,441074,0
MIMAT0005876,47936,0
hsa_circ_0008394,60198,0
MIMAT0000819,60780,0
MIMAT0004886,60750,0
101927873,11556711,0
MIMAT0015051,544,0
344595,5394,1
hsa_circ_0008616,9915743,0
hsa_circ_0048856,6001,0
MIMAT0004894,9444,0
MIMAT0000893,4946,1
hsa_circ_0081001,15625,0
hsa_circ_0048232,445639,0
MIMAT0004779,5793,1
MIMAT0002858,638278,0
MIMAT0000130,60838,0
641516,126941,0
MIMAT0000754,24288,0
MIMAT0004504,2236,0
hsa_circ_0001296,15951529,1
MIMAT0004620,2733,0
MIMAT0000241,3101,0
hsa_circ_0026153,15625,0
MIMAT0015329,5288826,0
hsa_circ_0042200,4624,0
hsa_circ_0080649,3821,0
MIMAT0004813,21633059,0
MIMAT0000133,9064,0
MIMAT0002873,31703,1
MIMAT0015054,222528,0
MIMAT0026473,171548,0
100131814,54680783,0
MIMAT0007892,4033,0
hsa_circ_0005721,439260,0
100873940,3386,0
100292680,2375,0
hsa_circ_0051899,15951529,1
MIMAT0000456,60750,1
MIMAT0019001,104758,0
MIMAT0000450,31703,1
MIMAT0004534,208908,0
MIMAT0000137,445434,0
5889,3006531,0
MIMAT0004955,1176,0
MIMAT0003244,439530,0
MIMAT0000431,2244,0
MIMAT0005867,64971,0
MIMAT0015196,4763,0
MIMAT0014009,445154,0
MIMAT0000449,216239,1
MIMAT0000706,24180719,0
MIMAT0003164,5310940,0
MIMAT0004280,222757,0
MIMAT0003263,5311,1
MIMAT0003247,6468,0
MIMAT0014002,3821,0
hsa_circ_0092289,222528,0
MIMAT0004805,2336,0
hsa_circ_0002402,712,0
MIMAT0003225,1983,1
MIMAT0004972,36314,1
MIMAT0003782,210332,1
MIMAT0003339,5280896,0
hsa_circ_0011571,23725625,0
MIMAT0003762,702,1
MIMAT0004487,216345,0
hsa_circ_0019589,5381226,0
MIMAT0018185,5789,0
MIMAT0001081,445858,1
MIMAT0000579,5978,0
MIMAT0018971,3385,1
MIMAT0001420,445639,0
MIMAT0003249,3385,1
MIMAT0001722,60953,0
23513,6857599,1
MIMAT0002809,448537,1
MIMAT0015188,5291,0
MIMAT0000455,60750,1
MIMAT0000152,11626560,0
hsa_circ_0000457,4641,0
hsa_circ_0000038,97226,0
MIMAT0003127,3101,0
hsa_circ_0001278,15951529,1
MIMAT0002840,9444,0
101926978,24497,0
hsa_circ_0007148,123596,0
MIMAT0000573,5743,1
MIMAT0005899,135403648,0
MIMAT0005887,5459308,0
MIMAT0001390,5281708,0
MIMAT0000514,3007,0
MIMAT0003210,2187,0
645323,5280360,0
MIMAT0004585,54670067,0
100316868,2520,0
100507098,210332,0
MIMAT0018121,6115,0
MIMAT0000082,8378,0
100131176,15,0
hsa_circ_0015796,15951529,1
hsa_circ_0005855,15951529,1
hsa_circ_0002987,5280427,0
MIMAT0001853,71496458,0
MIMAT0001820,23939,0
MIMAT0000256,30323,1
MIMAT0000137,30323,0
MIMAT0005789,16197265,0
MIMAT0000898,23973,0
100132169,5394,1
MIMAT0003945,10836,0
MIMAT0001788,5212,0
414243,5757,0
25855,5352624,0
MIMAT0000245,4763,0
6290,28486,0
MIMAT0001648,5280896,1
hsa_circ_0006168,123865,0
hsa_circ_0046263,24497,0
MIMAT0000125,24360,0
MIMAT0016916,441074,0
MIMAT0002837,6197,0
MIMAT0004683,439530,0
MIMAT0000250,176870,1
MIMAT0005628,4158,0
MIMAT0004536,60823,0
MIMAT0002837,2520,1
MIMAT0004747,5755,0
MIMAT0000418,442972,1
MIMAT0003228,171548,0
hsa_circ_0001449,442428,0
MIMAT0000879,14888,0
MIMAT0015362,5222465,0
MIMAT0000246,8490,1
645993,16078949,0
MIMAT0017950,5757,0
hsa_circ_0008223,145858,0
MIMAT0000531,9547215,0
MIMAT0002858,4829,0
hsa_circ_0002402,1673,0
hsa_circ_0001497,5352624,0
hsa_circ_0078607,31101,0
MIMAT0000777,2733,0
MIMAT0016847,60750,1
MIMAT0001705,5951,0
MIMAT0005633,3496,1
hsa_circ_0026349,216345,0
101928416,448537,0
101928517,42611257,0
2149,5462222,0
hsa_circ_0088485,15951529,1
MIMAT0013987,11226684,0
hsa_circ_0048164,5755,0
MIMAT0005883,24180719,1
hsa_circ_0004217,15951529,1
MIMAT0001074,4943,0
hsa_circ_0082179,896,0
MIMAT0000062,16197265,1
hsa_circ_0085923,5212,0
MIMAT0000235,65015,0
100073347,3103,0
MIMAT0001846,97226,0
hsa_circ_0042359,6253,0
MIMAT0015025,644241,0
MIMAT0000081,2187,0
728207,5943,0
MIMAT0006584,2187,0
MIMAT0000691,47725,1
MIMAT0019055,104758,0
hsa_circ_0063329,790,0
MIMAT0000418,36462,1
MIMAT0016890,2662,0
100130691,5394,1
MIMAT0003159,16197265,0
MIMAT0001588,36314,0
MIMAT0002177,3821,0
MIMAT0000078,3385,1
MIMAT0001275,451668,0
MIMAT0000245,15,0
MIMAT0003738,702,1
hsa_circ_0006528,3007,0
MIMAT0001793,3779,0
hsa_circ_0001222,712,0
MIMAT0000236,60852,0
ENSG00000255237,15,0
hsa_circ_0062865,6001,0
hsa_circ_0000008,54671203,0
hsa_circ_0072387,145858,0
100507629,444732,0
MIMAT0000266,6057,1
MIMAT0000877,5280343,0
hsa_circ_0000030,445154,0
MIMAT0005876,54670067,0
MIMAT0000865,6057,0
MIMAT0000861,15951529,0
MIMAT0004229,138374198,0
MIMAT0004876,6918289,0
hsa_circ_0091419,8490,0
100874284,285033,0
MIMAT0000834,14403,0
MIMAT0000660,74483,0
MIMAT0000732,23725625,0
MIMAT0018937,17754356,0
MIMAT0000898,5280961,0
MIMAT0019893,455658,0
MIMAT0001742,5359268,0
MIMAT0004903,2733526,1
MIMAT0031893,8029,0
MIMAT0003119,6918837,0
100144602,6253,0
MIMAT0000080,702,1
MIMAT0000743,222528,0
728374,3397,0
101928168,24978538,0
hsa_circ_0087234,3062316,0
MIMAT0003151,5281614,1
MIMAT0004696,44259,0
MIMAT0000711,54675776,0
MIMAT0015158,77999,0
MIMAT0000831,216345,0
hsa_circ_0089652,3397,0
MIMAT0003130,5280448,0
hsa_circ_0004954,36314,0
441058,5360373,0
102723354,3902,0
hsa_circ_0018905,3028194,0
100506696,5359268,0
100506860,969516,0
101929120,11635763,0
100506046,3821,0
MIMAT0015378,171548,0
MIMAT0004229,689043,0
MIMAT0004879,1110,0
MIMAT0003322,28486,0
MIMAT0005796,6001,0
MIMAT0000068,6857599,1
hsa_circ_0012673,6253,0
MIMAT0003235,23725625,0
MIMAT0003385,5280951,0
MIMAT0015156,6279,0
MIMAT0000746,145858,0
hsa_circ_0000141,3121,0
102724515,6041,0
51427,5352624,0
728463,6001,0
MIMAT0001536,47725,1
MIMAT0000691,1130,0
103344926,10635,0
MIMAT0022834,241,0
650226,60852,0
MIMAT0019886,44631912,0
MIMAT0003266,4891,0
MIMAT0000177,5284373,0
101927102,6505803,0
MIMAT0000376,3386,0
hsa_circ_0006795,4158,0
hsa_circ_0036391,3121,0
MIMAT0005523,124886,0
MIMAT0019953,9700,0
hsa_circ_0026462,164676,0
MIMAT0014332,3496,1
hsa_circ_0025202,2733526,1
MIMAT0003210,9576410,0
MIMAT0002869,2767,1
MIMAT0000646,5978,1
100033421,5641,0
MIMAT0001706,9826528,0
hsa_circ_0007283,445580,0
51716,3496,0
MIMAT0003464,6410,1
hsa_circ_0038343,156413,0
hsa_circ_0000835,114900,0
hsa_circ_0000787,6013,0
MIMAT0003306,54670067,0
100505538,5222465,0
hsa_circ_0002590,5950,0
MIMAT0018097,5281614,0
MIMAT0019055,15939,0
100499183,3763,0
MIMAT0005896,2733,0
hsa_circ_0018499,5035,0
MIMAT0001809,8490,0
hsa_circ_0004636,15951529,1
MIMAT0000803,222757,1
MIMAT0019928,15951529,0
MIMAT0004620,89594,0
101929423,4091,0
100130717,5361,0
MIMAT0000431,969516,1
MIMAT0000092,60700,1
hsa_circ_0001386,5959,0
100132111,702,0
MIMAT0001015,3496,1
MIMAT0019692,24978538,0
hsa_circ_0004870,6115,0
MIMAT0000526,5281614,0
MIMAT0003895,31401,1
MIMAT0000443,3028194,0
MIMAT0016907,210332,0
hsa_circ_0007148,41867,0
MIMAT0000254,135403648,1
hsa_circ_0007333,24268,0
MIMAT0000318,3397,1
MIMAT0003727,442428,1
MIMAT0003169,44259,0
MIMAT0004533,16197265,0
MIMAT0015143,441074,0
MIMAT0000724,3690,0
MIMAT0014023,445434,0
100126799,5394,0
MIMAT0017059,9444,0
MIMAT0004852,442972,0
MIMAT0009203,24821094,0
hsa_circ_0088681,2662,0
MIMAT0015328,24180719,0
MIMAT0000578,6442177,0
MIMAT0000076,712,1
MIMAT0004738,60750,0
MIMAT0000449,5743,0
hsa_circ_0080975,2767,1
MIMAT0004813,60606,0
440925,9898279,0
hsa_circ_0002113,11433190,0
728374,6857599,1
MIMAT0003325,5997,0
26080,5394,1
100507257,1674,0
MIMAT0000417,119307,1
hsa_circ_0004771,5538,0
hsa_circ_0000963,31703,0
MIMAT0004542,3007,0
100129662,462382,0
MIMAT0004810,31703,1
MIMAT0000604,31401,1
MIMAT0013991,208908,0
MIMAT0037307,8378,0
MIMAT0019864,3345,0
MIMAT0004797,54670067,0
MIMAT0002109,6410,0
hsa_circ_0006862,229455,0
MIMAT0004877,969516,1
MIMAT0004528,446220,0
MIMAT0003381,162282,0
hsa_circ_0000150,3121,0
MIMAT0004489,10621,0
hsa_circ_0016123,31703,0
MIMAT0002846,24759,0
MIMAT0002878,60852,0
MIMAT0001773,60852,0
MIMAT0000099,135403648,1
6494,5311,0
hsa_circ_0003534,60606,0
MIMAT0000681,5284616,1
100996447,4095,0
MIMAT0000438,2375,1
619455,5959,0
MIMAT0025123,5284616,1
101927843,5394,1
MIMAT0000369,446556,0
100499183,5394,1
MIMAT0001280,265237,0
MIMAT0000828,56649450,0
MIMAT0000162,702,1
MIMAT0001020,2767,0
MIMAT0000528,89594,0
hsa_circ_0033144,5280961,0
MIMAT0004926,65110,0
MIMAT0005280,10184653,0
MIMAT0000130,5284616,1
hsa_circ_0009654,5360373,0
64002,448537,0
MIMAT0000551,544,0
MIMAT0003884,29327,0
MIMAT0018191,104741,0
MIMAT0003296,3961,0
MIMAT0015024,31401,0
MIMAT0000068,148124,1
hsa_circ_0026462,21109,0
101928287,41867,0
MIMAT0000415,119307,1
MIMAT0002940,985,0
MIMAT0015000,123596,0
MIMAT0000759,3385,1
MIMAT0000863,42890,0
MIMAT0004725,3763,0
MIMAT0000129,1130,0
MIMAT0014011,4641,0
MIMAT0000103,6623,1
MIMAT0000617,11226684,1
hsa_circ_0029426,712,0
MIMAT0011161,3117,0
MIMAT0011777,31703,1
101929559,5394,1
100506119,5394,1
MIMAT0000725,6918837,0
MIMAT0003472,8378,0
441242,4946,0
MIMAT0000714,3071,0
100874366,222528,0
641518,1832,0
100996246,444254,0
100506860,5073,0
101927174,253602,0
102724571,5394,1
hsa_circ_0045234,6036,0
MIMAT0016863,6440495,0
MIMAT0001638,31703,1
101927667,6167,0
MIMAT0000661,135403648,0
hsa_circ_0038090,9700,0
100499467,2723601,0
4976,3821,0
MIMAT0004913,14888,0
MIMAT0002825,9700,0
hsa_circ_0056281,5994,0
MIMAT0000383,8490,1
MIMAT0003237,1175,0
hsa_circ_0000835,7222,0
645954,5318517,0
MIMAT0004495,9064,0
MIMAT0000573,5997,0
MIMAT0000256,712,1
MIMAT0000418,24180719,1
MIMAT0002175,31401,0
hsa_circ_0005046,5310940,0
hsa_circ_0006935,6037,0
MIMAT0000455,42611257,0
MIMAT0004560,4212,0
MIMAT0015166,5281614,0
MIMAT0003945,253602,0
MIMAT0004799,65015,0
MIMAT0004810,3385,1
102725045,12967,0
100505530,3386,0
MIMAT0015079,119307,1
MIMAT0005906,60823,1
MIMAT0023622,97226,0
101927447,210332,0
MIMAT0001786,36462,0
51560,28486,0
386597,265237,0
MIMAT0010313,24180719,0
MIMAT0009391,9444,0
100129310,8029,0
101927477,6057,0
MIMAT0000581,2375,0
100216479,3779,0
MIMAT0000382,439260,0
hsa_circ_0000525,5288826,0
MIMAT0001538,4829,0
MIMAT0001817,9700,0
MIMAT0000600,4946,1
hsa_circ_0008618,208908,0
hsa_circ_0002955,31401,0
51773,5462222,0
100128164,54671203,0
MIMAT0003130,5288826,0
5573,24180719,0
MIMAT0011778,1548943,0
hsa_circ_0077216,123865,0
hsa_circ_0002314,119307,0
MIMAT0024890,3496,1
hsa_circ_0036391,5755,0
hsa_circ_0004032,3229,0
MIMAT0000532,11433190,0
100129662,3006531,0
MIMAT0000418,444732,1
MIMAT0000454,387447,0
6615,42611257,0
100379249,5280427,0
MIMAT0005457,444254,0
MIMAT0000562,4095,0
hsa_circ_0085616,162282,0
MIMAT0004938,16078949,1
hsa_circ_0000557,23725625,0
MIMAT0001810,12967,0
MIMAT0004930,216345,0
MIMAT0000082,91820602,1
5970,10836,0
MIMAT0000198,25262965,0
MIMAT0000095,31703,1
MIMAT0013983,5641,0
MIMAT0001852,72304,0
MIMAT0001722,24268,1
100132707,97226,0
MIMAT0003409,135403648,0
MIMAT0005952,3071,0
MIMAT0000777,5881,0
MIMAT0001537,123596,0
hsa_circ_0034067,56649450,0
MIMAT0003727,5284583,1
MIMAT0001648,122724,0
hsa_circ_0011462,5222465,0
MIMAT0001072,47289,0
hsa_circ_0000255,5206,0
MIMAT0014029,24268,1
101928161,208908,0
MIMAT0001364,2336,0
hsa_circ_0060516,241,0
hsa_circ_0002987,462382,0
1407,54671203,0
6101,1673,0
hsa_circ_0002976,44631912,0
MIMAT0019916,3385,1
285548,10621,0
MIMAT0002866,6041,0
MIMAT0003241,74483,0
hsa_circ_0066556,5310940,0
hsa_circ_0068563,5743,0
100506696,5462222,0
103752588,448013,0
619455,544,0
MIMAT0004845,15939,0
MIMAT0018927,441074,0
hsa_circ_0047270,5950,0
MIMAT0000649,5757,1
101927021,6089,0
6494,5459308,0
MIMAT0004947,24360,0
653677,23973,0
MIMAT0015337,3220,0
MIMAT0000259,3385,1
hsa_circ_0026462,1983,0
101929574,13089,0
hsa_circ_0007117,969516,0
MIMAT0003127,31401,0
MIMAT0001627,5280951,0
MIMAT0015196,36314,0
MIMAT0000759,12967,0
MIMAT0019758,3385,1
105375401,442972,0
MIMAT0001840,16132265,0
MIMAT0002884,11960529,0
100129534,11226684,0
MIMAT0001700,9576410,0
MIMAT0000089,2767,1
MIMAT0000521,16197265,0
55165,5280445,0
645553,28486,0
101927811,5282350,0
MIMAT0000267,6857599,1
100144603,446556,0
MIMAT0001706,3496,0
25855,2733526,0
MIMAT0007347,441074,0
MIMAT0019745,4033,0
MIMAT0000793,6440495,1
MIMAT0018942,4624,0
MIMAT0000131,790,0
MIMAT0003340,261000,0
MIMAT0004784,9064,0
MIMAT0004677,5352624,0
101929427,6076,0
MIMAT0006588,5280795,0
150538,24288,0
100874058,164676,0
MIMAT0005898,2767,1
MIMAT0000769,4624,0
MIMAT0004565,5283344,0
hsa_circ_0088485,5280961,0
hsa_circ_0006528,119104,0
MIMAT0002809,108065,1
MIMAT0019018,5757,0
hsa_circ_0007333,5997,0
MIMAT0019956,60750,1
hsa_circ_0023115,9576410,0
MIMAT0019776,8029,0
MIMAT0000258,36314,1
MIMAT0000618,24180719,0
26220,9444,0
MIMAT0005944,31401,0
MIMAT0000249,6623,0
MIMAT0000101,5757,1
MIMAT0000892,54670067,0
MIMAT0001081,241,0
MIMAT0001412,141643,0
100128054,3961,0
29940,5394,1
MIMAT0004496,5790,1
MIMAT0000876,2733526,1
MIMAT0001784,11556711,0
MIMAT0016901,2236,0
MIMAT0003263,5280961,0
MIMAT0004660,24821094,0
MIMAT0001700,24360,0
MIMAT0035005,91820602,0
MIMAT0000371,636397,0
26298,5352624,0
5937,5280445,0
4855,10184653,0
hsa_circ_0088059,544,0
hsa_circ_0042265,41867,0
hsa_circ_0007275,3652,0
MIMAT0001859,5943,0
MIMAT0004567,9576410,0
MIMAT0005972,138374198,0
MIMAT0014998,439260,0
100130392,9804992,0
MIMAT0004937,54675776,0
101928530,985,0
344462,5994,0
MIMAT0003318,6106,0
hsa_circ_0020353,5280896,0
hsa_circ_0007006,5222465,0
hsa_circ_0000915,5073,0
MIMAT0003307,3652,0
MIMAT0016846,737139,0
100270828,2244,0
MIMAT0000228,36462,1
MIMAT0000866,6410,0
MIMAT0004901,145858,1
100287616,445434,0
MIMAT0003467,445580,0
hsa_circ_0001572,5284373,0
MIMAT0003286,54670067,1
MIMAT0015337,737139,0
MIMAT0000026,65348,0
344462,28486,0
MIMAT0000268,65110,0
MIMAT0003336,5281929,0
MIMAT0000689,60750,1
MIMAT0009451,229455,0
196968,5394,1
MIMAT0000425,451668,1
MIMAT0015194,2244,0
MIMAT0015329,148124,0
hsa_circ_0001985,16741,0
hsa_circ_0004315,60198,0
104266957,5280896,0
574029,6440495,0
hsa_circ_0048232,56843276,0
MIMAT0000860,6440495,1
MIMAT0004799,2767,1
MIMAT0004602,5641,0
MIMAT0005945,123631,1
MIMAT0000255,2733526,1
hsa_circ_0006131,1130,0
MIMAT0015363,44631912,0
MIMAT0002016,3496,1
MIMAT0018994,15,0
23612,2767,0
MIMAT0002854,11953817,0
hsa_circ_0022434,444795,0
MIMAT0000561,1983,1
MIMAT0015171,38904,0
MIMAT0004723,25262965,0
MIMAT0000578,6410,1
MIMAT0000210,5280795,0
MIMAT0003727,442793,0
MIMAT0015357,2353,0
MIMAT0003464,97226,0
MIMAT0004883,11626560,0
MIMAT0000418,5310940,1
MIMAT0001028,6089,0
100132103,53232,0
100886964,28486,0
100874043,30323,0
MIMAT0003233,138374198,0
101928530,60823,0
MIMAT0002816,6057,0
MIMAT0000275,5381226,0
MIMAT0014996,452548,0
MIMAT0002170,5310940,1
100129534,104741,0
389023,60953,0
MIMAT0001823,74483,1
MIMAT0003380,108065,0
MIMAT0000228,42611257,0
MIMAT0004723,60700,0
hsa_circ_0000825,445580,0
MIMAT0019037,56842234,0
hsa_circ_0071196,10621,0
hsa_circ_0072876,11953817,0
MIMAT0000264,3071,0
MIMAT0019053,10184653,0
100130935,60953,0
hsa_circ_0017449,1176,0
MIMAT0004674,5311,1
415056,6468,0
hsa_circ_0063575,15951529,1
hsa_circ_0000724,3386,0
2059,5281811,0
MIMAT0001388,448537,0
MIMAT0000065,38904,1
MIMAT0003472,5222465,0
MIMAT0000248,16741,0
646576,544,0
MIMAT0010357,141643,0
MIMAT0003296,444732,1
MIMAT0006789,5310940,1
hsa_circ_0001171,71496458,0
hsa_circ_0008518,46843772,0
hsa_circ_0023610,448537,0
hsa_circ_0008131,985,0
100129291,5881,0
MIMAT0018982,10184653,0
MIMAT0000527,6410,1
MIMAT0005902,5329102,1
MIMAT0004972,9444,0
MIMAT0000452,3007,0
MIMAT0003152,8029,1
MIMAT0003338,24180719,1
101927167,4033,0
MIMAT0000606,5281708,0
100506759,445154,0
MIMAT0000682,667639,0
100506126,2244,0
MIMAT0000256,216239,1
hsa_circ_0008494,60198,0
MIMAT0002834,2767,1
hsa_circ_0001572,47318,0
MIMAT0000438,91466,0
MIMAT0000238,443586,0
hsa_circ_0040773,6076,0
4321,1176,0
MIMAT0000051,31401,0
MIMAT0000433,5793,1
MIMAT0000652,5462222,0
MIMAT0001267,60780,0
MIMAT0000230,452548,0
MIMAT0000259,229455,0
hsa_circ_0007769,43815,0
MIMAT0001825,123631,0
MIMAT0000647,689043,0
MIMAT0000723,25244711,0
104355136,444254,0
MIMAT0000084,3657,1
MIMAT0000165,4891,1
MIMAT0001882,42113,0
MIMAT0002859,2662,0
hsa_circ_0042474,3397,0
MIMAT0000435,5757,1
MIMAT0000435,5280445,0
100506368,11433190,0
hsa_circ_0007250,9804992,0
hsa_circ_0037274,5881,0
MIMAT0000083,712,1
MIMAT0016920,38904,0
MIMAT0016847,25244711,0
MIMAT0000859,5951,0
hsa_circ_0019591,56649450,0
MIMAT0018971,6057,0
hsa_circ_0072876,4943,0
896,443586,0
MIMAT0000865,2578,0
102467147,5394,1
MIMAT0001619,9576410,0
6866,24759,0
hsa_circ_0037274,15951529,1
7508,5035,0
MIMAT0003184,9064,1
103752587,145858,0
645553,145858,0
MIMAT0003258,5361,0
MIMAT0004796,3488,0
MIMAT0005625,446556,0
hsa_circ_0000861,985,0
hsa_circ_0039930,15951529,1
MIMAT0001705,5284616,0
MIMAT0001788,15625,1
5610,6857599,1
hsa_circ_0008494,2907,0
100287616,2375,0
MIMAT0000262,10621,0
MIMAT0003255,2187,0
MIMAT0005823,261000,0
MIMAT0000423,3220,1
MIMAT0000384,210332,1
MIMAT0000757,5978,0
MIMAT0002867,5284583,0
MIMAT0000765,5755,1
hsa_circ_0059914,5943,0
hsa_circ_0063158,15951529,1
hsa_circ_0001440,5280961,0
10517,122634,0
hsa_circ_0000499,6076,0
MIMAT0003304,36314,1
MIMAT0000655,5757,1
MIMAT0002806,36314,1
MIMAT0004531,10621,1
hsa_circ_0069997,6253,0
MIMAT0006778,445154,0
MIMAT0005837,23725625,0
MIMAT0000755,10635,0
hsa_circ_0022383,3397,0
hsa_circ_0038090,2995,0
MIMAT0000810,54671203,0
100216479,712,0
MIMAT0000666,8490,1
MIMAT0000669,5959,0
hsa_circ_0005855,119307,0
MIMAT0000098,4158,0
MIMAT0001831,3229,0
MIMAT0004488,444254,0
MIMAT0000684,91466,0
MIMAT0003879,31703,1
MIMAT0000773,3385,1
MIMAT0000850,6505803,0
hsa_circ_0005046,126941,1
6101,439260,0
MIMAT0018204,36314,1
MIMAT0000422,24497,0
hsa_circ_0000040,25262965,0
hsa_circ_0005397,1207,0
hsa_circ_0076917,15951529,1
MIMAT0000426,123631,1
MIMAT0002884,11228183,0
MIMAT0015325,2187,0
MIMAT0000185,3006531,0
MIMAT0000103,36462,1
hsa_circ_0000648,24268,0
hsa_circ_0008771,9064,0
hsa_circ_0065264,36314,0
MIMAT0004799,5978,0
100506542,23939,0
MIMAT0005923,2578,0
MIMAT0018993,16741,0
MIMAT0004365,60852,0
MIMAT0003889,11226684,0
hsa_circ_0009362,11953817,0
MIMAT0000298,3007,0
MIMAT0000415,451668,1
100129554,123631,1
MIMAT0003490,1175,0
MIMAT0004620,13089,0
MIMAT0015076,60198,0
MIMAT0000523,54454,0
hsa_circ_0042435,11953817,0
hsa_circ_0020460,5352624,0
MIMAT0004646,28486,0
MIMAT0000639,11953817,0
MIMAT0015140,60823,0
MIMAT0004692,6167,0
MIMAT0000892,148124,0
hsa_circ_0037447,24360,0
hsa_circ_0006156,44631912,0
MIMAT0018179,56843276,0
MIMAT0018108,5222465,0
MIMAT0005911,216239,1
MIMAT0015007,43815,0
hsa_circ_0043634,445154,0
MIMAT0000149,14888,0
MIMAT0019817,3007,0
MIMAT0019756,3386,0
MIMAT0000272,2375,0
MIMAT0003209,171548,0
MIMAT0005826,91820602,0
MIMAT0004672,60750,0
MIMAT0018002,6106,0
MIMAT0000530,5757,1
MIMAT0000101,5280961,0
MIMAT0001736,445858,0
100289255,6167,0
MIMAT0004978,3385,1
100379571,3385,1
MIMAT0018971,442793,0
MIMAT0004578,77999,0
MIMAT0004280,3763,0
hsa_circ_0000008,3019,0
MIMAT0000884,5359268,0
100996732,5281811,0
100126791,446556,0
MIMAT0014028,25262965,0
344887,5394,1
105377105,41867,0
MIMAT0004970,2353,0
MIMAT0000441,5757,1
MIMAT0019018,91820602,0
hsa_circ_0069821,5360373,0
100286844,5206,0
MIMAT0005595,3071,0
hsa_circ_0000676,5280896,0
MIMAT0003307,6279,0
MIMAT0004939,21109,0
MIMAT0015363,77999,0
MIMAT0002863,17754356,0
MIMAT0001827,6076,0
hsa_circ_0092303,25227436,0
101928516,241,0
hsa_circ_0090328,3902,0
MIMAT0019838,11707110,0
MIMAT0000711,1832,0
MIMAT0004948,5793,1
MIMAT0002869,8029,0
MIMAT0000417,1176,0
hsa_circ_0004032,42113,0
hsa_circ_0003315,49803145,0
hsa_circ_0003759,5997,0
hsa_circ_0006131,5284616,0
MIMAT0001781,24759,0
MIMAT0000733,5459308,0
MIMAT0004683,449171,0
hsa_circ_0003695,15951529,1
hsa_circ_0008554,4943,0
MIMAT0000877,8029,1
MIMAT0019861,644241,0
MIMAT0001819,638278,0
hsa_circ_0045219,5950,0
hsa_circ_0002971,5743,0
MIMAT0000903,449171,0
MIMAT0000721,2520,1
100506542,64971,0
100996259,138374198,0
MIMAT0000748,43815,0
MIMAT0002177,216239,0
MIMAT0000608,6036,0
MIMAT0019037,6089,0
hsa_circ_0080649,210332,0
MIMAT0004780,210332,0
hsa_circ_0001874,6410,0
hsa_circ_0063577,5743,0
hsa_circ_0000520,5311,0
MIMAT0000218,6918837,0
54660,5394,1
645166,451668,0
101927391,455658,0
MIMAT0003220,60823,0
101060524,9547215,0
MIMAT0016915,2733526,0
MIMAT0005880,60750,1
hsa_circ_0018440,29327,0
MIMAT0000569,444732,0
MIMAT0000885,42113,1
MIMAT0004567,216239,1
hsa_circ_0028861,16132265,0
MIMAT0000069,2733526,1
hsa_circ_0083530,65110,0
MIMAT0015337,455658,0
hsa_circ_0000324,77999,0
MIMAT0002840,3229,0
hsa_circ_0073647,1673,0
728463,5280427,0
MIMAT0000436,9064,1
MIMAT0003471,6918289,0
hsa_circ_0000963,2375,0
MIMAT0018191,8490,0
hsa_circ_0023610,65348,0
MIMAT0000707,9931953,0
MIMAT0005887,60838,0
105375401,5816,0
MIMAT0004687,97226,1
112267897,9949648,0
MIMAT0000221,2733526,1
MIMAT0015083,44631912,0
MIMAT0003457,5381226,0
MIMAT0000794,3386,0
MIMAT0000437,3779,0
55165,261004,0
hsa_circ_0008337,3779,0
645323,638278,0
MIMAT0003277,5310940,1
MIMAT0004514,97226,1
100506881,30323,0
MIMAT0000187,4091,0
MIMAT0015028,2767,0
MIMAT0000852,11707110,0
hsa_circ_0000792,24497,0
hsa_circ_0066536,6167,0
101927136,2733526,0
MIMAT0001536,148124,1
MIMAT0015172,3103,0
440416,47289,0
101927574,4095,0
hsa_circ_0000648,5073,0
101927482,145858,0
MIMAT0001948,5280896,1
hsa_circ_0063329,15951529,1
MIMAT0003281,5035,0
MIMAT0000904,5318517,0
390963,445639,0
MIMAT0015325,657237,0
hsa_circ_0059060,54675776,0
MIMAT0001863,1130,0
hsa_circ_0000818,122634,0
MIMAT0001618,3071,0
MIMAT0018191,5280896,0
MIMAT0000218,60852,0
hsa_circ_0000724,446220,0
652995,31703,1
MIMAT0000081,41867,1
102800310,5394,1
MIMAT0019699,156413,0
MIMAT0005949,5310940,1
MIMAT0002055,25227436,0
MIMAT0000862,216326,0
hsa_circ_0001568,3690,0
MIMAT0000198,2723601,0
MIMAT0001877,896,0
MIMAT0003214,6041,0
MIMAT0000269,148124,1
MIMAT0000567,210332,1
728558,3690,0
MIMAT0002810,5280795,0
MIMAT0000653,123865,0
hsa_circ_0003484,2662,0
MIMAT0000383,638278,0
hsa_circ_0009004,11635763,0
MIMAT0019017,24268,0
MIMAT0000445,712,1
MIMAT0007892,387447,1
MIMAT0002881,5462222,0
9383,5284373,0
MIMAT0001827,24821094,0
MIMAT0011778,1983,0
hsa_circ_0000255,1548943,0
MIMAT0000445,5310940,1
hsa_circ_0089371,123865,0
hsa_circ_0007990,5757,0
100287639,5865,0
MIMAT0000899,41867,0
MIMAT0003887,451668,0
MIMAT0000765,448537,1
MIMAT0004546,5035,0
MIMAT0005945,5310940,1
MIMAT0000573,2578,0
hsa_circ_0000525,443586,0
MIMAT0003879,5997,1
hsa_circ_0072876,441074,0
MIMAT0004505,5359268,0
MIMAT0000796,5282350,0
MIMAT0004886,5789,0
MIMAT0003467,9826528,0
hsa_circ_0036688,5291,0
hsa_circ_0000206,3028194,0
MIMAT0000751,36462,1
hsa_circ_0004390,3652,0
MIMAT0000435,5310940,1
MIMAT0003753,452548,0
MIMAT0003769,5311,0
101927171,6410,0
MIMAT0000791,11228183,0
hsa_circ_0007031,123631,0
hsa_circ_0042359,2051,0
100270746,11707110,0
5970,5978,1
MIMAT0000442,6167,0
MIMAT0004631,15625,0
MIMAT0001773,1832,0
101928674,3007,0
MIMAT0000885,10635,0
285548,23973,0
MIMAT0001948,5994,0
100130717,11960529,0
MIMAT0000381,3071,0
193629,9444,0
100861402,2336,0
hsa_circ_0020354,5280448,0
hsa_circ_0051799,4641,0
hsa_circ_0009582,72304,0
MIMAT0001821,72304,0
hsa_circ_0068458,702,0
MIMAT0015318,24268,1
MIMAT0009198,636397,0
MIMAT0000257,60750,1
hsa_circ_0085616,6857599,0
MIMAT0004504,25227436,0
645323,5881,0
MIMAT0015000,15,0
MIMAT0004856,9949648,0
hsa_circ_0092289,5318517,0
hsa_circ_0048232,23725625,0
MIMAT0001722,241,0
100507266,3652,0
MIMAT0016916,644241,0
MIMAT0003214,9898279,0
hsa_circ_0071106,5359268,0
MIMAT0000882,24268,0
MIMAT0019904,689043,0
MIMAT0003234,3103,0
25989,5746,0
hsa_circ_0001497,5793,0
hsa_circ_0000963,6918289,0
MIMAT0000432,4829,0
MIMAT0015166,6253,0
MIMAT0003320,60700,1
hsa_circ_0008554,3229,0
101927102,2051,0
MIMAT0000818,6918289,0
101926978,13089,0
MIMAT0004445,65064,0
MIMAT0001818,74483,1
hsa_circ_0072837,8490,0
hsa_circ_0001235,5280343,0
MIMAT0000159,5283344,0
MIMAT0004797,5793,1
MIMAT0000541,24360,0
MIMAT0000826,5943,0
MIMAT0015341,24268,1
MIMAT0004751,2733526,0
MIMAT0015042,5281929,0
MIMAT0001074,4641,0
MIMAT0002825,210332,0
MIMAT0003281,444732,1
MIMAT0000689,5280795,1
MIMAT0011777,54670067,0
MIMAT0000243,5281708,1
MIMAT0004505,123865,0
hsa_circ_0072904,104746,0
hsa_circ_0001849,43815,0
MIMAT0015027,8029,0
MIMAT0018975,44631912,0
MIMAT0003220,24497,0
MIMAT0026605,29327,0
hsa_circ_0043632,8378,0
hsa_circ_0006862,176870,0
100144597,6167,0
MIMAT0001819,15625,1
101927666,4829,0
hsa_circ_0044556,24360,0
MIMAT0005788,72304,0
MIMAT0001821,216239,0
hsa_circ_0043469,444254,0
hsa_circ_0076522,104746,0
hsa_circ_0009004,77999,0
hsa_circ_0085278,253602,0
MIMAT0003189,3779,0
MIMAT0000688,712,1
MIMAT0004552,3229,0
100507098,784,0
MIMAT0011777,3779,0
hsa_circ_0002082,29327,0
100505929,3657,0
MIMAT0005892,5318517,0
MIMAT0000593,65015,0
hsa_circ_0032682,4095,0
hsa_circ_0044556,6041,0
101928607,5361,0
MIMAT0004557,216326,1
MIMAT0000693,126941,0
101928796,2336,0
MIMAT0004610,11635763,0
hsa_circ_0000285,3007,0
MIMAT0000445,148124,1
hsa_circ_0058058,4095,0
MIMAT0000200,462382,0
100505865,6505803,0
51530,6857599,1
MIMAT0015000,21109,0
4321,3007,0
MIMAT0000817,4943,0
hsa_circ_0045219,638278,0
MIMAT0004574,4943,0
MIMAT0004723,31101,0
MIMAT0005883,31703,1
MIMAT0006700,5282350,0
MIMAT0000799,11433190,0
MIMAT0001588,65110,0
hsa_circ_0068458,11433190,0
MIMAT0015341,9547215,0
hsa_circ_0006784,6057,0
100861402,73581,0
MIMAT0004678,2336,0
hsa_circ_0026143,31101,0
MIMAT0017993,5280448,0
MIMAT0003317,60823,1
MIMAT0003945,285033,0
51773,6057,0
MIMAT0000792,6623,0
MIMAT0004621,60750,0
hsa_circ_0076155,5865,0
MIMAT0000794,45266826,0
hsa_circ_0000040,37542,0
hsa_circ_0008359,1110,0
MIMAT0001268,441074,0
MIMAT0003290,36314,1
MIMAT0000873,5280951,0
MIMAT0031893,3657,0
MIMAT0000520,60780,0
MIMAT0003125,5359268,0
MIMAT0000728,444254,0
MIMAT0003759,91466,0
hsa_circ_0042451,6253,0
100240735,11635763,0
hsa_circ_0025135,5284616,0
MIMAT0004445,36314,0
8452,11953817,0
MIMAT0019022,60750,1
MIMAT0002853,7222,0
MIMAT0035720,108065,0
MIMAT0001546,445858,1
hsa_circ_0037447,15951529,1
MIMAT0002816,10621,1
hsa_circ_0045219,3103,0
MIMAT0000663,3071,0
MIMAT0002891,2723601,0
MIMAT0006770,119104,0
MIMAT0003239,23973,0
MIMAT0015347,5462222,0
MIMAT0004701,3028194,0
MIMAT0009451,2578,0
619455,2907,0
MIMAT0001867,47725,0
MIMAT0002807,210332,0
hsa_circ_0007630,11707110,0
645687,72304,0
hsa_circ_0003201,439260,0
MIMAT0000066,36314,1
MIMAT0003304,42890,0
101929152,21633059,0
101929152,439260,0
MIMAT0000784,5959,0
MIMAT0004916,216345,0
MIMAT0000605,737139,0
hsa_circ_0006528,123631,0
hsa_circ_0000510,107985,0
100129075,10635,0
hsa_circ_0044837,11556711,0
MIMAT0004697,442428,0
MIMAT0004981,6857599,0
MIMAT0004933,443586,1
MIMAT0003286,222528,0
MIMAT0000383,5284616,1
MIMAT0015359,3488,0
MIMAT0000419,3385,1
MIMAT0000680,24821094,0
MIMAT0004703,5997,0
MIMAT0005588,5978,0
MIMAT0011432,31401,0
hsa_circ_0003315,47289,0
MIMAT0001800,452548,0
MIMAT0005628,65064,0
MIMAT0012852,8490,0
MIMAT0000903,3496,0
hsa_circ_0015796,72301,0
MIMAT0005339,2051,0
MIMAT0001830,56842234,0
MIMAT0004593,5310940,1
MIMAT0004643,657237,0
MIMAT0003199,56649450,0
MIMAT0000266,148124,1
654433,28486,0
MIMAT0000156,1548943,0
MIMAT0000796,5743,1
100009613,5394,1
MIMAT0004586,644241,0
MIMAT0004528,135403648,0
MIMAT0004546,445434,0
hsa_circ_0069574,15951529,1
MIMAT0000738,5978,1
MIMAT0015078,15625,0
MIMAT0014004,702,0
MIMAT0002175,5793,1
100129794,2662,0
MIMAT0003882,31703,1
MIMAT0005572,5538,0
100996590,37542,0
hsa_circ_0002082,9700,0
MIMAT0001725,444732,0
MIMAT0000439,56843276,0
MIMAT0015340,24268,1
MIMAT0004484,442428,0
hsa_circ_0065264,11228183,0
MIMAT0000099,148124,1
MIMAT0003181,30323,0
MIMAT0000511,5280896,1
MIMAT0000416,445858,1
MIMAT0000074,135403648,1
hsa_circ_0001171,10635,0
MIMAT0001270,5281811,0
MIMAT0001821,41867,0
MIMAT0000545,6857599,0
MIMAT0000618,3902,0
MIMAT0001837,4212,0
MIMAT0004703,5281811,0
MIMAT0000727,123631,1
MIMAT0000449,135403648,1
MIMAT0004784,11228183,0
MIMAT0004210,6001,0
MIMAT0002170,9700,0
8454,446220,0
389906,6440495,0
MIMAT0000253,222528,0
645553,3019,0
MIMAT0001079,9804992,0
MIMAT0019963,60198,0
MIMAT0002812,47725,0
MIMAT0000416,442972,1
MIMAT0002109,5459308,0
hsa_circ_0089652,638278,0
MIMAT0002171,114900,0
hsa_circ_0001355,5281614,0
MIMAT0004280,2767,0
hsa_circ_0004808,42611257,0
MIMAT0004670,8490,1
102723883,11953817,0
MIMAT0000231,3657,0
MIMAT0000416,72304,0
MIMAT0000774,446556,0
hsa_circ_0042459,4095,0
MIMAT0000805,15951529,0
MIMAT0006584,14403,0
MIMAT0002816,10635,1
MIMAT0003277,15,0
MIMAT0000065,31703,1
MIMAT0019972,5311,0
hsa_circ_0072025,38904,0
MIMAT0003176,5281614,0
MIMAT0004584,6857599,0
MIMAT0004956,135403648,0
MIMAT0003767,31703,0
MIMAT0004911,60750,1
MIMAT0019713,5959,0
MIMAT0001787,5997,0
MIMAT0000447,5311,1
MIMAT0019740,29327,0
MIMAT0000222,60750,1
MIMAT0000688,216326,0
1973,6468,0
MIMAT0003735,3220,0
MIMAT0000837,6440495,1
MIMAT0015038,1175,0
MIMAT0001631,3385,1
MIMAT0000454,5283344,0
MIMAT0000084,5951,0
MIMAT0003487,16741,1
MIMAT0011156,5950,0
MIMAT0000093,148124,1
100131733,6036,0
MIMAT0000068,2767,1
MIMAT0003309,8029,0
100873998,455658,0
MIMAT0019817,9949648,0
MIMAT0000762,6857599,1
MIMAT0000759,2733526,1
MIMAT0000727,667639,0
MIMAT0002870,5280453,0
hsa_circ_0062545,3220,0
MIMAT0000515,6041,0
MIMAT0000787,16078949,0
MIMAT0005824,442428,0
MIMAT0000756,442428,0
MIMAT0000205,6106,0
MIMAT0019789,3657,0
MIMAT0004779,667639,0
MIMAT0019708,2520,0
hsa_circ_0007117,6036,0
100506674,60953,0
MIMAT0004678,5793,0
MIMAT0026719,5073,0
MIMAT0017016,9915743,0
hsa_circ_0018499,15951529,1
MIMAT0019807,15,0
MIMAT0000151,60823,0
MIMAT0003377,60700,0
MIMAT0000533,4891,0
MIMAT0004488,253602,0
hsa_circ_0001772,4891,0
100289019,93004,0
103352670,1673,0
hsa_circ_0001275,24759,0
hsa_circ_0000813,60823,0
MIMAT0005301,176870,0
MIMAT0019716,444254,0
101928414,72301,0
MIMAT0003889,3117,0
MIMAT0000529,5288826,1
MIMAT0017017,3019,0
MIMAT0000256,445580,1
100129794,2733,0
MIMAT0002847,5757,1
MIMAT0004628,44631912,0
hsa_circ_0002078,638278,0
MIMAT0004513,5283344,0
MIMAT0000208,443586,1
MIMAT0019019,104746,0
101927027,5943,0
MIMAT0003049,5793,0
MIMAT0004513,8029,0
MIMAT0019040,5755,0
MIMAT0015072,3779,0
MIMAT0000376,5280445,0
MIMAT0015174,3062316,0
MIMAT0003304,60700,0
MIMAT0000278,5288826,1
MIMAT0004533,164676,0
MIMAT0004610,10635,1
100996732,5352624,0
MIMAT0000747,74483,0
MIMAT0001632,969516,1
hsa_circ_0000554,5288826,0
MIMAT0005883,5310940,1
hsa_circ_0040466,6013,0
MIMAT0000086,108065,0
hsa_circ_0000255,4091,0
hsa_circ_0068462,2236,0
MIMAT0001425,3386,0
hsa_circ_0004058,15951529,1
MIMAT0000429,3386,0
MIMAT0012734,3821,0
101927480,3657,0
hsa_circ_0004964,896,0
MIMAT0000852,5281929,0
MIMAT0001797,28486,0
MIMAT0003182,5538,0
MIMAT0015169,24268,1
hsa_circ_0070098,60780,0
MIMAT0026720,5865,0
MIMAT0001796,3821,0
MIMAT0001635,60750,1
hsa_circ_0000471,5959,0
MIMAT0023635,23973,1
MIMAT0019957,439260,0
MIMAT0000522,97226,0
MIMAT0004481,3220,1
MIMAT0002170,10635,0
MIMAT0000565,5206,0
MIMAT0001069,443586,0
MIMAT0001545,636397,0
MIMAT0003314,443586,0
MIMAT0000458,3385,1
hsa_circ_0025506,5035,0
hsa_circ_0006606,9064,0
MIMAT0000665,5997,1
MIMAT0003884,5280448,0
MIMAT0002104,636397,0
MIMAT0004922,9826528,0
100506258,229455,0
hsa_circ_0003484,5360373,0
MIMAT0003255,9576410,0
MIMAT0015362,5865,0
MIMAT0013984,6440495,0
hsa_circ_0003302,72304,0
101927541,3007,0
MIMAT0004704,5073,0
MIMAT0002880,6918289,0
MIMAT0000551,5743,0
MIMAT0018179,6918289,0
MIMAT0000710,3821,0
MIMAT0004901,5793,1
MIMAT0000703,126941,1
MIMAT0004893,72304,0
MIMAT0004801,3220,1
MIMAT0000243,60953,0
hsa_circ_0000458,5352624,0
102724316,445434,0
hsa_circ_0011571,3690,0
hsa_circ_0065384,5641,0
MIMAT0000758,2767,1
MIMAT0004450,2733526,0
100270680,6857599,1
MIMAT0000686,17754356,0
MIMAT0005318,3779,1
100507489,265237,0
MIMAT0003205,6623,0
100874366,5394,1
MIMAT0005796,2767,1
hsa_circ_0000818,1548943,0
MIMAT0014022,10184653,0
MIMAT0003326,3385,1
hsa_circ_0000746,5206,0
hsa_circ_0005004,5280445,0
hsa_circ_0005655,5793,0
MIMAT0000257,36314,1
MIMAT0000278,5394,1
MIMAT0003211,445154,1
MIMAT0003511,3397,0
MIMAT0017993,3071,0
MIMAT0004585,689043,0
MIMAT0000450,60750,1
MIMAT0004499,7222,0
hsa_circ_0084021,60780,0
MIMAT0002171,3385,1
hsa_circ_0001518,24821094,0
MIMAT0000217,10621,1
MIMAT0015072,13089,0
645682,4943,0
hsa_circ_0092329,9804992,0
MIMAT0004694,444254,0
MIMAT0019697,2767,1
hsa_circ_0003511,138374198,0
MIMAT0003181,4091,0
MIMAT0000671,5281614,0
MIMAT0000269,31703,1
MIMAT0016866,60198,0
MIMAT0012852,896,0
MIMAT0005828,7222,0
MIMAT0000537,54675776,0
MIMAT0000792,1176,0
hsa_circ_0001531,442972,0
MIMAT0000583,7222,0
MIMAT0003151,91820602,0
MIMAT0000804,4091,0
hsa_circ_0075281,1176,0
MIMAT0000076,2733526,1
645954,9915743,0
hsa_circ_0049462,2187,0
MIMAT0000153,5746,0
MIMAT0000817,141643,0
hsa_circ_0026462,222528,0
MIMAT0003049,444732,0
hsa_circ_0008432,15951529,1
MIMAT0004846,126941,0
101060524,4158,0
MIMAT0000080,24821094,0
100874343,11626560,0
MIMAT0005593,439530,0
100505576,208908,0
MIMAT0005633,387447,0
hsa_circ_0006156,5943,0
MIMAT0000451,123596,1
MIMAT0000600,122634,0
100507540,3496,0
MIMAT0000665,4763,0
hsa_circ_0023115,145858,0
hsa_circ_0064808,108065,0
MIMAT0000878,42611257,0
MIMAT0000617,9064,1
hsa_circ_0001646,21633059,0
MIMAT0004630,11626560,0
hsa_circ_0062865,5206,0
7040,15939,0
MIMAT0000815,4641,0
MIMAT0004536,6468,0
hsa_circ_0068464,2375,0
MIMAT0005031,54675776,0
MIMAT0019045,47725,0
MIMAT0004661,6037,0
MIMAT0000521,53232,0
101927686,5381226,0
MIMAT0000681,36462,1
hsa_circ_0066290,448013,0
MIMAT0003242,3763,0
MIMAT0000650,446556,0
MIMAT0001806,702,1
MIMAT0019757,443586,0
MIMAT0015037,3385,1
MIMAT0000076,2907,1
hsa_circ_0018652,1832,0
100652997,3902,0
hsa_circ_0006491,3071,0
MIMAT0000833,253602,0
MIMAT0019836,60750,1
100129554,6440495,0
MIMAT0003269,5997,0
MIMAT0014979,31703,1
hsa_circ_0001573,65110,0
hsa_circ_0004954,11228183,0
hsa_circ_0078607,4624,0
MIMAT0015138,10184653,0
51352,60953,0
MIMAT0015165,5212,0
MIMAT0000717,31703,1
hsa_circ_0076100,171548,0
101927220,6057,0
MIMAT0016925,6013,0
hsa_circ_0018499,24759,0
MIMAT0019708,42113,0
hsa_circ_0048956,42611257,0
MIMAT0002856,5757,1
MIMAT0000270,208908,0
MIMAT0017063,31703,1
100128811,89594,0
MIMAT0002891,2907,0
619455,119307,0
MIMAT0004565,222528,0
MIMAT0000419,5743,1
MIMAT0000426,24180719,1
MIMAT0015357,25244711,0
MIMAT0000686,6857599,0
hsa_circ_0000873,5281708,0
MIMAT0004669,11626560,0
MIMAT0005633,5381226,0
MIMAT0005278,21109,0
MIMAT0000081,451668,1
hsa_circ_0042459,241,0
105378769,15951529,0
26058,460612,0
MIMAT0001545,54670067,0
101928913,4091,0
hsa_circ_0000835,15951529,1
MIMAT0015188,2187,0
101926978,448013,0
MIMAT0004795,16741,0
MIMAT0000773,60750,1
MIMAT0013989,638278,0
MIMAT0000735,3386,0
hsa_circ_0005235,448013,0
MIMAT0003452,31703,0
MIMAT0018992,261004,0
MIMAT0004536,29327,0
100506930,5790,0
8454,6106,0
MIMAT0000531,42113,0
MIMAT0000604,5281811,0
MIMAT0000065,5280795,1
MIMAT0001809,37542,0
MIMAT0003276,5280896,0
100033435,2236,0
MIMAT0000703,24180719,1
MIMAT0000731,5757,0
hsa_circ_0000287,6167,0
hsa_circ_0048766,265237,0
MIMAT0004528,119104,0
hsa_circ_0001278,222528,0
hsa_circ_0036688,3345,0
MIMAT0005300,222528,0
MIMAT0003337,5538,0
102724246,5361,0
hsa_circ_0062610,4943,0
hsa_circ_0026153,8490,0
hsa_circ_0003201,455658,0
101927873,10836,0
101926964,5943,0
hsa_circ_0009577,24288,0
MIMAT0003228,42113,0
100130581,6505803,0
MIMAT0000129,445154,0
hsa_circ_0001445,44631912,0
MIMAT0000529,442428,0
MIMAT0002870,449171,0
hsa_circ_0006239,10635,0
MIMAT0002872,43815,1
MIMAT0017983,56842234,0
MIMAT0002884,5359268,1
MIMAT0004595,148124,0
MIMAT0002173,119307,1
MIMAT0000124,16197265,0
MIMAT0004916,5329102,1
MIMAT0000134,210332,1
100507056,439260,0
MIMAT0009977,4763,0
hsa_circ_0045219,5280343,0
MIMAT0001809,44259,0
MIMAT0000266,41867,1
MIMAT0000198,5284583,0
MIMAT0001721,9804992,0
hsa_circ_0000520,5743,0
MIMAT0019059,104842,0
MIMAT0007881,4829,0
MIMAT0003260,25227436,0
MIMAT0003474,6197,0
hsa_circ_0001772,9915743,0
MIMAT0000252,148124,1
100506258,5281004,0
MIMAT0003283,56842234,0
hsa_circ_0068465,21109,0
hsa_circ_0005941,5352624,0
MIMAT0003890,5459308,0
MIMAT0004952,6013,0
100130935,44259,0
MIMAT0005847,462382,0
hsa_circ_0007217,5284583,0
MIMAT0001784,31703,0
hsa_circ_0071174,23725625,0
MIMAT0000072,36462,1
MIMAT0000520,47289,0
1281,1548943,0
MIMAT0003507,9898279,0
MIMAT0000710,56843276,0
MIMAT0019721,222757,0
100505648,5360373,0
MIMAT0004949,445434,0
MIMAT0000369,657237,0
MIMAT0000650,11226684,0
hsa_circ_0002314,126941,1
100873920,222757,0
hsa_circ_0059216,4763,0
100033417,5394,1
MIMAT0005788,11433190,0
MIMAT0002874,5291,0
MIMAT0000855,1983,1
MIMAT0002807,21633059,0
hsa_circ_0000457,138374198,0
100131604,148124,0
MIMAT0000462,2520,1
MIMAT0015363,28486,0
MIMAT0000080,5641,0
hsa_circ_0006473,24759,0
hsa_circ_0063305,38904,0
MIMAT0000094,712,0
MIMAT0003306,3028194,0
MIMAT0000096,119307,1
MIMAT0000451,11626560,1
103752589,5394,1
MIMAT0002856,3385,1
MIMAT0001369,6115,0
MIMAT0000729,253602,0
MIMAT0000830,4212,0
hsa_circ_0005415,91820602,0
MIMAT0000817,10621,0
hsa_circ_0061346,5641,0
MIMAT0003285,216239,1
MIMAT0000432,636397,0
hsa_circ_0000370,6440495,0
MIMAT0000681,3385,1
hsa_circ_0000648,4946,0
MIMAT0004567,460612,0
MIMAT0003298,6013,1
MIMAT0003118,1548943,0
MIMAT0002807,14888,1
MIMAT0000595,452548,0
MIMAT0000369,4033,0
MIMAT0000648,24268,0
MIMAT0003119,5381226,0
hsa_circ_0001171,5284373,0
MIMAT0004655,444795,0
101928103,5394,1
MIMAT0001015,77999,0
100271075,3652,0
MIMAT0003209,3902,0
MIMAT0004974,5281614,0
MIMAT0003338,5994,0
MIMAT0001090,162282,0
MIMAT0000530,3902,0
hsa_circ_0040786,107985,0
hsa_circ_0003511,216345,0
MIMAT0004234,5359268,0
MIMAT0015187,6253,0
MIMAT0000797,2375,0
MIMAT0003465,3071,0
MIMAT0003735,14888,0
112267897,72301,0
MIMAT0000739,5310940,0
hsa_circ_0000285,9547215,0
MIMAT0019022,54680783,0
MIMAT0000149,2353,0
MIMAT0005301,6041,0
MIMAT0000783,29327,0
MIMAT0015319,689043,0
MIMAT0000536,3496,0
hsa_circ_0042435,47725,0
MIMAT0018095,712,0
MIMAT0001657,4624,0
MIMAT0000076,444732,1
MIMAT0000857,446220,0
MIMAT0002872,71496458,0
hsa_circ_0002113,31703,1
101927482,5206,0
55384,6036,0
7079,2995,0
MIMAT0001081,43815,0
MIMAT0001868,689043,0
MIMAT0000584,5280453,0
MIMAT0003151,5394,0
MIMAT0005952,5311,0
hsa_circ_0001490,712,0
MIMAT0019855,4943,0
hsa_circ_0061260,17754356,0
MIMAT0015197,2336,0
28996,97226,0
646324,16197265,0
MIMAT0004721,387447,0
MIMAT0001541,31703,1
hsa_circ_0000471,5280453,0
MIMAT0018000,3690,0
MIMAT0003474,28486,0
MIMAT0000788,216239,0
54660,148124,0
MIMAT0002842,60750,1
100874366,2244,0
MIMAT0001532,5865,0
100506759,5280445,0
MIMAT0000510,1175,0
MIMAT0000612,667639,0
MIMAT0019971,9826528,0
hsa_circ_0005354,644241,0
MIMAT0014001,6468,0
MIMAT0004950,141643,0
MIMAT0003247,36462,0
MIMAT0015339,24268,1
MIMAT0019971,8378,0
MIMAT0015042,56842234,0
MIMAT0004610,44631912,0
MIMAT0000420,2051,0
6615,1207,0
MIMAT0000101,969516,1
MIMAT0000689,5311,1
hsa_circ_0001329,5881,0
MIMAT0006584,9700,0
MIMAT0003480,60750,0
MIMAT0004640,9898279,0
MIMAT0004958,60700,0
hsa_circ_0028299,5865,0
hsa_circ_0023610,97226,0
MIMAT0001413,712,1
hsa_circ_0000907,5291,0
hsa_circ_0000287,42890,0
MIMAT0015026,25183872,0
26298,6857599,1
MIMAT0016846,2336,0
hsa_circ_0005087,446220,0
100507053,2995,0
MIMAT0003130,145858,1
MIMAT0004520,122724,0
MIMAT0000874,2236,0
MIMAT0000820,162282,0
MIMAT0000838,446220,0
hsa_circ_0001646,5280795,0
728374,65348,0
MIMAT0015027,5743,0
101927174,11707110,0
101929152,5394,1
100287082,24360,0
MIMAT0002873,5394,1
MIMAT0002870,5310940,1
MIMAT0003185,2336,0
MIMAT0002825,6167,0
100287616,104842,0
MIMAT0000073,5329102,1
MIMAT0003278,5755,0
MIMAT0002176,451668,0
100033434,42113,0
101928287,5284616,0
hsa_circ_0001818,11226684,0
201651,1110,0
MIMAT0001807,4641,0
hsa_circ_0088681,56842234,0
MIMAT0001390,42113,0
106481742,5394,1
MIMAT0000526,3220,0
hsa_circ_0050581,60838,0
MIMAT0004928,1207,0
441058,5073,0
100270746,47725,0
hsa_circ_0005974,15951529,1
MIMAT0019704,36314,0
MIMAT0002107,285033,0
MIMAT0003234,445154,0
MIMAT0000685,5950,0
hsa_circ_0082139,60198,0
104326188,31703,0
55165,6857599,1
hsa_circ_0006614,14888,0
MIMAT0014989,60823,0
101752399,737139,0
hsa_circ_0038138,455658,0
MIMAT0018356,5280343,0
MIMAT0005793,6410,0
MIMAT0019721,5281004,0
hsa_circ_0001445,15951529,1
hsa_circ_0089033,6106,0
MIMAT0016863,448537,0
hsa_circ_0007312,222757,0
MIMAT0000224,5641,0
MIMAT0002848,10635,0
MIMAT0003477,210332,1
MIMAT0045392,9915743,0
hsa_circ_0011448,6505803,0
MIMAT0015000,261000,0
MIMAT0000378,145858,0
MIMAT0004505,896,0
MIMAT0000770,93004,0
MIMAT0003892,5284616,1
hsa_circ_0069574,3117,0
hsa_circ_0047663,5280343,0
MIMAT0019032,442972,0
MIMAT0000554,896,0
101927482,1548943,0
MIMAT0000419,5291,1
MIMAT0003455,145858,0
105374631,5280795,0
hsa_circ_0003183,11707110,0
hsa_circ_0000141,5281708,0
728613,3103,0
hsa_circ_0078150,104758,0
MIMAT0018356,9949648,0
MIMAT0002809,208908,0
MIMAT0003218,3652,0
hsa_circ_0008623,6115,0
MIMAT0004643,47289,0
MIMAT0000167,6089,0
hsa_circ_0003602,5951,0
9774,265237,0
hsa_circ_0085923,6036,0
MIMAT0004907,9547215,0
MIMAT0001734,3345,0
MIMAT0001848,544,0
6175,114900,0
MIMAT0019716,3385,1
MIMAT0003496,210332,1
MIMAT0003765,65348,0
MIMAT0005921,6013,0
MIMAT0004798,10635,0
MIMAT0004508,448537,1
MIMAT0000785,60953,0
MIMAT0000101,13089,0
MIMAT0000686,31703,1
hsa_circ_0058361,462382,0
MIMAT0002838,439530,0
hsa_circ_0006795,119104,0
644919,5280961,0
hsa_circ_0058191,1832,0
MIMAT0000728,442793,0
MIMAT0003338,6410,0
54838,114900,0
MIMAT0001081,60838,0
MIMAT0003220,3385,1
MIMAT0000770,135403648,1
hsa_circ_0062865,5310940,0
MIMAT0003222,3385,1
hsa_circ_0088059,5460341,0
MIMAT0018002,60750,1
MIMAT0005794,6918837,0
MIMAT0000665,41867,0
23043,5280896,0
MIMAT0004979,3220,0
MIMAT0000121,253602,0
hsa_circ_0009654,1832,0
100144603,56843276,0
hsa_circ_0059216,17754356,0
100133311,97226,0
hsa_circ_0058191,23939,0
MIMAT0003280,444795,1
663,6857599,1
255812,11226684,0
MIMAT0001388,8490,0
892,5538,0
MIMAT0000646,2353,0
MIMAT0019784,5281929,0
hsa_circ_0048232,15951529,1
hsa_circ_0001222,6410,0
MIMAT0003182,10621,1
MIMAT0004894,2767,0
hsa_circ_0023404,97226,0
MIMAT0000681,5310940,1
hsa_circ_0049587,5310940,0
hsa_circ_0000510,24268,0
MIMAT0002178,5352624,0
MIMAT0004533,9931953,0
MIMAT0000386,6167,0
MIMAT0002854,5073,0
MIMAT0005826,2520,0
hsa_circ_0008615,104746,0
MIMAT0000592,3902,0
MIMAT0004187,3690,0
MIMAT0004894,445154,0
MIMAT0000092,5310940,1
MIMAT0017134,455658,0
199704,25262965,0
7040,6857599,1
101927489,5460341,0
MIMAT0019864,4763,0
MIMAT0015337,30323,0
MIMAT0000510,5997,1
MIMAT0000379,5790,0
MIMAT0005826,6057,0
MIMAT0000770,14888,1
hsa_circ_0001235,31101,0
MIMAT0001339,9949648,1
MIMAT0004948,4091,0
MIMAT0004450,45266826,0
MIMAT0003490,2520,0
101927489,65064,0
hsa_circ_0050581,208908,0
hsa_circ_0011245,261000,0
MIMAT0000097,3821,0
MIMAT0003737,5280961,0
MIMAT0000707,452548,0
9641,15951529,0
MIMAT0003286,5816,0
MIMAT0037307,5959,0
MIMAT0004800,60823,1
hsa_circ_0066874,5881,0
hsa_circ_0003441,638278,0
MIMAT0002819,14888,1
MIMAT0017017,455658,0
hsa_circ_0082140,15951529,1
MIMAT0000177,71496458,0
MIMAT0000238,14403,0
MIMAT0001764,3121,0
hsa_circ_0002755,985,0
MIMAT0003782,5997,0
MIMAT0004934,3006531,0
100132891,28486,0
MIMAT0005589,6001,0
102723099,5394,1
hsa_circ_0006392,5284373,0
hsa_circ_0009594,15951529,1
hsa_circ_0084727,5793,0
MIMAT0014928,21633059,0
100421746,5394,1
MIMAT0000068,442793,0
MIMAT0018002,3385,1
MIMAT0005339,1207,0
100292680,1832,0
MIMAT0004773,25244711,1
hsa_circ_0008817,23725625,0
hsa_circ_0007769,23725625,0
hsa_circ_0036399,6041,0
MIMAT0015026,60823,0
MIMAT0000617,46843772,0
MIMAT0000771,2995,0
MIMAT0012823,5743,1
MIMAT0003320,5790,1
MIMAT0002868,60780,1
MIMAT0000559,216326,0
100506207,124886,0
MIMAT0019749,702,0
MIMAT0003323,65348,0
MIMAT0006770,123865,0
MIMAT0003281,3386,0
646626,5997,0
MIMAT0011777,24180719,1
hsa_circ_0049587,5394,0
100506697,46843772,0
MIMAT0004532,5746,0
MIMAT0003756,712,0
MIMAT0000531,6036,1
MIMAT0005456,448537,1
100131604,5360373,0
MIMAT0002940,74483,0
MIMAT0001366,9444,0
MIMAT0000518,5280961,0
MIMAT0014025,1832,0
hsa_circ_0075281,387447,0
hsa_circ_0088485,1674,0
643827,5394,1
MIMAT0004886,3821,0
104355136,3007,0
MIMAT0003189,6410,1
hsa_circ_0000792,216326,0
MIMAT0004616,9064,1
hsa_circ_0004771,5283344,0
100129291,5291,0
hsa_circ_0051908,11433190,0
MIMAT0000782,1983,0
hsa_circ_0015796,11226684,0
MIMAT0000141,60838,0
MIMAT0004560,1175,0
MIMAT0000075,60700,1
hsa_circ_0092315,54671203,0
MIMAT0004985,119307,0
MIMAT0000613,43815,0
100289178,5329102,0
MIMAT0003321,6440495,0
MIMAT0001721,24268,1
hsa_circ_0058058,5288826,0
440416,6279,0
MIMAT0003191,896,0
100507629,54671203,0
hsa_circ_0032154,53232,0
MIMAT0000610,4641,0
MIMAT0002171,31703,1
hsa_circ_0033149,5951,0
MIMAT0019721,445580,0
hsa_circ_0005415,11635763,0
MIMAT0003896,6001,0
hsa_circ_0051799,141643,0
hsa_circ_0005949,16197265,0
MIMAT0000673,5757,1
hsa_circ_0005974,9804992,0
MIMAT0000812,3763,0
MIMAT0004976,36314,1
MIMAT0000644,6057,0
100507463,5310940,0
hsa_circ_0004771,229455,0
MIMAT0000611,56843276,0
hsa_circ_0006795,23939,0
hsa_circ_0003323,2907,0
100996301,4091,0
MIMAT0004798,73581,0
MIMAT0000596,5746,0
MIMAT0015169,3028194,0
hsa_circ_0035482,16741,0
MIMAT0015142,5361,0
MIMAT0003218,9949648,1
101927021,9576410,0
hsa_circ_0005004,72301,0
hsa_circ_0000817,208908,0
MIMAT0005878,54454,0
MIMAT0005972,31401,0
MIMAT0000646,444732,1
MIMAT0015066,17754356,0
MIMAT0000715,36314,1
MIMAT0000227,36314,1
MIMAT0004805,5997,0
MIMAT0019936,3385,1
hsa_circ_0000963,138374198,0
MIMAT0004939,5978,0
MIMAT0003881,216239,1
101929645,5394,1
MIMAT0019002,3385,1
6175,23939,0
MIMAT0003339,171548,0
hsa_circ_0000549,5978,0
101927230,5950,0
645954,60852,0
8454,5359268,0
MIMAT0003725,2578,0
hsa_circ_0004636,3961,0
hsa_circ_0003643,442793,0
hsa_circ_0001178,5816,0
hsa_circ_0001178,123631,0
hsa_circ_0002874,13089,0
101927750,241,0
MIMAT0003893,6857599,0
hsa_circ_0008337,4943,0
MIMAT0004841,443586,1
MIMAT0004542,9064,1
MIMAT0005595,445858,0
100533789,222757,0
MIMAT0007870,2907,0
MIMAT0004486,104842,0
MIMAT0000727,2520,1
MIMAT0000723,985,0
MIMAT0000442,11953817,0
MIMAT0000445,1176,1
MIMAT0003401,21633059,0
hsa_circ_0000825,5994,0
hsa_circ_0001847,4033,0
hsa_circ_0022142,5280448,0
MIMAT0004610,46843772,0
MIMAT0004767,5394,1
112267897,5394,1
hsa_circ_0057948,5793,0
MIMAT0000075,6623,1
MIMAT0000891,5280343,0
MIMAT0011161,737139,0
hsa_circ_0003461,11228183,0
MIMAT0000878,14403,0
hsa_circ_0007761,15951529,1
26058,5951,0
MIMAT0001536,2375,1
MIMAT0005794,9064,0
103352670,5318517,0
25855,5394,0
MIMAT0000155,5281004,1
MIMAT0000275,119307,1
hsa_circ_0009654,49803145,0
hsa_circ_0083092,11433190,0
MIMAT0000515,2520,0
MIMAT0001830,446220,0
hsa_circ_0017693,15951529,1
MIMAT0000271,4033,0
MIMAT0018068,30323,0
101929467,5283344,0
MIMAT0005788,30323,0
hsa_circ_0005741,5318517,0
100507257,64971,0
MIMAT0000259,4946,0
100874058,3229,0
MIMAT0001538,445858,0
MIMAT0005595,11626560,0
hsa_circ_0000549,28486,0
MIMAT0000077,448537,1
hsa_circ_0008616,23939,0
MIMAT0003474,56843276,0
147947,91820602,0
100033413,124886,0
MIMAT0001733,14888,0
MIMAT0004577,210332,1
MIMAT0000083,135403648,1
100506797,3652,0
hsa_circ_0085567,261004,0
hsa_circ_0001772,5641,0
MIMAT0000297,442972,0
MIMAT0000281,25244711,1
MIMAT0004911,24360,0
MIMAT0004938,5035,0
hsa_circ_0045234,3496,0
MIMAT0004871,5280343,0
hsa_circ_0001772,442793,0
MIMAT0004597,41867,0
hsa_circ_0002755,5360373,0
101929059,689043,0
MIMAT0015070,5881,0
MIMAT0001821,21633059,0
MIMAT0004939,1110,0
MIMAT0005797,44259,0
MIMAT0018097,285033,0
hsa_circ_0002971,36314,0
29940,9576410,0
MIMAT0000802,2236,0
hsa_circ_0007146,9949648,0
100144602,93004,0
MIMAT0017005,3345,0
MIMAT0018110,2907,0
100506495,24180719,0
MIMAT0002818,6918837,0
MIMAT0001072,126941,0
MIMAT0004494,3062316,0
101928796,16078949,0
101928931,64971,0
MIMAT0000528,210332,1
MIMAT0001369,5746,0
hsa_circ_0045234,36462,0
MIMAT0018443,9931953,0
hsa_circ_0063577,60953,0
MIMAT0001331,4943,0
MIMAT0000224,210332,1
MIMAT0002863,3117,0
100033435,451668,0
hsa_circ_0007250,54670067,0
MIMAT0000719,462382,0
692205,4212,0
100506860,5291,0
MIMAT0000232,636397,0
MIMAT0000540,44631912,0
MIMAT0000593,210332,1
MIMAT0013988,3062316,0
MIMAT0002840,2767,1
hsa_circ_0007217,15951529,1
hsa_circ_0001568,6918289,0
MIMAT0017950,11953817,0
MIMAT0004853,261000,0
MIMAT0000377,644241,0
hsa_circ_0000813,10836,0
MIMAT0000616,164676,0
MIMAT0000243,2520,1
MIMAT0004574,54670067,0
hsa_circ_0057105,6279,0
hsa_circ_0008896,667639,0
MIMAT0004528,9064,1
MIMAT0000048,6057,0
MIMAT0004743,5222465,0
MIMAT0005876,5641,0
MIMAT0014988,712,0
100533955,5978,1
MIMAT0002814,2767,1
MIMAT0005458,10621,1
MIMAT0005944,3385,1
hsa_circ_0063179,222528,0
MIMAT0013802,261004,0
MIMAT0000095,2236,0
hsa_circ_0071210,47318,0
MIMAT0003238,657237,0
MIMAT0015319,5280427,0
MIMAT0000455,712,1
MIMAT0002837,445580,0
hsa_circ_0005655,124886,0
MIMAT0000132,216239,0
hsa_circ_0087063,23725625,0
hsa_circ_0007761,6001,0
MIMAT0004762,5994,0
MIMAT0004708,24978538,0
MIMAT0005844,5212,0
MIMAT0000159,5757,1
100132891,4946,0
MIMAT0005908,41867,0
MIMAT0000752,108065,0
MIMAT0000431,36314,1
MIMAT0004495,9915743,0
MIMAT0000065,5310940,1
MIMAT0001534,74483,0
MIMAT0002846,24268,0
MIMAT0015064,5997,0
hsa_circ_0000036,6076,0
MIMAT0004798,448013,0
101928495,4158,0
MIMAT0015318,443586,0
hsa_circ_0040786,6857599,0
hsa_circ_0004315,644241,0
100506844,449171,0
MIMAT0000085,41867,1
hsa_circ_0007333,36462,0
hsa_circ_0088681,5035,0
650226,56649450,0
MIMAT0015068,8029,0
100131814,2187,0
MIMAT0003244,46843772,0
MIMAT0005626,4829,0
MIMAT0001268,444795,0
MIMAT0000072,5280951,1
MIMAT0000788,6001,0
MIMAT0015172,12967,0
MIMAT0000443,3103,0
MIMAT0000376,445858,1
MIMAT0000450,445434,0
hsa_circ_0005046,3386,0
MIMAT0003260,4091,0
MIMAT0005300,5950,0
338005,445639,0
MIMAT0000534,21633059,0
MIMAT0000176,5281929,1
MIMAT0017983,3385,1
MIMAT0000081,4641,0
MIMAT0003221,2375,1
MIMAT0005932,24497,0
101060524,6857599,0
25859,3220,0
MIMAT0003241,448537,0
MIMAT0015077,5359268,0
MIMAT0004693,5793,1
MIMAT0018074,17754356,0
MIMAT0000432,5755,1
102723465,24759,0
MIMAT0001021,443586,0
MIMAT0004210,210332,1
MIMAT0000437,11953817,0
MIMAT0000097,9547215,0
hsa_circ_0002965,222528,0
MIMAT0000639,6253,0
MIMAT0000213,3121,0
MIMAT0019022,89594,0
MIMAT0025123,23939,0
MIMAT0001030,6279,0
100129310,91820602,0
MIMAT0005280,5281708,0
MIMAT0000737,5288826,1
MIMAT0000710,60750,1
MIMAT0012852,5978,0
MIMAT0000554,3821,0
MIMAT0000432,23973,0
MIMAT0000146,657237,0
MIMAT0004667,71496458,0
100533789,11226684,0
MIMAT0002863,5865,0
hsa_circ_0000407,216345,0
MIMAT0000264,5757,1
hsa_circ_0006522,9547215,0
hsa_circ_0002987,448013,0
MIMAT0004708,119307,0
MIMAT0000837,25262965,0
hsa_circ_0007761,24497,0
101927480,5352624,0
hsa_circ_0084615,4891,0
hsa_circ_0008310,3657,0
MIMAT0003879,448537,1
MIMAT0014988,442793,0
MIMAT0000617,5538,1
hsa_circ_0002314,123596,0
MIMAT0016879,6857599,0
hsa_circ_0009012,72304,0
MIMAT0003307,9949648,0
MIMAT0004560,3385,1
MIMAT0017950,5329102,0
MIMAT0005459,56649450,0
MIMAT0000446,4829,0
MIMAT0000269,123596,1
MIMAT0000714,29327,0
101928517,4212,0
hsa_circ_0023404,54671203,0
101927891,636397,0
hsa_circ_0052154,451668,0
MIMAT0000272,667639,0
hsa_circ_0000199,2767,1
MIMAT0000565,5212,0
MIMAT0005791,72304,0
MIMAT0019055,702,0
MIMAT0002844,2767,1
MIMAT0003304,9949648,0
MIMAT0005595,5281004,0
MIMAT0000095,1548943,0
MIMAT0019778,13089,0
hsa_circ_0037447,8490,0
MIMAT0002867,11953817,0
MIMAT0004677,5310940,0
MIMAT0000569,6410,1
MIMAT0000457,2767,1
MIMAT0019826,5280453,0
MIMAT0003205,37542,0
MIMAT0001812,6076,0
MIMAT0004720,10836,0
MIMAT0005943,11626560,0
MIMAT0004495,119104,0
MIMAT0003163,104746,0
MIMAT0000680,38904,1
100130889,6036,0
hsa_circ_0090328,241,0
hsa_circ_0017695,5755,0
MIMAT0003150,2767,1
MIMAT0000748,2336,0
hsa_circ_0004934,644241,0
MIMAT0000755,107985,0
MIMAT0000732,11556711,0
MIMAT0015136,24268,1
MIMAT0005589,73581,0
MIMAT0000427,241,1
MIMAT0019851,2995,0
hsa_circ_0001372,42113,0
hsa_circ_0069821,636397,0
MIMAT0004674,16132265,0
MIMAT0002857,265237,0
MIMAT0000800,5288209,0
MIMAT0000664,216239,0
MIMAT0003190,5280453,0
hsa_circ_0005210,15951529,1
MIMAT0003473,210332,1
MIMAT0003766,3488,0
hsa_circ_0061260,445858,0
MIMAT0015072,60838,0
MIMAT0000706,47318,0
MIMAT0000262,442428,0
MIMAT0003123,737139,0
hsa_circ_0061891,41867,0
100506465,9700,0
MIMAT0019801,445580,0
hsa_circ_0004703,104746,0
MIMAT0004585,441074,0
MIMAT0003202,31401,1
MIMAT0000076,91820602,1
hsa_circ_0023255,2520,0
MIMAT0003495,5284616,0
100874261,445434,0
MIMAT0000442,171548,0
MIMAT0009448,36314,1
MIMAT0004846,21633059,0
MIMAT0000256,5329102,1
hsa_circ_0003620,5381226,0
MIMAT0000755,4624,1
MIMAT0000524,11707110,0
MIMAT0004450,5459308,0
MIMAT0000245,5310940,1
MIMAT0019886,108065,0
MIMAT0004982,60750,1
MIMAT0004925,3101,0
MIMAT0001777,5789,0
MIMAT0000691,3062316,0
MIMAT0015024,60700,0
MIMAT0003738,5280896,0
MIMAT0000449,91820602,1
MIMAT0017017,74483,0
MIMAT0000087,6279,0
101927931,9700,0
MIMAT0019984,737139,0
MIMAT0000096,5280453,1
MIMAT0000670,6918289,0
MIMAT0003393,4624,1
MIMAT0000855,452548,0
MIMAT0004189,5280453,0
MIMAT0003220,448013,0
MIMAT0004596,1832,0
MIMAT0000254,5757,1
MIMAT0000263,2520,1
101927352,17754356,0
hsa_circ_0003461,15951529,1
MIMAT0000818,73581,0
MIMAT0004837,3006531,0
hsa_circ_0026512,3779,0
MIMAT0000833,449171,0
hsa_circ_0018722,3101,0
MIMAT0000207,3652,0
MIMAT0002890,64971,0
MIMAT0000274,6197,0
MIMAT0000544,3019,0
hsa_circ_0002976,896,0
101927171,3229,0
MIMAT0007348,141643,0
hsa_circ_0089371,261004,0
100507334,77999,0
MIMAT0013983,6115,0
MIMAT0011162,4829,0
MIMAT0001413,5281614,0
MIMAT0004234,164676,0
MIMAT0003219,2520,1
MIMAT0003478,442428,1
MIMAT0000898,47936,0
MIMAT0000082,5310940,1
MIMAT0000449,6623,1
100131564,3779,0
MIMAT0001816,4763,0
MIMAT0001063,444732,0
hsa_circ_0002976,5943,0
hsa_circ_0056281,104741,0
MIMAT0000889,5359268,0
MIMAT0009391,439260,0
hsa_circ_0017628,216345,0
100506498,47725,0
100873940,8378,0
MIMAT0004672,969516,1
MIMAT0019848,1175,0
MIMAT0002854,3657,0
MIMAT0002171,2733526,0
103752587,5381226,0
100505881,119104,0
MIMAT0000460,60750,1
MIMAT0000222,5329102,1
100128675,4095,0
MIMAT0001341,31703,1
hsa_circ_0006614,2907,0
hsa_circ_0013055,1548943,0
197187,5462222,0
MIMAT0004723,164676,0
MIMAT0000570,176870,0
MIMAT0000460,5793,1
6425,6036,0
MIMAT0000256,38904,1
hsa_circ_0069821,60823,0
hsa_circ_0000520,6918837,0
hsa_circ_0000520,15951529,1
MIMAT0000796,6442177,0
MIMAT0000728,2662,0
hsa_circ_0001203,15951529,1
hsa_circ_0000036,2767,0
MIMAT0000134,97226,0
MIMAT0004883,3121,0
hsa_circ_0072857,65110,0
hsa_circ_0002060,23939,0
MIMAT0001618,5035,0
MIMAT0004946,9826528,0
MIMAT0000139,135403648,0
MIMAT0019765,16132265,0
MIMAT0001341,65064,0
hsa_circ_0011293,6279,0
MIMAT0000417,5281811,0
MIMAT0000784,241,0
MIMAT0004238,28486,0
hsa_circ_0001204,8378,0
MIMAT0000254,123631,1
1832,6057,0
hsa_circ_0087862,657237,0
hsa_circ_0003940,3652,0
MIMAT0007887,5291,0
51773,25183872,0
MIMAT0004569,4891,0
MIMAT0004738,47725,0
MIMAT0004853,3961,0
643827,689043,0
MIMAT0001280,47289,0
MIMAT0005891,5284616,0
MIMAT0004828,445858,0
MIMAT0019765,36462,0
MIMAT0000421,36314,1
MIMAT0000375,6918289,0
MIMAT0003325,44259,0
hsa_circ_0057105,15951529,1
MIMAT0004799,3071,0
100505865,1832,0
MIMAT0018097,5280951,0
MIMAT0000196,2733526,0
MIMAT0000439,13342,0
441307,5641,0
MIMAT0000101,5641,0
28996,148124,0
MIMAT0000053,17754356,0
MIMAT0003199,5284583,0
hsa_circ_0008806,5281614,0
hsa_circ_0000787,445434,0
100652772,5459308,0
MIMAT0000097,2520,1
hsa_circ_0000457,91466,0
MIMAT0004522,6036,0
MIMAT0003467,54680783,0
26058,5394,1
100874343,445580,0
hsa_circ_0000746,15951529,1
MIMAT0001648,5281929,0
MIMAT0015174,28486,0
MIMAT0019836,65015,0
MIMAT0004558,3385,1
hsa_circ_0000519,6167,0
hsa_circ_0045219,24821094,0
MIMAT0001725,644241,0
MIMAT0000723,5310940,1
hsa_circ_0056281,45266826,0
727896,5394,1
hsa_circ_0006392,1548943,0
MIMAT0005300,24180719,0
101927027,123631,0
hsa_circ_0008087,77999,0
hsa_circ_0028912,21633059,0
MIMAT0005596,1110,0
MIMAT0001798,65064,0
hsa_circ_0078150,443586,0
MIMAT0000200,60852,0
hsa_circ_0002131,7222,0
MIMAT0002807,36314,1
MIMAT0002818,2520,1
100506126,5361,0
MIMAT0004679,162282,0
MIMAT0000720,24268,0
100507217,5460341,0
MIMAT0000435,444254,0
MIMAT0000377,11556711,0
MIMAT0003881,5073,0
MIMAT0004656,3779,0
MIMAT0000564,148124,0
MIMAT0003189,10621,1
650226,3028194,0
MIMAT0004809,544,0
hsa_circ_0017077,93004,0
MIMAT0004799,5951,0
MIMAT0000616,636397,0
MIMAT0003461,11707110,0
hsa_circ_0002987,25183872,0
MIMAT0000082,2733526,1
MIMAT0000223,9949648,0
MIMAT0004840,124886,0
MIMAT0003474,42611257,0
MIMAT0000257,5291,1
100132967,636397,0
MIMAT0035720,31703,1
MIMAT0005635,444795,0
MIMAT0002829,11707110,0
MIMAT0004701,138374198,0
MIMAT0001390,5073,0
3169,3496,0
MIMAT0000449,89594,1
MIMAT0003249,544,0
hsa_circ_0018652,46843772,0
105374104,104842,0
hsa_circ_0008896,216239,0
MIMAT0000259,60823,1
MIMAT0000076,89594,1
hsa_circ_0040466,5288826,0
hsa_circ_0000773,5329102,0
MIMAT0000692,2767,1
MIMAT0002812,448537,1
MIMAT0001806,737139,0
MIMAT0003752,3220,0
MIMAT0001822,9700,0
MIMAT0000607,11953817,0
MIMAT0004667,65015,0
650226,47289,0
MIMAT0004897,443586,1
hsa_circ_0001372,5359268,0
MIMAT0000081,6197,0
MIMAT0001708,77999,0
hsa_circ_0001178,60780,0
MIMAT0002172,451668,0
MIMAT0001859,104842,0
MIMAT0000318,5311,1
MIMAT0001733,72301,0
MIMAT0002824,4641,0
MIMAT0000756,5281811,0
MIMAT0004524,145858,1
MIMAT0004692,138374198,0
MIMAT0000546,135403648,0
hsa_circ_0000102,10836,0
MIMAT0000542,11226684,0
MIMAT0005291,657237,0
hsa_circ_0049627,9700,0
hsa_circ_0000549,265237,0
MIMAT0000776,5743,1
MIMAT0004725,216345,0
MIMAT0000803,24268,0
hsa_circ_0086241,1110,0
MIMAT0001371,443586,0
MIMAT0000275,2767,1
MIMAT0000244,5757,1
MIMAT0000825,5310940,0
MIMAT0003340,445154,0
MIMAT0000654,12967,1
MIMAT0003211,65064,0
MIMAT0004646,9576410,0
MIMAT0000267,5361,0
hsa_circ_0084615,30323,0
100874043,5793,0
MIMAT0003458,5789,0
MIMAT0015000,5641,0
MIMAT0019820,42113,0
MIMAT0004825,6036,0
29797,5394,1
100506207,6253,0
MIMAT0000207,261000,0
MIMAT0003307,5755,0
100505832,5280360,0
MIMAT0000246,1176,0
MIMAT0004630,42611257,0
MIMAT0000610,47936,0
MIMAT0004523,24978538,0
hsa_circ_0000370,4641,0
MIMAT0003301,3019,0
100507500,2767,1
101927230,9576410,0
MIMAT0000416,5757,1
150538,47289,0
100132529,5394,1
MIMAT0004773,5462222,0
MIMAT0003123,5881,0
hsa_circ_0043632,445639,0
MIMAT0000843,89594,1
102724246,208908,0
MIMAT0000728,5793,1
MIMAT0007887,896,0
MIMAT0009206,8378,0
MIMAT0004921,6505803,0
hsa_circ_0070617,229455,0
hsa_circ_0001278,37542,0
MIMAT0000085,10836,1
MIMAT0000420,5757,1
724087,91466,0
MIMAT0000064,216239,1
hsa_circ_0007006,31101,0
MIMAT0000103,3385,1
MIMAT0000866,445639,0
MIMAT0003290,38904,1
MIMAT0007885,31703,1
MIMAT0019765,25244711,0
MIMAT0000386,1110,0
hsa_circ_0048164,3101,0
MIMAT0001732,5460341,0
hsa_circ_0003759,43815,0
MIMAT0000899,253602,0
hsa_circ_0003183,104758,0
MIMAT0001721,462382,0
MIMAT0016900,3652,0
MIMAT0000101,1175,0
hsa_circ_0084927,3652,0
hsa_circ_0003373,31101,0
hsa_circ_0009357,65110,0
MIMAT0000531,1673,0
MIMAT0018967,5462222,0
MIMAT0000227,31703,1
100874284,1674,0
106480679,176870,0
MIMAT0000542,54680783,0
MIMAT0000086,5310940,1
hsa_circ_0042451,5538,0
MIMAT0002849,9444,0
MIMAT0004907,8029,0
MIMAT0004676,5757,1
MIMAT0003252,60823,1
101927932,123631,0
hsa_circ_0001439,784,0
100286844,439530,0
MIMAT0002888,3385,1
MIMAT0000450,60953,0
hsa_circ_0001572,6253,0
MIMAT0002176,60606,0
hsa_circ_0008030,2995,0
101927174,10635,0
hsa_circ_0073647,6857599,0
hsa_circ_0009004,3101,0
MIMAT0000270,42611257,0
MIMAT0003389,60750,1
100126791,54675776,0
100144597,216326,0
MIMAT0001948,15,0
MIMAT0004445,72304,0
MIMAT0000723,17754356,0
MIMAT0003762,9444,0
MIMAT0002178,9444,0
MIMAT0000243,3385,1
MIMAT0000258,45266826,0
MIMAT0005595,89594,0
MIMAT0019838,5280445,0
MIMAT0004595,2733,0
hsa_circ_0006884,210332,0
MIMAT0000517,2733526,1
MIMAT0003269,5310940,1
MIMAT0004913,15,0
MIMAT0004929,5394,0
MIMAT0000784,4829,0
MIMAT0002882,46843772,0
MIMAT0015052,3488,0
MIMAT0000080,444732,1
MIMAT0000264,442793,0
MIMAT0016876,5206,0
MIMAT0019027,60750,1
MIMAT0015193,4158,0
100506783,455658,0
MIMAT0000419,31703,1
hsa_circ_0004846,6253,0
51716,54680783,0
652995,60750,1
hsa_circ_0003511,5746,0
MIMAT0005793,3385,1
hsa_circ_0088681,5318517,0
MIMAT0004972,4158,0
100287639,9064,0
MIMAT0003389,2767,1
MIMAT0000249,1983,0
6175,5283344,0
MIMAT0004189,455658,0
MIMAT0019689,5743,0
MIMAT0001342,3117,0
MIMAT0003393,2767,1
hsa_circ_0084021,6013,0
MIMAT0003280,1207,0
hsa_circ_0062865,56649450,0
MIMAT0004920,689043,0
100421746,5755,0
MIMAT0004893,64971,0
MIMAT0004508,5881,0
MIMAT0000879,445858,0
100652997,123865,0
hsa_circ_0002168,54671203,0
hsa_circ_0037447,16132265,0
MIMAT0001633,5755,0
MIMAT0003195,38904,0
hsa_circ_0087234,73581,0
MIMAT0002875,3220,1
100132891,5359268,0
hsa_circ_0049356,42113,0
hsa_circ_0042444,28486,0
MIMAT0004807,25262965,0
MIMAT0002112,443586,1
MIMAT0000539,6442177,0
MIMAT0000618,73581,0
MIMAT0005870,439260,0
MIMAT0000096,71496458,0
hsa_circ_0037972,2733526,0
hsa_circ_0007117,15951529,1
MIMAT0003507,72301,0
728463,445580,0
MIMAT0000759,60750,1
hsa_circ_0006784,31401,0
MIMAT0000646,2723601,1
MIMAT0001633,8029,1
hsa_circ_0080975,449171,0
MIMAT0000443,451668,1
MIMAT0004911,2187,0
MIMAT0006770,2995,0
MIMAT0000255,241,1
hsa_circ_0007275,141643,0
100507053,5282350,0
MIMAT0000840,60606,0
MIMAT0005828,36314,0
MIMAT0003753,702,1
hsa_circ_0044837,3103,0
MIMAT0004861,442428,1
103752588,5291,0
100507099,6505803,0
hsa_circ_0003940,5280795,0
MIMAT0000229,2723601,0
MIMAT0007875,6115,0
MIMAT0004210,4641,0
MIMAT0001532,2520,1
MIMAT0000565,6167,0
hsa_circ_0000773,2733526,0
hsa_circ_0072797,222528,0
MIMAT0000441,15625,0
MIMAT0003464,16197265,0
101929027,5284583,0
MIMAT0000546,6106,0
hsa_circ_0063623,5394,0
hsa_circ_0004703,54671203,0
MIMAT0000220,16078949,0
hsa_circ_0001829,15951529,1
100506046,25262965,1
MIMAT0005942,2375,0
hsa_circ_0088485,145858,0
hsa_circ_0075402,23725625,0
MIMAT0000527,12967,0
hsa_circ_0003273,64971,0
MIMAT0000765,969516,1
MIMAT0001081,443586,1
hsa_circ_0004808,15951529,1
MIMAT0000456,387447,0
MIMAT0001340,25183872,0
MIMAT0002861,285033,0
MIMAT0012735,56649450,0
hsa_circ_0086694,5280896,0
100506866,3385,0
MIMAT0003201,54680783,0
MIMAT0002839,5789,0
MIMAT0005589,3117,0
hsa_circ_0087400,1832,0
101929023,47725,0
MIMAT0000156,1673,0
hsa_circ_0089762,60750,0
hsa_circ_0064808,60198,0
29108,4946,0
MIMAT0016879,229455,0
hsa_circ_0029426,2723601,0
MIMAT0000513,5755,0
MIMAT0000823,89594,1
MIMAT0019979,452548,0
MIMAT0000853,443586,0
MIMAT0015026,442972,0
100506759,3902,0
101929574,222528,0
MIMAT0004770,5311,1
MIMAT0000544,8490,1
MIMAT0019848,6857599,0
MIMAT0003312,11556711,0
100874041,462382,0
MIMAT0004825,44259,0
MIMAT0000655,5284616,1
MIMAT0000261,141643,0
hsa_circ_0068514,5793,0
hsa_circ_0007006,3028194,0
MIMAT0000530,6918837,1
hsa_circ_0031027,42113,0
MIMAT0000894,11635763,0
MIMAT0000735,4624,0
MIMAT0025412,5310940,0
MIMAT0000275,2375,1
MIMAT0019913,6001,0
MIMAT0000252,3229,1
MIMAT0015343,114900,0
MIMAT0019069,47289,0
hsa_circ_0045234,5222465,0
hsa_circ_0036683,38904,0
MIMAT0001809,74483,1
MIMAT0001364,6440495,0
MIMAT0004210,28486,0
hsa_circ_0026153,5284583,0
MIMAT0000525,9804992,0
MIMAT0000423,5310940,1
MIMAT0003409,210332,1
101927873,444795,0
hsa_circ_0000861,36462,0
MIMAT0000274,38904,1
101928607,5394,1
MIMAT0000071,9931953,0
MIMAT0004926,5381226,0
MIMAT0004949,45266826,0
MIMAT0004503,3690,0
MIMAT0014928,60953,0
hsa_circ_0008337,3028194,0
MIMAT0000511,6623,0
MIMAT0000773,5280360,0
MIMAT0004979,29327,0
hsa_circ_0063623,21633059,0
100289255,3220,0
hsa_circ_0072805,208908,0
101927750,452548,0
7508,460612,0
MIMAT0004918,14403,0
MIMAT0013982,10836,0
MIMAT0016886,4891,0
hsa_circ_0000742,1130,0
MIMAT0004220,5997,0
105373984,3028194,0
MIMAT0000461,5394,1
MIMAT0000665,969516,0
MIMAT0000843,6440495,0
MIMAT0003299,60700,0
MIMAT0000784,5288826,0
hsa_circ_0028299,15951529,1
hsa_circ_0003423,2767,0
MIMAT0003291,2767,1
hsa_circ_0071174,5212,0
MIMAT0000705,7222,0
MIMAT0016878,107985,0
MIMAT0001541,5793,1
hsa_circ_0002874,31703,1
MIMAT0000244,216326,0
MIMAT0000243,13089,0
MIMAT0000957,3496,1
hsa_circ_0003183,1983,0
MIMAT0004694,5329102,0
hsa_circ_0036750,9949648,0
MIMAT0018976,60750,1
hsa_circ_0078150,265237,0
MIMAT0000065,41867,0
MIMAT0000554,689043,0
102723465,65110,0
MIMAT0003474,445639,0
105373984,46843772,0
MIMAT0004662,23939,0
hsa_circ_0002483,3220,0
MIMAT0004592,6036,0
MIMAT0000091,5816,0
MIMAT0003331,6505803,0
652995,5284616,1
MIMAT0001882,229455,0
MIMAT0003317,1130,0
MIMAT0015018,60606,0
MIMAT0000242,36314,1
hsa_circ_0003511,11635763,0
6494,49803145,0
hsa_circ_0000604,5280360,0
MIMAT0004894,45266826,0
hsa_circ_0072876,123865,0
hsa_circ_0001497,72301,0
MIMAT0000426,31703,1
100506258,3961,0
MIMAT0018104,3071,0
MIMAT0003240,5283344,1
hsa_circ_0000500,73581,0
MIMAT0016900,5284583,0
hsa_circ_0061251,15951529,1
MIMAT0000244,445580,1
MIMAT0005828,104741,0
100499489,36462,0
892,123596,0
MIMAT0003490,11953817,0
MIMAT0003281,56843276,0
MIMAT0000449,1983,1
105375401,60700,0
MIMAT0005797,24180719,1
MIMAT0000103,712,1
MIMAT0001366,6623,0
100505538,5394,1
100996335,4763,0
MIMAT0002843,11953817,0
MIMAT0000421,387447,1
hsa_circ_0000419,126941,1
hsa_circ_0001449,5281614,0
MIMAT0000791,44259,0
MIMAT0000855,24360,0
hsa_circ_0087963,16132265,0
MIMAT0015325,3821,0
hsa_circ_0002078,12967,0
MIMAT0004284,60750,1
MIMAT0015076,45266826,0
MIMAT0015041,5793,0
MIMAT0000722,44631912,0
MIMAT0000816,119307,0
MIMAT0001340,60750,1
2149,2353,0
MIMAT0001793,6440495,0
hsa_circ_0008615,38904,0
hsa_circ_0030162,5283344,0
645323,54671203,0
MIMAT0042989,145858,0
101927489,9949648,0
hsa_circ_0001311,47725,0
MIMAT0003765,49803145,0
hsa_circ_0084615,3386,0
MIMAT0005336,3220,0
MIMAT0001546,455658,0
hsa_circ_0000792,14888,0
MIMAT0000223,3961,0
MIMAT0004662,2733526,0
hsa_circ_0061251,43815,0
101927667,5283344,0
MIMAT0004743,24360,0
101929027,156413,0
MIMAT0003764,8029,0
MIMAT0000205,5789,0
MIMAT0003879,36462,1
hsa_circ_0008223,241,0
MIMAT0005285,74483,0
6425,23939,0
MIMAT0015017,65110,0
MIMAT0002824,5757,0
MIMAT0001846,9547215,0
MIMAT0001742,3397,0
MIMAT0004981,1674,0
MIMAT0004888,89594,0
101928516,24978538,0
MIMAT0000244,38904,1
MIMAT0004738,5789,0
MIMAT0019765,5793,0
MIMAT0004926,5460341,1
100270980,6857599,1
MIMAT0004586,444254,0
MIMAT0000867,2236,1
MIMAT0019919,37542,0
MIMAT0000646,451668,1
MIMAT0000096,2662,1
988,148124,0
MIMAT0000189,2051,0
MIMAT0004809,441074,0
hsa_circ_0072387,3117,0
MIMAT0000772,2353,0
MIMAT0001848,5282350,0
MIMAT0005443,60953,0
hsa_circ_0000519,6106,0
hsa_circ_0008359,5283344,0
MIMAT0000211,6468,0
hsa_circ_0011448,261000,0
MIMAT0000318,176870,1
389023,25244711,0
hsa_circ_0005235,5793,0
MIMAT0019695,5284616,0
MIMAT0001273,5381226,0
231,2051,0
MIMAT0018083,4095,0
MIMAT0002842,5978,0
MIMAT0002809,444732,1
MIMAT0019936,60700,0
MIMAT0003340,2767,1
MIMAT0003169,5281004,1
100996307,5394,1
MIMAT0003466,446220,0
MIMAT0001731,5283344,0
MIMAT0014989,2244,0
hsa_circ_0002314,60780,0
MIMAT0003495,208908,0
MIMAT0001887,3961,0
MIMAT0018977,6623,0
MIMAT0000660,10836,0
MIMAT0000440,445580,1
MIMAT0003487,15,0
MIMAT0000852,6013,0
MIMAT0003380,3121,0
MIMAT0000150,4891,0
hsa_circ_0008016,3101,0
hsa_circ_0026302,5943,0
MIMAT0003309,5280445,0
MIMAT0000549,135403648,0
MIMAT0000838,2236,0
MIMAT0000765,5310940,1
MIMAT0003466,5288209,0
MIMAT0000616,4095,0
MIMAT0018943,445858,0
MIMAT0001788,60780,0
hsa_circ_0000604,25227436,0
hsa_circ_0000516,1176,0
MIMAT0000532,5284616,1
MIMAT0000532,445858,0
MIMAT0000606,7222,0
MIMAT0003320,60838,1
MIMAT0001546,9898279,0
MIMAT0001734,24268,1
hsa_circ_0003620,5755,0
hsa_circ_0001880,60198,0
MIMAT0004937,60823,0
MIMAT0005880,3019,0
100129662,91466,0
100129075,11433190,0
MIMAT0000782,11556711,0
MIMAT0000177,3496,1
MIMAT0004499,5284616,0
MIMAT0002876,5793,1
MIMAT0003176,5743,1
MIMAT0026605,64971,0
MIMAT0001631,3657,1
MIMAT0015329,42611257,0
MIMAT0001413,444732,1
MIMAT0001779,11228183,0
hsa_circ_0001721,23725625,0
hsa_circ_0071174,145858,0
hsa_circ_0000673,444732,0
MIMAT0001883,3821,0
MIMAT0000707,42890,1
MIMAT0005863,36314,1
101927171,5361,0
MIMAT0000051,5288826,0
hsa_circ_0030162,6057,0
hsa_circ_0003273,441074,0
hsa_circ_0008952,60198,0
hsa_circ_0092329,54671203,0
344595,28486,0
MIMAT0015027,636397,0
MIMAT0004743,9898279,0
MIMAT0000223,443586,1
MIMAT0002872,135403648,1
MIMAT0019905,60953,0
hsa_circ_0000604,60750,0
MIMAT0004612,60700,0
MIMAT0004947,60750,1
158381,6279,0
MIMAT0015326,24268,1
MIMAT0004616,108065,1
MIMAT0004595,5284583,0
hsa_circ_0036287,15951529,1
101927642,3121,0
MIMAT0004663,47725,0
MIMAT0019972,3385,1
MIMAT0000081,712,1
MIMAT0001734,122724,0
MIMAT0004870,12967,1
439949,9064,0
MIMAT0004708,5291,0
MIMAT0004563,24268,0
654433,3345,0
MIMAT0000083,31703,1
MIMAT0004616,969516,1
MIMAT0004674,444732,0
hsa_circ_0007031,2662,0
hsa_circ_0001147,43815,0
hsa_circ_0000792,15951529,1
100506668,441074,0
6290,216326,0
MIMAT0003271,13089,0
MIMAT0000759,6623,0
MIMAT0017988,2907,0
641638,5793,0
MIMAT0004916,5793,1
55370,16078949,0
MIMAT0001865,74483,1
hsa_circ_0029345,3006531,0
MIMAT0004693,16078949,0
MIMAT0000819,253602,0
MIMAT0001538,77999,0
hsa_circ_0091692,56842234,0
hsa_circ_0003552,6623,0
hsa_circ_0011462,5978,0
101928103,265237,0
hsa_circ_0001545,5959,0
MIMAT0005523,2733,0
MIMAT0000680,451668,1
hsa_circ_0014737,5035,0
MIMAT0003753,4891,0
MIMAT0004187,72304,0
MIMAT0016900,122724,0
MIMAT0000705,5310940,1
MIMAT0005336,3961,0
MIMAT0001278,636397,0
MIMAT0019956,2244,0
100505839,644241,0
645954,3961,0
MIMAT0045392,13342,1
MIMAT0001341,5280795,1
MIMAT0003455,5978,0
MIMAT0003215,10621,0
100507632,31703,1
MIMAT0004524,702,0
MIMAT0004978,3345,0
hsa_circ_0078654,2767,0
MIMAT0002805,148124,1
115804232,5538,0
MIMAT0001867,11635763,0
MIMAT0005291,56842234,0
101929147,72301,0
MIMAT0001536,6013,0
100287216,5035,0
MIMAT0000737,3220,0
MIMAT0000515,122724,0
MIMAT0018943,5865,0
hsa_circ_0061260,6106,0
101926978,44259,0
162632,3652,0
MIMAT0004955,5283344,0
MIMAT0000445,31703,1
hsa_circ_0011462,445434,0
MIMAT0004522,6410,1
MIMAT0000207,9064,0
MIMAT0003328,636397,0
MIMAT0004800,5310940,1
MIMAT0016895,11228183,0
MIMAT0003490,5284373,0
MIMAT0000253,5310940,1
MIMAT0001805,10635,0
440416,9064,0
100505576,2244,0
MIMAT0003300,451668,0
MIMAT0000820,5280961,0
hsa_circ_0091692,6115,0
MIMAT0000123,5284373,0
MIMAT0013982,5997,0
MIMAT0005635,2767,0
MIMAT0004978,16078949,0
MIMAT0003380,1175,0
MIMAT0003409,56649450,0
51741,47725,0
MIMAT0003320,148124,1
MIMAT0004982,3385,1
102724571,23725625,0
MIMAT0000069,14888,1
hsa_circ_0003201,65110,0
MIMAT0003252,9826528,0
MIMAT0003511,712,0
MIMAT0004188,460612,0
hsa_circ_0035482,460612,0
MIMAT0000266,6918289,0
MIMAT0001338,5359268,1
hsa_circ_0082179,1130,0
MIMAT0000727,176870,0
9383,6013,0
MIMAT0001807,6918837,0
MIMAT0003283,126941,1
MIMAT0000128,5280961,0
MIMAT0002868,64971,0
MIMAT0015195,11626560,0
MIMAT0018975,644241,0
MIMAT0000257,5951,0
hsa_circ_0039261,216345,0
677769,5997,0
104326188,4624,0
MIMAT0001365,439260,0
MIMAT0013993,12967,0
MIMAT0000068,36314,1
MIMAT0000770,2767,1
MIMAT0014028,5288826,0
101927136,11626560,0
hsa_circ_0000773,387447,0
hsa_circ_0005086,6076,0
hsa_circ_0030162,3779,0
MIMAT0003769,445639,0
MIMAT0003218,5310940,1
MIMAT0004856,23725625,0
hsa_circ_0008030,44631912,0
101928858,5394,1
MIMAT0004770,6037,0
MIMAT0015190,455658,0
MIMAT0000271,43815,0
hsa_circ_0062163,29327,0
100129291,5284583,0
8453,2578,0
MIMAT0000617,4763,0
MIMAT0003782,2520,0
MIMAT0000093,54671203,1
5997,6001,0
MIMAT0000258,23973,0
MIMAT0005865,387447,1
MIMAT0005576,25244711,1
MIMAT0004828,31401,1
MIMAT0005589,138374198,0
100505839,3071,0
MIMAT0003396,25244711,0
hsa_circ_0008382,446556,0
MIMAT0015035,5280896,0
hsa_circ_0005907,24978538,0
hsa_circ_0029345,5283344,0
MIMAT0001037,5359268,1
MIMAT0002061,4091,0
hsa_circ_0006862,6076,0
MIMAT0016890,5381226,0
hsa_circ_0003738,462382,0
MIMAT0000759,6857599,1
MIMAT0000728,43815,0
MIMAT0019796,5743,0
MIMAT0003308,444732,1
MIMAT0000386,445858,0
MIMAT0004751,119307,0
MIMAT0019784,1207,0
MIMAT0015139,122724,0
MIMAT0001338,11556711,0
MIMAT0004738,107985,0
MIMAT0000093,5310940,1
hsa_circ_0000157,5288209,0
MIMAT0015341,5283344,0
MIMAT0003280,31703,1
MIMAT0011156,60953,0
105372147,60750,1
100289019,60750,0
100132923,3961,0
55165,5865,0
105373984,5394,1
MIMAT0015142,24268,1
hsa_circ_0001440,3690,0
MIMAT0019972,2236,0
MIMAT0005635,23973,1
MIMAT0001275,444795,0
MIMAT0000646,60823,0
MIMAT0019905,119307,0
hsa_circ_0009618,6918289,0
101928796,3690,0
MIMAT0000894,11707110,0
MIMAT0000228,455658,0
MIMAT0003259,47725,0
hsa_circ_0049587,31401,0
hsa_circ_0022434,25244711,0
MIMAT0000220,969516,1
MIMAT0004701,5288826,0
MIMAT0000659,15939,0
51427,3019,0
hsa_circ_0083026,7222,0
hsa_circ_0034067,91466,0
MIMAT0003886,5311,1
MIMAT0005891,5997,0
MIMAT0001859,176870,0
MIMAT0019864,445639,0
286827,4829,0
MIMAT0003377,54670067,0
MIMAT0014008,23939,0
101929423,5394,1
173401,31101,0
hsa_circ_0092289,31401,0
hsa_circ_0008382,104746,0
MIMAT0004495,439260,0
MIMAT0000441,77999,0
MIMAT0014025,462382,0
MIMAT0000141,6623,0
hsa_circ_0023404,15,0
101929147,2662,0
hsa_circ_0000237,6106,0
MIMAT0005945,11626560,0
162632,42890,0
MIMAT0003766,222528,0
hsa_circ_0003441,4624,0
100533955,3117,0
55109,445639,0
101927932,2767,0
MIMAT0003233,104758,0
MIMAT0000103,5978,1
MIMAT0000445,5755,1
hsa_circ_0001386,2662,0
MIMAT0000555,16132265,0
hsa_circ_0068697,31703,0
MIMAT0000552,89594,1
100151643,47936,0
MIMAT0000584,2662,0
MIMAT0000257,123631,1
MIMAT0000276,126941,0
MIMAT0000253,2767,1
MIMAT0004639,689043,0
MIMAT0001852,1674,0
MIMAT0000233,13342,0
MIMAT0001793,5280427,0
hsa_circ_0006903,442428,0
100270680,47936,0
hsa_circ_0041019,6623,0
344462,126941,0
MIMAT0005339,37542,0
hsa_circ_0039930,24497,0
MIMAT0004609,11953817,0
MIMAT0011778,36314,1
MIMAT0000428,5793,1
MIMAT0019836,3385,1
MIMAT0004237,5281004,1
hsa_circ_0068458,135403648,0
hsa_circ_0002971,216345,0
MIMAT0000534,4943,0
100874131,9444,0
100499484,89594,0
MIMAT0015055,265237,0
hsa_circ_0050055,15951529,1
MIMAT0015342,24268,1
hsa_circ_0009577,6115,0
644919,123865,0
hsa_circ_0043634,141643,0
hsa_circ_0084021,15951529,1
MIMAT0005949,119307,1
MIMAT0018184,9444,0
MIMAT0018068,2375,0
645996,13342,0
hsa_circ_0001974,171548,0
hsa_circ_0001318,2520,0
100873920,60700,0
MIMAT0004764,6857599,0
MIMAT0003467,446220,0
MIMAT0015324,2336,0
100499484,6442177,0
hsa_circ_0005655,15951529,1
MIMAT0000655,4641,0
MIMAT0001372,285033,0
26080,667639,0
MIMAT0005906,4158,0
MIMAT0000680,2236,0
MIMAT0015054,3121,0
MIMAT0001657,42611257,0
MIMAT0019756,2187,0
MIMAT0003376,60606,0
hsa_circ_0028912,3019,0
hsa_circ_0087063,441074,0
100073347,6041,0
101927416,6041,0
hsa_circ_0000030,60606,0
MIMAT0000686,784,0
MIMAT0000559,3690,0
100144597,171548,0
hsa_circ_0011462,54671203,0
MIMAT0001742,135403648,0
MIMAT0000095,11626560,0
hsa_circ_0003441,444795,0
641518,9931953,0
645954,985,0
54660,60852,0
100507489,60606,0
100507246,93004,0
MIMAT0000451,2767,1
MIMAT0025123,5282350,0
645553,11433190,0
MIMAT0048133,3117,0
MIMAT0026473,5329102,0
572,6857599,1
MIMAT0000616,2051,0
101929059,5281004,0
MIMAT0019957,3028194,0
MIMAT0015139,4891,0
MIMAT0026739,104842,0
MIMAT0004532,41867,0
100132169,3028194,0
MIMAT0001706,10621,0
MIMAT0002850,216239,0
MIMAT0000163,446556,0
MIMAT0000738,5284583,0
MIMAT0004920,135403648,0
101927174,5288826,0
MIMAT0003885,712,1
MIMAT0003221,3385,1
hsa_circ_0006382,2236,0
101927489,737139,0
MIMAT0000738,77999,0
MIMAT0000518,31401,0
MIMAT0000314,6468,0
100874043,5359268,0
MIMAT0000866,657237,0
MIMAT0002171,441074,0
MIMAT0004982,5291,1
MIMAT0023617,5035,0
MIMAT0003469,12967,0
MIMAT0004958,31703,1
MIMAT0004926,156413,0
hsa_circ_0070616,667639,0
hsa_circ_0072387,5352624,0
hsa_circ_0003838,657237,0
MIMAT0000244,2767,1
MIMAT0004701,104842,0
hsa_circ_0074930,448013,0
hsa_circ_0001445,11635763,0
MIMAT0000132,8490,1
MIMAT0000665,210332,1
MIMAT0000443,969516,1
MIMAT0000795,89594,1
MIMAT0003945,8029,0
100507540,2187,0
MIMAT0003457,5281004,0
MIMAT0009447,2353,0
MIMAT0000753,5329102,0
MIMAT0000253,56843276,0
MIMAT0000689,3690,1
MIMAT0000739,443586,1
MIMAT0007348,3117,0
MIMAT0018000,56842234,0
MIMAT0020976,5789,0
MIMAT0000099,72304,0
MIMAT0000682,3821,0
MIMAT0019771,1175,0
100240735,5394,1
MIMAT0003159,11626560,0
MIMAT0002882,31401,0
MIMAT0002820,16741,0
MIMAT0022496,65348,0
652995,2767,1
MIMAT0015357,5288209,0
100128675,638278,0
MIMAT0003338,5310940,1
MIMAT0014007,171548,0
MIMAT0011777,6918837,0
MIMAT0015359,10635,0
25855,6857599,1
MIMAT0006587,253602,0
1281,444795,0
MIMAT0005972,445580,0
54838,5359268,0
MIMAT0002859,702,0
hsa_circ_0047641,107985,0
102724246,3961,0
100507246,216239,1
MIMAT0015072,5283344,0
MIMAT0004838,11635763,0
MIMAT0015344,44259,0
MIMAT0019069,60750,1
hsa_circ_0005965,446220,0
101927592,56843276,0
MIMAT0000138,8490,1
MIMAT0000743,2375,0
MIMAT0006700,24821094,0
MIMAT0015078,2733526,0
MIMAT0003765,5394,0
MIMAT0001342,119104,0
387723,445434,0
hsa_circ_0018652,5755,0
101101772,11226684,0
29940,11707110,0
hsa_circ_0022142,1176,0
100286844,6167,0
MIMAT0004911,3385,1
MIMAT0000140,5280343,1
MIMAT0004703,5284373,0
hsa_circ_0087564,60953,0
MIMAT0003896,6410,1
MIMAT0000216,5318517,0
MIMAT0005987,54675776,0
MIMAT0004593,38904,0
MIMAT0005457,3345,0
hsa_circ_0007326,3961,0
100288798,164676,0
MIMAT0000868,123865,0
MIMAT0000644,2187,0
MIMAT0004602,3121,1
100132529,9898279,0
MIMAT0000778,11433190,0
100505538,222757,0
MIMAT0018097,3121,0
MIMAT0003407,5538,0
100996732,56649450,0
MIMAT0003308,451668,1
hsa_circ_0048956,261000,0
MIMAT0000212,11953817,0
101927592,3386,0
MIMAT0004496,25244711,1
MIMAT0004841,5280360,0
MIMAT0003288,5352624,0
101927391,6857599,0
101101772,6857599,1
MIMAT0004487,5222465,0
643827,5311,0
MIMAT0000846,5284373,0
MIMAT0015143,37542,0
MIMAT0005625,3101,0
MIMAT0000230,667639,0
hsa_circ_0072857,216326,0
MIMAT0003308,5361,0
MIMAT0000077,8490,0
102724312,3652,0
MIMAT0000211,25262965,0
MIMAT0004595,4891,0
MIMAT0003210,5757,1
MIMAT0018080,5280360,0
MIMAT0001648,44259,0
hsa_circ_0089652,712,0
MIMAT0001339,11226684,0
MIMAT0022692,60838,0
101929574,9949648,0
5654,5206,0
hsa_circ_0007006,97226,0
MIMAT0004939,31703,1
hsa_circ_0001721,24180719,0
MIMAT0023622,1832,0
101101772,3117,0
MIMAT0003458,122634,0
MIMAT0002807,11626560,0
MIMAT0015323,54670067,0
hsa_circ_0001278,6037,0
MIMAT0005860,444254,0
101928304,5280427,0
MIMAT0000752,164676,1
26033,6041,0
MIMAT0015026,8490,0
hsa_circ_0005086,60780,0
hsa_circ_0087357,4212,0
hsa_circ_0004032,5281614,0
MIMAT0015027,3121,0
MIMAT0002840,141643,0
MIMAT0000781,445639,0
MIMAT0003881,460612,0
MIMAT0002853,5280448,0
MIMAT0005457,5994,0
MIMAT0000095,5793,1
MIMAT0005633,441074,0
hsa_circ_0044907,5746,0
100506696,5459308,0
MIMAT0000784,216345,0
MIMAT0004879,46843772,0
MIMAT0015028,442428,0
MIMAT0002811,5793,0
hsa_circ_0071174,5280448,0
MIMAT0005911,444732,0
MIMAT0000100,10635,1
MIMAT0000126,9898279,1
hsa_circ_0004254,47936,0
MIMAT0015138,784,0
MIMAT0000569,2733,0
hsa_circ_0022392,64971,0
MIMAT0000070,5757,1
hsa_circ_0070098,5280453,0
MIMAT0012848,702,0
101929660,5943,0
MIMAT0018078,445154,0
MIMAT0000437,460612,0
MIMAT0004280,737139,0
hsa_circ_0029345,2578,0
101927931,3779,0
hsa_circ_0006392,47318,0
100507099,442428,0
MIMAT0004946,6623,0
MIMAT0000432,36314,1
MIMAT0000092,119307,1
MIMAT0001781,3117,0
MIMAT0000281,23939,0
MIMAT0002848,1673,0
MIMAT0003167,38904,0
MIMAT0015325,462382,0
MIMAT0000091,3121,0
MIMAT0022692,5282350,0
hsa_circ_0000614,439260,0
101929059,896,0
MIMAT0004858,11226684,0
MIMAT0018001,5994,0
MIMAT0002807,7222,0
MIMAT0000079,56843276,0
MIMAT0000231,5291,0
hsa_circ_0000510,6041,0
MIMAT0005633,446220,0
MIMAT0000097,138374198,1
5937,6857599,1
25850,14888,0
MIMAT0000278,14888,1
245,24759,0
MIMAT0000524,3229,0
hsa_circ_0075896,25262965,0
MIMAT0000421,42611257,0
MIMAT0019776,3397,0
MIMAT0000565,3488,0
MIMAT0004978,5281614,0
100132967,667639,0
MIMAT0000580,6440495,0
MIMAT0022834,71496458,0
MIMAT0005596,3657,0
MIMAT0005932,222528,0
MIMAT0015164,387447,0
MIMAT0000091,5997,1
MIMAT0014007,8490,0
MIMAT0000605,2733526,1
MIMAT0000225,24268,0
MIMAT0000243,43815,1
hsa_circ_0090328,15951529,1
hsa_circ_0063329,148124,0
hsa_circ_0003552,4624,0
MIMAT0000263,91820602,1
MIMAT0000154,5281929,0
231,17754356,0
hsa_circ_0000206,93004,0
hsa_circ_0040188,104842,0
hsa_circ_0006862,10621,0
MIMAT0004896,4891,0
MIMAT0000383,3121,0
105374104,6468,0
101928414,1110,0
MIMAT0000748,24288,0
MIMAT0015018,448013,0
MIMAT0016846,6089,0
MIMAT0015346,24759,0
MIMAT0001796,5360373,0
MIMAT0004907,60700,0
hsa_circ_0005185,14403,0
MIMAT0002112,5288826,0
387978,784,0
MIMAT0003887,31703,1
MIMAT0000278,148124,1
MIMAT0004556,13089,0
hsa_circ_0091894,119104,0
MIMAT0015065,37542,0
54660,5793,0
100505881,72301,0
hsa_circ_0017628,23939,0
MIMAT0000664,5280951,0
MIMAT0000594,4943,0
MIMAT0004556,5288209,0
51100,64971,0
MIMAT0005340,53232,0
MIMAT0019926,11960529,0
MIMAT0003487,985,0
MIMAT0004730,46843772,0
MIMAT0003259,5310940,1
MIMAT0000726,36314,1
100287616,4763,0
MIMAT0001830,702,1
MIMAT0018937,36314,0
MIMAT0000278,104741,1
MIMAT0014011,3902,0
hsa_circ_0089652,241,0
MIMAT0004743,123631,0
MIMAT0003303,54680783,0
MIMAT0015173,104842,0
MIMAT0004958,2520,1
MIMAT0001882,451668,0
MIMAT0000261,702,1
MIMAT0004736,4829,0
hsa_circ_0045862,448537,0
MIMAT0000536,5950,0
MIMAT0000087,445580,1
MIMAT0006778,5318517,0
MIMAT0000872,8029,1
MIMAT0000127,445580,0
MIMAT0000722,3385,1
MIMAT0015097,4829,0
hsa_circ_0000237,5281004,0
MIMAT0000786,689043,0
MIMAT0015141,11960529,0
100129858,5310940,0
MIMAT0000187,54670067,0
MIMAT0000245,43815,1
MIMAT0019904,9949648,1
MIMAT0001074,23973,1
MIMAT0017005,689043,0
100507246,145858,0
MIMAT0001742,439260,0
MIMAT0007892,37542,0
MIMAT0000792,15625,0
MIMAT0001090,446220,1
MIMAT0019058,73581,0
MIMAT0005949,1674,0
MIMAT0000099,3385,1
MIMAT0004954,285033,0
MIMAT0000607,41867,0
MIMAT0005460,5743,0
hsa_circ_0014737,5288826,0
hsa_circ_0041523,5281004,0
MIMAT0004972,445858,0
MIMAT0002178,5281708,0
hsa_circ_0002955,455658,0
hsa_circ_0023249,5793,0
MIMAT0003890,3062316,0
MIMAT0009196,145858,0
hsa_circ_0002971,446556,0
MIMAT0000273,702,0
MIMAT0005911,1110,0
MIMAT0001807,25227436,0
100505738,36314,0
MIMAT0000552,3071,0
hsa_circ_0068462,441074,0
MIMAT0003238,445434,0
MIMAT0004921,47936,0
hsa_circ_0069997,6440495,0
MIMAT0004826,60953,0
MIMAT0000140,8490,1
hsa_circ_0001545,60953,0
MIMAT0001759,6253,0
MIMAT0019721,5790,0
MIMAT0019893,45266826,0
hsa_circ_0025202,5359268,0
hsa_circ_0051908,11556711,0
MIMAT0019953,60700,0
MIMAT0005336,5881,0
hsa_circ_0000792,16078949,0
MIMAT0004595,25262965,0
MIMAT0005880,3220,1
MIMAT0000888,3902,0
hsa_circ_0005949,208908,0
MIMAT0004578,5793,0
hsa_circ_0004851,445154,0
hsa_circ_0063575,10621,0
MIMAT0018081,36314,0
5970,443586,0
MIMAT0000445,3229,1
102467146,5394,1
MIMAT0000421,3488,0
MIMAT0000196,21633059,0
MIMAT0003393,43815,1
MIMAT0019844,60750,1
hsa_circ_0005855,24288,0
MIMAT0000685,3071,0
MIMAT0019776,5280453,0
339005,37542,0
101752399,667639,0
MIMAT0003327,985,0
MIMAT0001387,9064,0
MIMAT0000220,108065,1
MIMAT0014990,3386,0
MIMAT0000048,17754356,0
101929147,5865,0
MIMAT0019058,56843276,0
100144602,104741,0
MIMAT0003478,108065,1
hsa_circ_0061260,135403648,0
100505538,5329102,0
MIMAT0000892,3779,1
MIMAT0004500,11226684,0
hsa_circ_0026153,6076,0
MIMAT0000418,5282350,0
hsa_circ_0000504,72301,0
MIMAT0004926,6468,0
hsa_circ_0028912,119104,0
MIMAT0002817,60780,0
1973,2187,0
MIMAT0001876,3397,0
MIMAT0004534,1983,0
MIMAT0004687,10635,0
MIMAT0003287,47725,0
MIMAT0005908,5310940,1
728192,5394,1
1832,104746,0
MIMAT0000862,638278,0
MIMAT0004879,216345,0
hsa_circ_0087862,3386,0
MIMAT0000274,36314,1
hsa_circ_0078654,5329102,0
29940,24497,0
MIMAT0000156,3779,0
MIMAT0000531,2662,0
MIMAT0000071,667639,0
8454,156413,0
MIMAT0000763,6505803,0
100652739,1673,0
MIMAT0000081,148124,1
101927528,65064,0
hsa_circ_0061251,54670067,0
MIMAT0004556,3220,1
728192,445154,0
MIMAT0000644,16132265,0
MIMAT0000648,3397,0
hsa_circ_0075320,4763,0
100506465,4891,0
MIMAT0017141,4946,1
MIMAT0000888,72301,0
MIMAT0003307,4943,0
MIMAT0001630,2907,0
23015,3117,0
MIMAT0004871,5352624,0
MIMAT0000703,445434,0
MIMAT0003769,6041,0
101669762,222757,0
MIMAT0001780,439260,0
hsa_circ_0003426,229455,0
hsa_circ_0003908,65064,0
MIMAT0005595,702,0
MIMAT0014989,2336,0
MIMAT0000072,2995,1
MIMAT0015325,6041,0
MIMAT0015000,53232,0
MIMAT0002818,60852,0
hsa_circ_0001545,56843276,0
MIMAT0015038,5288209,0
MIMAT0004758,443586,1
MIMAT0003499,16078949,1
MIMAT0000772,3385,1
hsa_circ_0004851,73581,0
MIMAT0000788,5280445,0
MIMAT0002856,3902,0
MIMAT0000420,5978,1
100507266,4641,0
MIMAT0004603,24821094,0
MIMAT0000200,784,0
hsa_circ_0051908,241,0
101927718,47318,0
MIMAT0001623,25262965,0
hsa_circ_0006862,23939,0
MIMAT0000707,14888,1
hsa_circ_0001386,2236,0
MIMAT0004796,210332,0
hsa_circ_0001204,445858,0
MIMAT0000426,5283344,0
100126793,60953,0
MIMAT0003880,31101,1
MIMAT0004188,107985,0
4321,5361,0
MIMAT0000253,60750,1
MIMAT0000053,3690,0
hsa_circ_0047663,5359268,0
100130691,123631,0
MIMAT0000187,4829,0
MIMAT0015166,31703,0
MIMAT0000009,2733,0
MIMAT0015318,2336,0
MIMAT0000903,3779,1
105374104,6106,0
MIMAT0003474,13342,0
MIMAT0001723,42611257,0
MIMAT0000258,452548,0
hsa_circ_0058191,3779,0
MIMAT0000557,1832,0
MIMAT0000667,6041,0
MIMAT0016920,451668,0
MIMAT0000281,60750,1
MIMAT0005318,9700,0
MIMAT0016913,444795,0
MIMAT0001831,10836,0
101928607,702,0
101929027,5394,1
101926964,216326,0
100130392,4158,0
MIMAT0000727,442428,1
MIMAT0004514,10621,0
MIMAT0001771,4763,0
MIMAT0000646,108065,0
101927220,442972,0
101929120,2733526,0
MIMAT0000769,11626560,0
MIMAT0004500,449171,0
MIMAT0000731,23973,0
hsa_circ_0004709,65110,0
101929423,3028194,0
hsa_circ_0022434,544,0
MIMAT0003338,123631,1
hsa_circ_0001122,5459308,0
hsa_circ_0049356,24268,0
MIMAT0003389,42890,0
MIMAT0000090,6857599,1
MIMAT0014023,712,0
MIMAT0019815,11707110,0
MIMAT0006770,2187,0
4976,56842234,0
MIMAT0018179,9804992,0
MIMAT0000228,5310940,1
hsa_circ_0000036,6440495,0
MIMAT0004700,5280961,0
MIMAT0002178,1674,0
hsa_circ_0008122,156413,0
MIMAT0004893,5329102,0
MIMAT0000594,135403648,0
MIMAT0003191,5291,0
MIMAT0001835,74483,1
hsa_circ_0071174,5280896,0
102724105,5280448,0
MIMAT0015070,71496458,0
hsa_circ_0060733,11635763,0
MIMAT0000281,17754356,0
100499177,210332,0
MIMAT0002810,6918837,0
MIMAT0001825,11635763,0
MIMAT0000669,5281811,0
MIMAT0015007,162282,0
MIMAT0005584,3386,0
MIMAT0004751,5757,0
hsa_circ_0022963,6057,0
hsa_circ_0001721,285033,0
hsa_circ_0013058,969516,0
hsa_circ_0036287,985,0
MIMAT0004528,17754356,0
MIMAT0000808,54671203,0
MIMAT0002888,8490,0
MIMAT0001091,5281004,0
MIMAT0000433,2767,1
MIMAT0019916,24821094,0
100132529,441074,0
MIMAT0003276,74483,0
hsa_circ_0000458,11228183,0
MIMAT0001090,5280453,0
103352670,42113,0
MIMAT0003480,1674,0
100132891,5394,1
MIMAT0002866,60780,1
MIMAT0019796,12967,0
MIMAT0010313,784,0
MIMAT0000515,5282350,0
MIMAT0005932,253602,0
hsa_circ_0001361,5288826,0
MIMAT0004491,3385,1
hsa_circ_0008359,712,0
hsa_circ_0001572,6041,0
MIMAT0001824,5755,0
MIMAT0004911,449171,0
MIMAT0018080,3385,1
339192,72304,0
649446,9576410,0
MIMAT0007401,60780,0
MIMAT0000982,5359268,1
hsa_circ_0004709,3220,0
MIMAT0000650,11556711,0
MIMAT0005933,11433190,0
MIMAT0003258,4946,0
MIMAT0016925,126941,0
hsa_circ_0008926,5281708,0
hsa_circ_0069980,3117,0
hsa_circ_0040188,21633059,0
MIMAT0001779,216345,0
hsa_circ_0042200,6167,0
MIMAT0000454,31703,1
hsa_circ_0000817,5361,0
MIMAT0004596,667639,0
hsa_circ_0006884,1674,0
MIMAT0000127,73581,0
MIMAT0003241,2767,1
MIMAT0005315,6001,0
MIMAT0000063,896,0
MIMAT0005584,2767,1
101928674,11626560,0
hsa_circ_0006691,5280448,0
MIMAT0004496,9804992,0
MIMAT0000632,6918289,0
hsa_circ_0001898,216239,0
MIMAT0000239,10635,0
MIMAT0003121,4946,1
MIMAT0004595,119307,0
25812,5394,1
MIMAT0000722,119307,1
MIMAT0000447,31703,1
hsa_circ_0057105,24821094,0
MIMAT0004508,265237,0
100131733,119307,0
503637,4946,0
100874095,208908,0
MIMAT0000265,2375,1
ENSG00000255237,73581,0
MIMAT0003190,171548,0
MIMAT0000542,12967,1
MIMAT0000078,969516,1
MIMAT0004725,5789,0
MIMAT0000278,123631,1
100506994,5212,0
MIMAT0000076,10635,1
MIMAT0005596,5743,1
MIMAT0003302,455658,0
MIMAT0005580,122724,0
hsa_circ_0091894,15951529,1
MIMAT0001388,54671203,0
MIMAT0003467,6410,1
MIMAT0000689,36314,1
100506119,1674,0
MIMAT0002867,31703,1
MIMAT0019868,5360373,0
MIMAT0018185,5288209,0
MIMAT0001792,6279,0
MIMAT0002875,5959,0
MIMAT0017134,2662,0
MIMAT0000210,5282350,0
100126793,5281929,0
MIMAT0017950,6442177,0
MIMAT0003243,6279,0
MIMAT0003162,4641,0
MIMAT0000121,5284616,1
100129534,164676,0
hsa_circ_0003602,15951529,1
MIMAT0015188,261000,0
105379407,5359268,0
MIMAT0011777,31101,0
MIMAT0018975,261004,0
MIMAT0005327,11433190,0
hsa_circ_0036683,2907,0
MIMAT0019776,123865,0
MIMAT0000707,60780,1
MIMAT0002816,60823,1
hsa_circ_0004015,5280896,0
MIMAT0001370,77999,0
MIMAT0002805,441074,0
MIMAT0002881,72304,0
hsa_circ_0008618,2767,0
hsa_circ_0008389,37542,0
MIMAT0000770,3763,0
101928880,6167,0
101927034,11960529,0
hsa_circ_0070520,24821094,0
MIMAT0003300,222757,0
MIMAT0000076,3652,1
112935969,2767,0
MIMAT0004524,15,0
MIMAT0002853,5352624,0
MIMAT0004947,442793,0
892,241,0
MIMAT0000092,42890,0
441242,15,0
MIMAT0017017,54675776,0
hsa_circ_0007006,24821094,0
101101772,5394,1
101926978,65348,0
MIMAT0017015,148124,0
101929344,5394,1
MIMAT0000254,5978,1
MIMAT0000710,2767,1
MIMAT0000318,969516,1
MIMAT0014011,10621,0
hsa_circ_0009732,5281708,0
MIMAT0004578,5073,0
MIMAT0004775,3062316,0
hsa_circ_0048775,3101,0
MIMAT0003473,462382,0
100505839,3345,0
102724316,119104,0
hsa_circ_0089371,104842,0
hsa_circ_0001691,448013,0
23766,11635763,0
MIMAT0000657,8490,1
100506881,11960529,0
MIMAT0002173,216239,1
MIMAT0003219,5310940,0
MIMAT0004694,138374198,0
MIMAT0000934,222528,0
MIMAT0000248,1110,0
MIMAT0001629,12967,0
MIMAT0001852,74483,1
MIMAT0004676,5073,0
MIMAT0002850,171548,0
MIMAT0000279,14888,1
644242,6253,0
MIMAT0045392,60198,0
hsa_circ_0001531,5462222,0
hsa_circ_0089863,24821094,0
MIMAT0023635,49803145,0
MIMAT0004845,119307,0
100507217,439530,0
MIMAT0003118,29327,0
MIMAT0000763,42890,0
MIMAT0019002,2733,0
hsa_circ_0015494,5280951,0
MIMAT0003507,6410,1
MIMAT0000703,23973,0
100216479,445580,0
hsa_circ_0005572,5538,0
hsa_circ_0065384,15951529,1
hsa_circ_0001691,16132265,0
MIMAT0000245,60700,0
hsa_circ_0022382,56649450,0
100885798,41867,0
MIMAT0001275,10836,0
MIMAT0001775,6918289,0
MIMAT0001078,6279,0
MIMAT0001390,444795,0
MIMAT0000431,13089,0
MIMAT0000746,65110,0
MIMAT0000262,36462,1
100505702,5394,1
MIMAT0015113,261004,0
MIMAT0019337,44259,0
MIMAT0000690,65348,0
MIMAT0002177,442428,1
MIMAT0014023,446220,0
hsa_circ_0007031,6106,0
MIMAT0000534,47725,0
MIMAT0004236,122724,0
MIMAT0004721,5951,0
652995,3385,1
MIMAT0004507,442972,0
MIMAT0015190,3101,0
MIMAT0000263,164676,0
MIMAT0014005,42890,0
MIMAT0000890,5538,0
101928913,5394,1
MIMAT0003306,2244,0
MIMAT0004678,3488,0
hsa_circ_0068514,104842,0
MIMAT0000545,444254,0
MIMAT0018967,31703,1
MIMAT0001832,23939,0
hsa_circ_0001887,4891,0
101929023,6001,0
MIMAT0000080,60838,1
hsa_circ_0000517,37542,0
MIMAT0004858,5212,0
MIMAT0000061,89594,1
hsa_circ_0087564,444254,0
MIMAT0004620,5790,0
MIMAT0015141,439530,0
hsa_circ_0040185,451668,0
MIMAT0003186,5281811,0
MIMAT0000076,544,1
hsa_circ_0082139,7222,0
MIMAT0000075,3385,1
MIMAT0000684,2907,0
hsa_circ_0055957,15951529,1
MIMAT0000267,5950,1
hsa_circ_0008394,5641,0
MIMAT0000934,24180719,0
hsa_circ_0011292,49803145,0
MIMAT0000651,1673,0
hsa_circ_0000872,11953817,0
100507246,2907,0
hsa_circ_0007632,2520,0
hsa_circ_0056281,108065,0
MIMAT0000161,3028194,0
MIMAT0005903,54680783,0
MIMAT0001773,24180719,0
MIMAT0026605,54454,0
7040,6918289,0
MIMAT0001730,2520,0
MIMAT0015144,6057,0
MIMAT0000681,3229,1
MIMAT0000894,5459308,0
MIMAT0001785,31101,0
MIMAT0012735,3103,0
hsa_circ_0004087,15951529,1
hsa_circ_0025054,14403,0
hsa_circ_0000835,5281929,0
64859,60700,0
101927125,6167,0
10821,25262965,0
MIMAT0004770,36462,0
100287639,6410,0
MIMAT0000098,36462,1
hsa_circ_0038343,25244711,0
100270828,6857599,1
643977,5746,0
MIMAT0004796,452548,0
MIMAT0004596,1207,0
MIMAT0000270,56843276,0
1973,5280795,0
hsa_circ_0009172,10184653,0
MIMAT0004895,6057,0
hsa_circ_0049627,11556711,0
MIMAT0000854,445639,0
MIMAT0000711,6037,0
MIMAT0004839,6410,1
101927249,5394,1
MIMAT0000095,2907,0
hsa_circ_0037274,171548,0
hsa_circ_0087861,60606,0
MIMAT0015174,104746,0
MIMAT0003301,9949648,0
MIMAT0004236,5950,0
MIMAT0003885,25244711,1
MIMAT0004604,21109,0
29940,5950,0
MIMAT0003480,3028194,0
MIMAT0015065,790,0
hsa_circ_0003461,446220,0
hsa_circ_0062980,25183872,0
hsa_circ_0004703,2662,0
hsa_circ_0025054,24821094,0
MIMAT0000790,5381226,0
MIMAT0000200,3121,0
102723354,5280951,0
MIMAT0045392,15,0
101929397,16132265,0
MIMAT0000243,5291,1
MIMAT0004909,42890,0
MIMAT0014024,455658,0
MIMAT0006789,445580,0
hsa_circ_0008806,24288,0
MIMAT0000065,2733,0
23015,5394,1
100861402,5790,0
MIMAT0005913,60606,0
MIMAT0014012,24268,1
MIMAT0001080,119307,1
MIMAT0000419,451668,1
MIMAT0004607,6440495,0
MIMAT0004957,6918837,0
147947,23939,0
MIMAT0000072,5288209,0
MIMAT0000371,439530,0
hsa_circ_0002259,24497,0
MIMAT0015189,446556,0
MIMAT0000422,24360,1
hsa_circ_0000199,446220,0
hsa_circ_0088485,9804992,0
hsa_circ_0075896,216345,0
hsa_circ_0001565,5222465,0
MIMAT0000703,2520,1
MIMAT0000596,42611257,0
MIMAT0026558,3385,1
101927282,5746,0
100033413,6167,0
hsa_circ_0017449,38904,0
100126299,3821,0
MIMAT0000267,5743,1
MIMAT0000248,65110,0
MIMAT0016909,3385,1
MIMAT0000537,8490,1
MIMAT0015197,3657,0
MIMAT0001339,3121,0
hsa_circ_0003183,10184653,0
100506175,45266826,0
MIMAT0000079,712,1
MIMAT0003495,3121,0
100216479,5280445,0
440993,25244711,0
hsa_circ_0023255,107985,0
MIMAT0000666,441074,0
MIMAT0004895,5035,0
MIMAT0000140,6918837,0
MIMAT0003279,6468,0
MIMAT0018992,91466,0
MIMAT0000460,5311,0
100287616,439260,0
MIMAT0015068,31703,1
MIMAT0005932,5212,0
hsa_circ_0013055,241,0
MIMAT0000200,208908,0
MIMAT0002845,25183872,0
hsa_circ_0000157,6089,0
hsa_circ_0009618,636397,0
MIMAT0000783,89594,1
MIMAT0003220,10635,0
MIMAT0001633,5994,0
MIMAT0003266,4763,0
MIMAT0000579,6279,0
MIMAT0001087,5280427,0
MIMAT0015042,387447,0
MIMAT0005899,72301,0
MIMAT0000573,667639,0
MIMAT0006764,93004,0
MIMAT0003496,6410,1
MIMAT0011162,5280961,0
5573,6857599,1
MIMAT0003888,1110,0
hsa_circ_0000287,24497,0
641516,5394,1
MIMAT0003377,24180719,0
hsa_circ_0049462,3345,0
100996570,638278,0
MIMAT0000751,36314,1
MIMAT0001784,5212,0
MIMAT0000196,5280896,1
MIMAT0000125,3961,0
hsa_circ_0089033,15951529,1
hsa_circ_0005235,141643,0
MIMAT0000820,3103,0
MIMAT0005596,7222,0
MIMAT0000520,3652,0
MIMAT0004524,6410,0
MIMAT0018081,138374198,0
MIMAT0019708,784,0
MIMAT0000241,5280795,0
hsa_circ_0068514,9931953,0
hsa_circ_0004032,14403,0
MIMAT0016901,5997,0
MIMAT0003737,24288,0
hsa_circ_0001222,2244,0
hsa_circ_0017628,16078949,0
hsa_circ_0034682,2336,0
MIMAT0003335,448537,1
MIMAT0015007,3488,0
100421746,261004,0
MIMAT0001341,162282,0
hsa_circ_0092303,3496,0
112267897,784,0
MIMAT0003310,5281614,0
100216479,24497,0
MIMAT0000569,8490,1
MIMAT0000664,702,0
MIMAT0000165,265237,0
MIMAT0000567,141643,0
MIMAT0004574,5978,0
MIMAT0002845,2336,0
MIMAT0015042,91820602,0
hsa_circ_0003552,60852,0
MIMAT0004644,5311,0
MIMAT0003737,210332,1
MIMAT0004655,122724,0
hsa_circ_0000199,5284616,0
MIMAT0000441,5310940,1
646576,5460341,0
MIMAT0012734,6041,0
MIMAT0003209,6106,0
hsa_circ_0058361,222528,0
MIMAT0003329,108065,0
574029,9576410,0
MIMAT0002835,2767,1
MIMAT0000369,5281004,1
391267,3007,0
MIMAT0000077,31703,1
645323,5394,1
MIMAT0011162,5743,0
MIMAT0004846,4158,0
hsa_circ_0063305,60606,0
MIMAT0000077,2767,1
hsa_circ_0005004,54680783,0
MIMAT0000075,6857599,1
MIMAT0000551,210332,1
100499405,5352624,0
MIMAT0004738,54670067,0
MIMAT0003248,123596,0
hsa_circ_0060516,702,0
MIMAT0004187,644241,0
MIMAT0000104,89594,0
100505929,5394,1
5728,6442177,0
100033413,5394,1
MIMAT0000072,5310940,0
MIMAT0003280,3385,1
hsa_circ_0004390,216326,0
101927667,462382,0
MIMAT0004669,657237,0
MIMAT0003223,3385,1
MIMAT0016909,229455,0
hsa_circ_0059060,636397,0
hsa_circ_0000915,91466,0
7473,28486,0
hsa_circ_0004015,737139,0
MIMAT0001372,89594,0
150538,11433190,0
MIMAT0002104,5206,0
101928674,9700,0
25850,452548,0
hsa_circ_0002955,5816,0
27242,60852,0
MIMAT0018997,2244,0
hsa_circ_0062163,5283344,0
MIMAT0013984,104758,0
MIMAT0005596,114900,0
hsa_circ_0000518,123596,0
102723883,5394,1
hsa_circ_0043632,24288,0
105374631,119104,0
MIMAT0000862,6857599,0
MIMAT0000934,10836,0
hsa_circ_0080975,1130,0
MIMAT0004661,72304,0
MIMAT0000423,47725,1
MIMAT0017141,5283344,0
hsa_circ_0000323,3488,0
hsa_circ_0002303,444254,0
MIMAT0007870,89594,0
hsa_circ_0006884,65110,0
hsa_circ_0002082,4158,0
MIMAT0015139,216326,0
339240,3386,0
hsa_circ_0001490,60838,0
hsa_circ_0001565,107985,0
23410,11960529,0
hsa_circ_0001829,10836,0
MIMAT0001340,5978,0
MIMAT0000241,145858,0
MIMAT0000026,11960529,0
MIMAT0000607,3779,0
100506599,644241,0
100033417,5329102,0
MIMAT0000419,5755,0
112935969,222528,0
MIMAT0003480,5281004,1
hsa_circ_0001531,9826528,0
100652736,5394,1
896,1674,0
hsa_circ_0000746,5280427,0
MIMAT0005824,5459308,0
101927220,253602,0
MIMAT0000608,6001,0
MIMAT0003473,6410,1
MIMAT0018091,11226684,0
MIMAT0000459,444732,1
MIMAT0026473,3121,0
MIMAT0011462,1832,0
MIMAT0019032,31101,0
MIMAT0004930,12967,1
MIMAT0014010,24268,1
MIMAT0000086,5281004,0
hsa_circ_0000339,122634,0
hsa_circ_0002782,9915743,0
103352670,253602,0
MIMAT0002820,11556711,0
MIMAT0018184,5959,0
MIMAT0000083,36462,1
MIMAT0004499,5281929,0
344462,6857599,1
MIMAT0000369,689043,0
MIMAT0000540,3385,0
MIMAT0000575,89594,1
hsa_circ_0051908,6440495,0
MIMAT0019719,5035,0
29940,10635,0
101927056,171548,0
MIMAT0004858,445154,0
hsa_circ_0087861,6076,0
MIMAT0000274,47725,0
MIMAT0000214,4212,0
MIMAT0000020,119104,0
392232,1176,0
MIMAT0000140,107985,0
MIMAT0005921,10635,0
hsa_circ_0000499,5997,0
hsa_circ_0008870,108065,0
hsa_circ_0038138,969516,0
hsa_circ_0003438,11960529,0
MIMAT0015077,49803145,0
MIMAT0004610,2995,0
MIMAT0000797,3220,0
hsa_circ_0001818,3229,0
MIMAT0001796,74483,1
MIMAT0011161,5280427,0
101928710,10836,0
MIMAT0009198,2187,0
hsa_circ_0078607,9898279,0
MIMAT0000083,3821,0
MIMAT0004879,13342,0
MIMAT0019695,44259,0
hsa_circ_0003315,54671203,0
hsa_circ_0058058,5881,0
MIMAT0019749,5394,0
MIMAT0005460,54670067,0
100033421,171548,0
MIMAT0015041,3103,0
MIMAT0000691,6106,1
MIMAT0000741,171548,0
MIMAT0015022,60700,0
101928880,24180719,0
hsa_circ_0032154,97226,0
MIMAT0001389,123631,0
MIMAT0002849,5943,0
hsa_circ_0061260,3496,0
MIMAT0018204,5281929,0
MIMAT0001725,6167,0
MIMAT0000812,3006531,0
hsa_circ_0000760,790,0
101927934,126941,0
MIMAT0000727,123596,0
MIMAT0000236,122634,0
MIMAT0015186,65348,0
hsa_circ_0007312,126941,0
MIMAT0005595,969516,0
hsa_circ_0006318,126941,1
MIMAT0000533,72301,0
MIMAT0001742,17754356,0
MIMAT0015193,446556,0
MIMAT0003381,4212,0
MIMAT0004528,3121,0
hsa_circ_0091692,104746,0
MIMAT0004959,97226,1
MIMAT0015140,4829,0
hsa_circ_0040203,445858,0
MIMAT0017983,4641,0
MIMAT0009447,97226,1
51560,5280343,0
100506990,171548,0
hsa_circ_0002060,3488,0
MIMAT0000602,15951529,0
MIMAT0005327,2767,0
hsa_circ_0001439,56649450,0
MIMAT0001709,17754356,0
hsa_circ_0040203,15951529,1
hsa_circ_0085923,3028194,0
MIMAT0000743,10836,0
392232,445858,0
hsa_circ_0084021,41867,0
hsa_circ_0007006,4946,0
MIMAT0003317,443586,0
MIMAT0000580,8029,0
hsa_circ_0079048,91466,0
hsa_circ_0009732,1130,0
MIMAT0004848,60780,0
199704,790,0
MIMAT0000545,60750,0
hsa_circ_0000150,9576410,0
MIMAT0000786,97226,0
MIMAT0000371,5212,0
hsa_circ_0006884,5280445,0
MIMAT0014928,261004,0
MIMAT0015019,3385,1
MIMAT0000239,3121,1
MIMAT0004704,108065,1
MIMAT0000527,2907,0
MIMAT0002849,56843276,0
6618,638278,0
MIMAT0001876,2336,0
hsa_circ_0039261,5280448,0
MIMAT0005880,5997,0
MIMAT0016879,148124,0
MIMAT0005987,9949648,0
MIMAT0000200,8029,0
MIMAT0005591,36462,0
MIMAT0001388,3690,0
MIMAT0001948,15939,0
MIMAT0005896,13342,0
MIMAT0000095,54671203,0
MIMAT0000440,60750,1
hsa_circ_0040792,1674,0
MIMAT0005593,171548,0
MIMAT0004662,9064,1
MIMAT0004499,24268,0
MIMAT0000752,73581,1
MIMAT0005823,3071,0
MIMAT0000889,15951529,0
MIMAT0003321,4943,0
MIMAT0004621,10635,0
MIMAT0000020,3028194,0
MIMAT0000462,5311,1
MIMAT0014006,5073,0
MIMAT0003180,5311,1
MIMAT0002888,31703,1
MIMAT0015378,6106,0
MIMAT0001794,4033,0
5997,4641,0
MIMAT0000826,5743,1
MIMAT0015173,2187,0
MIMAT0004609,89594,0
MIMAT0000061,544,0
MIMAT0002820,5394,1
MIMAT0013989,5755,0
MIMAT0000851,71496458,0
105375401,6106,0
MIMAT0000836,141643,0
hsa_circ_0003748,16197265,0
MIMAT0001794,141643,0
MIMAT0000414,5757,1
988,638278,0
MIMAT0004845,6410,1
MIMAT0000714,5943,0
MIMAT0007870,65064,0
MIMAT0019972,6076,0
hsa_circ_0075402,5793,0
MIMAT0003252,135403648,0
101927541,13089,0
MIMAT0000243,2662,1
MIMAT0004808,6440495,0
100506783,23973,0
MIMAT0005951,5280961,0
hsa_circ_0001445,5959,0
hsa_circ_0036688,77999,0
hsa_circ_0009618,47936,0
MIMAT0001852,5280896,0
MIMAT0000729,5311,1
MIMAT0000069,148124,1
MIMAT0003472,1832,0
102724515,56649450,0
hsa_circ_0005046,23973,0
100505532,31401,0
MIMAT0000717,4091,0
hsa_circ_0049462,6001,0
100289178,5394,1
MIMAT0001859,6918289,0
MIMAT0019848,122634,0
MIMAT0019058,2723601,0
MIMAT0019784,6115,0
MIMAT0000088,216239,1
MIMAT0000077,5318517,0
MIMAT0000561,2336,0
100996732,985,0
MIMAT0003223,8029,0
MIMAT0000278,2733526,1
MIMAT0000723,2353,0
MIMAT0000254,3345,0
MIMAT0000084,969516,1
hsa_circ_0005941,442972,0
MIMAT0004902,896,0
654433,969516,0
MIMAT0000872,24759,0
MIMAT0001721,1175,0
MIMAT0015328,6623,0
hsa_circ_0048856,71496458,1
MIMAT0005929,5310940,1
100505865,5035,0
MIMAT0003885,5283344,1
MIMAT0002859,91466,0
hsa_circ_0034067,41867,0
hsa_circ_0006318,31703,1
hsa_circ_0004954,638278,0
102724316,8490,0
hsa_circ_0006131,11626560,0
MIMAT0019835,30323,0
MIMAT0003202,4624,0
MIMAT0000155,446556,0
MIMAT0004846,210332,0
100033426,5394,1
MIMAT0011777,5757,0
MIMAT0001724,9064,0
MIMAT0005867,60838,0
MIMAT0015018,11433190,0
100505839,91466,0
hsa_circ_0000517,2907,0
MIMAT0000606,6918289,0
MIMAT0003473,446220,0
MIMAT0000210,36462,0
MIMAT0015156,74483,0
MIMAT0004484,5793,0
100505994,47936,0
MIMAT0003890,5381226,0
MIMAT0019058,3062316,0
25855,38904,0
MIMAT0026605,54671203,0
hsa_circ_0076522,77999,0
100885798,737139,0
MIMAT0000136,2907,1
hsa_circ_0022589,9826528,0
MIMAT0003252,104758,0
MIMAT0000510,3779,0
MIMAT0004795,3220,0
MIMAT0018993,72304,0
MIMAT0000524,451668,0
hsa_circ_0008359,5280360,0
MIMAT0000378,16197265,0
MIMAT0000795,104741,0
MIMAT0003511,108065,0
MIMAT0005279,667639,0
100130935,1832,0
MIMAT0003305,5280448,0
MIMAT0000664,6468,0
hsa_circ_0008394,15951529,1
MIMAT0004720,4641,0
100421746,442972,0
MIMAT0003283,445434,0
1973,5978,1
MIMAT0004532,636397,0
hsa_circ_0080212,2236,0
10988,9949648,0
MIMAT0002889,25183872,0
hsa_circ_0000835,16078949,0
hsa_circ_0037972,135403648,0
MIMAT0004579,2733526,0
hsa_circ_0007217,42113,0
MIMAT0002172,439260,0
MIMAT0003165,1176,0
MIMAT0019040,114900,0
MIMAT0000868,72301,0
MIMAT0015054,60750,1
hsa_circ_0087963,2051,0
MIMAT0019337,60750,1
MIMAT0019069,60606,0
hsa_circ_0022434,667639,0
MIMAT0005853,5359268,0
MIMAT0000432,5035,0
MIMAT0004648,445858,0
MIMAT0004837,24497,0
MIMAT0000434,208908,0
hsa_circ_0000457,446556,0
MIMAT0000798,24978538,0
MIMAT0004762,65015,0
100033417,21109,0
101805492,45266826,0
MIMAT0019796,3397,0
MIMAT0001792,6442177,0
MIMAT0005891,5310940,1
MIMAT0016913,4891,0
MIMAT0000445,451668,1
MIMAT0003187,5284616,1
MIMAT0001830,6036,0
MIMAT0004909,141643,0
MIMAT0012852,91466,0
MIMAT0003176,10621,0
MIMAT0001423,14403,0
MIMAT0013994,47318,0
hsa_circ_0000763,5310940,0
hsa_circ_0008616,24360,0
MIMAT0001827,74483,1
MIMAT0003296,5280453,1
MIMAT0003315,8378,0
MIMAT0000825,54671203,0
100133669,25227436,0
645206,9547215,0
MIMAT0000869,216345,0
101669762,5281708,0
hsa_circ_0007117,5381226,0
100533789,2578,0
100128398,2236,0
29108,60198,0
MIMAT0000376,91820602,0
MIMAT0005906,43815,0
MIMAT0009447,16197265,0
MIMAT0004826,24288,0
MIMAT0000873,6057,0
MIMAT0016909,5280453,0
MIMAT0005903,5291,0
MIMAT0000783,446220,0
MIMAT0004840,3229,0
MIMAT0003469,23939,0
MIMAT0001279,5073,0
hsa_circ_0031027,441074,0
MIMAT0001627,36314,1
MIMAT0000423,222757,0
MIMAT0003295,31703,1
100506990,5641,0
105378769,449171,0
100131733,104758,0
MIMAT0003112,210332,1
hsa_circ_0006884,123596,0
MIMAT0001537,8490,1
339192,5743,0
MIMAT0019929,138374198,0
100505702,10621,0
MIMAT0015345,123865,0
MIMAT0004504,3386,0
hsa_circ_0008771,1130,0
286333,3071,0
hsa_circ_0031027,4641,0
MIMAT0000208,5281708,0
MIMAT0000256,2733526,1
MIMAT0025412,737139,1
MIMAT0000887,6468,0
MIMAT0003187,2733526,0
MIMAT0015017,60750,1
MIMAT0003347,3779,0
MIMAT0019006,3385,1
MIMAT0000690,2662,0
MIMAT0004593,4158,0
hsa_circ_0007006,2375,0
MIMAT0002848,5865,0
MIMAT0001536,145858,1
MIMAT0001883,4943,0
MIMAT0001412,2353,0
MIMAT0000099,4091,1
25850,5538,0
5937,644241,0
MIMAT0000435,3385,1
101927102,5459308,0
389634,6013,0
MIMAT0000253,60780,1
158381,5352624,0
MIMAT0000772,2767,1
MIMAT0000681,387447,1
MIMAT0000736,5073,0
hsa_circ_0000516,3117,0
MIMAT0007881,445858,0
MIMAT0003470,5793,0
101928796,5394,1
MIMAT0014995,60750,1
MIMAT0005580,28486,0
MIMAT0014028,9898279,0
100421746,14403,0
MIMAT0004947,13089,0
100130889,114900,0
hsa_circ_0005572,45266826,0
MIMAT0000544,36314,0
MIMAT0000136,72304,0
MIMAT0004957,5311,1
MIMAT0000437,216326,1
MIMAT0004614,6041,0
MIMAT0019740,60750,1
100996437,3779,0
MIMAT0000717,122724,0
101927034,5212,0
54838,72301,0
100132111,5394,1
hsa_circ_0017449,60750,0
MIMAT0000791,93004,0
MIMAT0011161,4033,0
100506922,5394,1
MIMAT0000752,11953817,0
101927597,45266826,0
100033417,15,0
MIMAT0000534,5291,0
MIMAT0003049,5282350,0
MIMAT0004921,31101,0
MIMAT0004597,56649450,0
hsa_circ_0006174,8490,0
MIMAT0004978,1674,0
MIMAT0001657,54670067,0
hsa_circ_0009456,15951529,1
MIMAT0000738,31703,1
MIMAT0000545,2051,0
101805492,5212,0
MIMAT0000723,3385,1
MIMAT0000082,265237,0
MIMAT0018361,3385,1
MIMAT0004923,460612,0
MIMAT0019789,208908,0
MIMAT0000280,5280961,1
MIMAT0000554,2375,0
101752399,439530,0
hsa_circ_0048956,119104,0
MIMAT0000727,1110,0
MIMAT0005917,5283344,0
100874363,6918289,0
MIMAT0002170,31703,1
MIMAT0003497,12967,1
MIMAT0004187,222757,0
MIMAT0019926,9915743,0
MIMAT0004782,5460341,0
MIMAT0001783,42113,0
MIMAT0015042,6468,0
MIMAT0000528,5757,1
MIMAT0000646,24180719,1
MIMAT0004637,6279,0
MIMAT0000086,5793,1
MIMAT0018976,3385,1
MIMAT0001638,60823,1
hsa_circ_0084927,23725625,0
MIMAT0000424,3902,1
100129029,5284616,0
MIMAT0004950,2767,1
hsa_circ_0020301,4946,0
MIMAT0003269,5359268,0
MIMAT0000579,16078949,0
MIMAT0002846,77999,0
hsa_circ_0006382,5789,0
MIMAT0006588,2733526,0
hsa_circ_0063577,9915743,0
MIMAT0000725,23725625,0
101927220,31101,0
MIMAT0005871,5359268,0
MIMAT0017983,89594,0
MIMAT0005596,24821094,0
MIMAT0000241,25262965,0
hsa_circ_0075281,42113,0
101927381,446556,0
MIMAT0000792,31401,0
MIMAT0001532,54680783,0
hsa_circ_0003748,5381226,0
hsa_circ_0058058,784,0
MIMAT0000226,2767,1
101927155,4946,0
MIMAT0000104,23725625,1
MIMAT0004943,261004,0
MIMAT0001788,74483,1
MIMAT0000418,5212,0
hsa_circ_0009594,6440495,0
hsa_circ_0008896,42113,0
MIMAT0000643,3763,0
MIMAT0001072,54454,0
hsa_circ_0070617,1176,0
MIMAT0015036,445154,0
MIMAT0003729,3019,0
MIMAT0004229,5352624,0
104644205,5950,0
hsa_circ_0040773,5291,0
MIMAT0001068,1832,0
hsa_circ_0003441,6468,0
5610,3019,0
MIMAT0000682,24759,0
MIMAT0001883,104758,0
MIMAT0003289,31401,1
101448202,1207,0
MIMAT0009203,49803145,0
MIMAT0000076,15939,0
100033421,253602,0
hsa_circ_0005354,56649450,0
MIMAT0004674,7222,0
MIMAT0003465,24288,0
MIMAT0000255,444732,1
MIMAT0003209,5311,0
MIMAT0004736,5280961,0
MIMAT0000253,5329102,1
54436,5359268,0
MIMAT0005625,44631912,0
MIMAT0003336,97226,1
104644205,47725,0
hsa_circ_0001171,74483,0
100132707,65348,0
100874363,439260,0
100132967,5943,0
hsa_circ_0000457,17754356,0
MIMAT0000812,265237,0
MIMAT0000737,5311,1
MIMAT0003301,16078949,0
MIMAT0003374,71496458,0
MIMAT0004555,1130,0
MIMAT0004751,5311,0
hsa_circ_0080975,176870,0
MIMAT0004365,77999,0
MIMAT0019956,790,0
MIMAT0004893,60823,0
hsa_circ_0072025,5280795,0
MIMAT0004782,5978,0
MIMAT0005880,446556,0
MIMAT0000682,123596,0
MIMAT0000261,2733526,1
MIMAT0003232,31703,1
hsa_circ_0005763,15951529,1
MIMAT0000899,2578,0
101927282,60606,0
MIMAT0000226,896,0
MIMAT0004799,3103,0
MIMAT0001778,14888,0
MIMAT0016878,4158,0
hsa_circ_0080975,6410,0
MIMAT0000314,4829,0
26751,25227436,0
MIMAT0003312,36314,1
hsa_circ_0057948,9700,0
MIMAT0000061,1130,0
hsa_circ_0011298,42113,0
6866,5881,0
MIMAT0003495,387447,0
MIMAT0000424,3229,1
100287498,65064,0
MIMAT0015138,5288826,0
MIMAT0004487,36314,0
MIMAT0000070,31703,1
MIMAT0001638,3028194,0
MIMAT0001884,1110,0
MIMAT0000318,5641,0
MIMAT0013983,1673,0
101929147,141643,0
MIMAT0005904,60823,0
MIMAT0014029,712,0
MIMAT0004894,445858,1
hsa_circ_0040185,5462222,0
MIMAT0019059,31703,1
MIMAT0019839,5360373,0
MIMAT0017080,784,0
MIMAT0003228,5381226,0
MIMAT0004782,445639,0
MIMAT0000082,2767,1
MIMAT0001389,47936,0
MIMAT0000125,5284616,1
MIMAT0000578,462382,0
MIMAT0003255,145858,0
MIMAT0001072,24288,0
MIMAT0003338,8490,0
MIMAT0000086,9547215,0
MIMAT0000459,5329102,1
hsa_circ_0007551,4641,0
MIMAT0016901,11635763,0
MIMAT0011432,216326,0
MIMAT0000223,16197265,0
MIMAT0000820,5994,0
hsa_circ_0026143,445154,0
hsa_circ_0072567,3220,0
hsa_circ_0001772,446220,0
1050,6857599,1
MIMAT0011448,5222465,0
1832,702,0
100499177,3386,0
hsa_circ_0006004,9949648,0
MIMAT0000123,8490,1
MIMAT0000259,444732,1
MIMAT0000256,6857599,1
MIMAT0000458,126941,0
23612,216239,0
hsa_circ_0006318,24268,0
MIMAT0004894,91466,0
MIMAT0004870,439260,0
hsa_circ_0069997,25227436,0
100506474,5394,1
MIMAT0000139,6442177,0
MIMAT0004758,15939,0
MIMAT0004481,77999,0
hsa_circ_0068697,42611257,0
MIMAT0000099,60750,1
MIMAT0000425,241,1
100506930,3121,0
MIMAT0000378,5460341,0
MIMAT0004501,41867,0
MIMAT0000436,9949648,0
101927666,3902,0
MIMAT0015026,5381226,0
MIMAT0000101,31703,1
hsa_circ_0009618,11228183,0
MIMAT0018971,6076,0
100507257,60953,0
hsa_circ_0075736,56649450,0
MIMAT0000437,2520,1
hsa_circ_0008910,13089,0
hsa_circ_0000557,5459308,0
MIMAT0004284,5959,0
MIMAT0000653,5816,0
386597,6442177,0
MIMAT0000266,6857599,1
101929027,2187,0
MIMAT0000761,445580,0
MIMAT0001729,49803145,0
hsa_circ_0059914,265237,0
MIMAT0003258,119307,1
MIMAT0011156,45266826,0
MIMAT0001371,17754356,0
hsa_circ_0079385,5283344,0
MIMAT0000099,36314,1
54660,737139,0
MIMAT0016907,9700,0
MIMAT0001339,60750,1
MIMAT0003292,91820602,0
hsa_circ_0001851,5360373,0
25850,442428,0
105375401,5394,1
MIMAT0000271,6115,0
101669762,54670067,0
MIMAT0000651,452548,0
hsa_circ_0084615,10836,0
MIMAT0000189,439530,0
MIMAT0002819,135403648,1
MIMAT0019814,216326,0
MIMAT0005924,72301,0
MIMAT0000373,123865,0
hsa_circ_0032154,5310940,0
MIMAT0000278,5329102,1
MIMAT0000419,126941,1
MIMAT0002881,712,1
MIMAT0003211,5394,0
MIMAT0005870,3121,0
MIMAT0019963,5284373,0
MIMAT0003725,3821,0
MIMAT0001637,712,0
hsa_circ_0087861,1674,0
hsa_circ_0031241,1983,0
MIMAT0022496,36314,0
MIMAT0015036,3385,1
hsa_circ_0004368,5288209,0
MIMAT0000834,387447,0
MIMAT0001369,5361,0
MIMAT0015054,3657,0
10263,442428,0
MIMAT0001725,24268,1
MIMAT0002866,210332,0
hsa_circ_0001147,2578,0
MIMAT0000138,6410,1
106481742,5284583,0
MIMAT0003239,3385,1
MIMAT0005972,4829,0
100132677,1832,0
101927666,452548,0
hsa_circ_0002590,5281004,0
MIMAT0003255,104746,0
MIMAT0017002,56842234,0
MIMAT0000435,6857599,1
MIMAT0000128,6036,1
MIMAT0014022,6440495,0
MIMAT0019040,446220,0
MIMAT0000278,91820602,1
104326188,104746,0
101929344,5816,0
MIMAT0000842,3028194,1
hsa_circ_0089414,43815,0
MIMAT0004954,8029,0
MIMAT0003728,108065,1
hsa_circ_0003461,25244711,0
MIMAT0042989,5291,0
hsa_circ_0070520,6253,0
MIMAT0017015,4212,0
MIMAT0000861,54670067,0
MIMAT0004807,54454,0
MIMAT0000798,6918289,0
hsa_circ_0007006,72304,0
MIMAT0000256,8029,0
MIMAT0003471,451668,0
hsa_circ_0055957,54671203,0
MIMAT0000419,25262965,0
hsa_circ_0076100,5282350,0
MIMAT0019801,5280961,0
MIMAT0002852,452548,0
9489,31101,0
MIMAT0004806,3220,1
MIMAT0003204,11953817,0
MIMAT0003193,689043,0
100048912,3220,0
MIMAT0003123,107985,0
hsa_circ_0008702,64971,0
MIMAT0000256,14888,1
MIMAT0018994,6037,0
102724105,11626560,0
MIMAT0000693,71496458,0
MIMAT0000608,4091,0
MIMAT0004926,5035,0
101928978,445434,0
hsa_circ_0000030,229455,0
MIMAT0004701,25262965,0
hsa_circ_0047818,2733526,0
MIMAT0000644,6001,0
MIMAT0003264,5291,0
hsa_circ_0076100,9064,0
MIMAT0004236,5284616,1
MIMAT0000524,56843276,0
MIMAT0000248,210332,1
MIMAT0000548,10635,0
hsa_circ_0003373,222528,0
MIMAT0000573,9931953,0
MIMAT0003246,448537,1
MIMAT0019919,45266826,0
441666,5361,0
hsa_circ_0002131,446556,0
25989,5281004,0
MIMAT0003236,126941,0
MIMAT0005794,24268,0
MIMAT0000677,8490,1
MIMAT0000583,5789,0
MIMAT0000089,60750,1
MIMAT0015343,5280951,0
MIMAT0002178,4212,1
MIMAT0000904,261004,0
101927811,4624,0
MIMAT0004655,104746,0
MIMAT0004607,5311,0
MIMAT0003735,4641,0
MIMAT0000425,123631,1
100129029,162282,0
MIMAT0002826,60780,1
439949,122724,0
101927416,5288209,0
MIMAT0010251,6057,0
hsa_circ_0002955,5284583,0
MIMAT0003179,11226684,0
MIMAT0019749,5352624,0
MIMAT0003497,210332,1
MIMAT0000617,442972,1
MIMAT0000526,210332,1
MIMAT0000428,36314,1
MIMAT0004237,16078949,0
MIMAT0003288,104842,0
hsa_circ_0000040,24288,0
338758,60780,0
MIMAT0000533,784,0
MIMAT0000739,446220,1
MIMAT0000724,5746,0
MIMAT0000435,451668,1
MIMAT0006767,60823,1
hsa_circ_0005272,222757,0
MIMAT0000068,448537,1
MIMAT0000878,5280343,0
MIMAT0003243,6041,0
hsa_circ_0003136,11960529,0
hsa_circ_0001311,8490,0
MIMAT0004515,3386,0
MIMAT0000758,8378,0
MIMAT0000803,444732,0
100132707,5361,0
hsa_circ_0038090,5284373,0
MIMAT0004216,5757,0
MIMAT0000632,104842,0
MIMAT0019058,3385,1
6615,5281614,0
101927934,23973,0
MIMAT0003485,210332,1
MIMAT0000270,24360,0
MIMAT0000093,712,1
MIMAT0004523,126941,0
MIMAT0000418,5288826,1
hsa_circ_0066536,4829,0
MIMAT0003330,5284373,0
100506498,2907,0
100996447,30323,0
MIMAT0000275,5284616,1
MIMAT0003049,3902,0
100874131,5281614,0
101927043,5394,1
MIMAT0002171,54671203,0
MIMAT0000086,6623,1
hsa_circ_0030998,64971,0
MIMAT0004985,445639,0
MIMAT0018095,11707110,0
MIMAT0000217,6089,0
101927477,56649450,0
MIMAT0001095,10621,1
hsa_circ_0003908,3902,0
MIMAT0003205,5222465,0
hsa_circ_0000336,25262965,0
MIMAT0000578,3117,0
MIMAT0000664,6197,0
100033427,6057,0
MIMAT0004522,25183872,0
MIMAT0004787,6440495,1
hsa_circ_0006522,56843276,0
MIMAT0005892,3652,0
MIMAT0013983,448537,0
MIMAT0000603,445154,0
hsa_circ_0009004,442428,0
MIMAT0000457,442793,0
MIMAT0000678,3488,0
MIMAT0007892,119307,1
MIMAT0000752,56649450,0
MIMAT0001878,74483,1
MIMAT0000419,5310940,1
hsa_circ_0000453,104758,0
MIMAT0005898,36314,1
MIMAT0018976,31703,1
MIMAT0019003,60953,0
MIMAT0018110,5284583,0
MIMAT0003948,123865,0
389641,5978,0
100507056,544,0
MIMAT0000086,4033,0
MIMAT0005906,460612,0
MIMAT0001786,74483,1
hsa_circ_0004808,93004,0
MIMAT0003766,1130,0
MIMAT0000280,5538,1
MIMAT0000122,6410,0
MIMAT0004942,107985,0
101928103,38904,0
hsa_circ_0066536,6410,0
100507053,6253,0
MIMAT0000374,5381226,0
MIMAT0000860,5743,1
MIMAT0004701,3385,0
MIMAT0000425,24497,0
1832,1207,0
hsa_circ_0026462,56843276,0
103344930,162282,0
hsa_circ_0091419,11228183,0
MIMAT0000097,47725,1
hsa_circ_0061346,5280951,0
MIMAT0005576,2187,0
102467147,222757,0
MIMAT0003507,23725625,0
MIMAT0015341,737139,0
MIMAT0000422,56843276,0
MIMAT0000387,45266826,0
MIMAT0001412,119307,1
MIMAT0000265,5310940,1
hsa_circ_0013055,49803145,0
MIMAT0001701,5816,0
hsa_circ_0046265,123631,0
MIMAT0000420,5994,1
MIMAT0003189,445858,1
hsa_circ_0000517,30323,0
100130392,24978538,0
MIMAT0015336,462382,0
MIMAT0000661,9547215,0
MIMAT0001807,56842234,0
MIMAT0005280,10836,0
hsa_circ_0087400,5284373,0
MIMAT0005460,6279,0
MIMAT0003879,3385,1
101929574,54454,0
100996266,77999,0
MIMAT0000743,5743,0
MIMAT0003945,60750,1
hsa_circ_0060516,15951529,1
100506881,5394,1
100506599,24759,0
MIMAT0001704,5280448,0
100873940,46843772,0
MIMAT0003738,119104,0
MIMAT0000535,123596,0
MIMAT0003182,176870,0
5889,1130,0
MIMAT0001092,8378,0
MIMAT0015064,4943,0
MIMAT0004695,5281004,0
100144597,12967,0
101927480,13089,0
MIMAT0000616,54671203,0
hsa_circ_0009654,54680783,0
MIMAT0004555,6036,0
MIMAT0005318,2520,0
MIMAT0002839,24268,0
MIMAT0000857,6505803,0
645996,60700,0
MIMAT0000062,9915743,0
MIMAT0015188,16741,0
MIMAT0003259,23973,0
MIMAT0000900,1983,1
MIMAT0013989,5462222,0
hsa_circ_0083026,2520,0
MIMAT0019740,6918289,0
MIMAT0000064,229455,1
100873920,37542,0
MIMAT0000526,65064,0
hsa_circ_0003426,3103,0
hsa_circ_0069997,36462,0
hsa_circ_0058608,36314,1
MIMAT0003150,5793,0
MIMAT0000680,985,1
hsa_circ_0005513,5793,0
MIMAT0003312,31703,1
MIMAT0000530,6036,1
100652997,702,0
MIMAT0005928,229455,0
MIMAT0004616,445858,1
MIMAT0000139,657237,0
MIMAT0019776,3385,1
hsa_circ_0003602,5361,0
MIMAT0000973,124886,0
MIMAT0000298,5538,0
MIMAT0016916,5950,0
MIMAT0003738,5280951,0
MIMAT0000857,60750,1
MIMAT0000540,5757,1
MIMAT0000889,3006531,0
MIMAT0004587,5284583,0
100996307,5281929,0
MIMAT0025123,16132265,0
MIMAT0000892,60823,0
100996266,42890,0
MIMAT0001342,54675776,0
MIMAT0000243,5743,1
100129196,21633059,0
MIMAT0000884,54675776,0
MIMAT0000441,5978,1
hsa_circ_0006318,449171,0
MIMAT0005886,6279,0
hsa_circ_0040466,985,0
MIMAT0004799,444254,0
MIMAT0002812,9949648,0
MIMAT0000781,444795,1
100033434,60953,0
MIMAT0004680,443586,0
MIMAT0000884,5743,1
hsa_circ_0022963,2733526,0
MIMAT0004697,444732,0
MIMAT0002878,23973,0
MIMAT0019733,208908,0
100506274,114900,0
MIMAT0003283,36314,1
hsa_circ_0002259,9898279,0
MIMAT0000433,1207,0
MIMAT0003176,24360,0
hsa_circ_0008910,56843276,0
MIMAT0000449,5757,1
MIMAT0002864,5757,1
MIMAT0018937,3385,1
MIMAT0000417,60750,1
645553,5352624,0
103752588,3763,0
100379249,24180719,0
MIMAT0000763,122634,0
MIMAT0011435,4829,0
25989,2662,0
MIMAT0000153,176870,0
MIMAT0000269,14888,1
MIMAT0000752,9444,0
MIMAT0004507,5280360,0
MIMAT0004955,145858,0
MIMAT0004628,31703,1
101752399,5394,1
hsa_circ_0005379,4641,0
100874375,6623,0
hsa_circ_0039930,5281811,0
hsa_circ_0066290,3385,0
hsa_circ_0001122,229455,0
hsa_circ_0008131,93004,0
MIMAT0019337,5978,0
MIMAT0000758,36314,1
100996301,104741,0
MIMAT0004678,441074,0
MIMAT0000076,36314,1
MIMAT0001342,65110,0
MIMAT0000721,9804992,0
hsa_circ_0062865,445639,0
MIMAT0022834,1130,0
MIMAT0000810,3779,1
MIMAT0000739,2733526,1
hsa_circ_0059880,445639,0
MIMAT0003512,108065,0
MIMAT0004494,156413,0
MIMAT0004482,689043,1
MIMAT0000272,10836,0
MIMAT0003333,5283344,0
hsa_circ_0001490,65348,0
100506542,49803145,0
MIMAT0003263,448537,1
MIMAT0004541,790,0
MIMAT0004903,5746,1
MIMAT0004779,54670067,0
100507540,5394,1
MIMAT0000617,5318517,0
MIMAT0000254,5291,0
MIMAT0000168,65348,0
MIMAT0000653,60838,0
MIMAT0000643,36314,0
MIMAT0000758,2520,1
100126799,6013,0
64002,3019,0
MIMAT0002849,5757,1
MIMAT0000439,24360,1
MIMAT0000275,448537,1
105377105,5943,0
hsa_circ_0001849,784,0
MIMAT0000251,17754356,0
MIMAT0005860,5283344,0
MIMAT0015347,3019,0
MIMAT0000517,216345,0
hsa_circ_0051908,4946,0
MIMAT0013987,5951,0
hsa_circ_0017449,3385,0
MIMAT0004777,253602,0
MIMAT0003306,3062316,0
MIMAT0001340,135403648,1
hsa_circ_0009582,4212,0
hsa_circ_0075048,60953,0
hsa_circ_0000825,6041,0
hsa_circ_0008554,119307,0
MIMAT0000240,210332,1
MIMAT0003741,452548,0
MIMAT0001648,6197,0
102724927,6857599,0
101928710,7222,0
MIMAT0004951,89594,0
MIMAT0017950,4946,0
MIMAT0003753,1176,0
MIMAT0000416,60750,1
hsa_circ_0071106,667639,0
MIMAT0000121,162282,0
hsa_circ_0006941,15951529,1
MIMAT0003121,47318,0
MIMAT0015010,47289,0
MIMAT0019003,9804992,0
MIMAT0006588,5283344,0
MIMAT0014029,6167,0
hsa_circ_0003373,446220,0
MIMAT0000752,5950,0
101929397,60838,0
MIMAT0000374,21109,0
389634,29327,0
MIMAT0000457,119307,1
MIMAT0001079,5789,0
MIMAT0005793,896,0
MIMAT0000270,5283344,1
hsa_circ_0001450,4829,0
hsa_circ_0000199,71496458,0
hsa_circ_0072088,2336,0
MIMAT0019893,36314,0
hsa_circ_0003136,3007,0
hsa_circ_0008952,5994,0
MIMAT0000738,5310940,1
MIMAT0004623,5280343,1
hsa_circ_0026153,460612,0
MIMAT0000548,31401,0
MIMAT0018967,9931953,0
3169,14888,0
hsa_circ_0006156,24360,0
MIMAT0000853,5743,1
MIMAT0001775,60700,0
MIMAT0002882,9949648,0
MIMAT0003731,41867,0
hsa_circ_0030999,1175,0
MIMAT0003375,5283344,0
hsa_circ_0001811,5361,0
MIMAT0018942,5280445,0
100996266,5394,1
hsa_circ_0011298,985,0
hsa_circ_0001178,2236,0
MIMAT0019055,387447,0
MIMAT0002829,145858,0
100132891,5329102,0
MIMAT0001619,9898279,0
hsa_circ_0060516,210332,0
100132111,6410,0
hsa_circ_0000199,8378,0
hsa_circ_0071185,15951529,1
MIMAT0000816,104758,0
100506258,5538,0
hsa_circ_0026457,15951529,1
MIMAT0000602,3961,0
MIMAT0003288,5284616,0
hsa_circ_0049587,15951529,1
MIMAT0004233,25244711,0
MIMAT0014001,3101,0
MIMAT0016878,9547215,0
677769,222528,0
MIMAT0001045,17754356,0
100996447,10836,0
MIMAT0005301,5881,0
hsa_circ_0009043,712,0
MIMAT0000166,11228183,0
MIMAT0019359,2767,1
654433,222757,0
23513,5790,0
MIMAT0000065,5394,1
100506990,10836,0
hsa_circ_0059665,60953,0
55370,445580,0
1591,65064,0
441242,452548,0
MIMAT0002846,3103,0
MIMAT0000072,4624,0
MIMAT0000097,5284616,1
MIMAT0000166,222757,0
MIMAT0000877,253602,0
MIMAT0003165,31703,1
MIMAT0019021,3062316,0
MIMAT0001764,2907,0
hsa_circ_0061260,12967,0
hsa_circ_0063158,122634,0
MIMAT0005788,60750,0
MIMAT0003311,448537,1
MIMAT0023634,156413,0
MIMAT0001831,784,0
100874284,261004,0
MIMAT0005788,5359268,0
MIMAT0003184,1130,0
hsa_circ_0026512,15,0
100505592,97226,0
MIMAT0003457,11626560,0
hsa_circ_0005272,24978538,0
hsa_circ_0001440,65015,0
MIMAT0000743,790,0
hsa_circ_0000453,15951529,1
MIMAT0001723,5283344,0
MIMAT0015142,42890,0
MIMAT0004546,42890,0
MIMAT0004185,60838,0
MIMAT0015338,1832,0
hsa_circ_0009618,241,0
286411,5352624,0
MIMAT0003287,442428,0
MIMAT0004739,145858,0
hsa_circ_0063577,11433190,0
5728,5881,0
MIMAT0004747,3657,0
101928979,47725,0
MIMAT0000830,2995,0
MIMAT0003302,5281614,0
MIMAT0000100,6857599,1
hsa_circ_0076522,229455,0
101928796,216239,0
MIMAT0005456,638278,0
MIMAT0000367,446220,0
hsa_circ_0000873,5280360,0
hsa_circ_0000287,60198,0
MIMAT0000775,3121,1
MIMAT0000378,9949648,0
MIMAT0001797,6001,0
MIMAT0003297,3961,0
MIMAT0025123,216326,0
MIMAT0000876,4033,0
hsa_circ_0018652,25262965,0
MIMAT0014002,2733,0
MIMAT0015319,21109,0
MIMAT0001775,5288209,0
100873920,3397,0
MIMAT0000823,229455,0
MIMAT0003292,12967,0
hsa_circ_0001880,5318517,0
MIMAT0004701,5310940,1
hsa_circ_0014737,93004,0
51773,6279,0
MIMAT0003123,5538,0
MIMAT0001015,1673,0
102723883,2244,0
MIMAT0001087,439530,0
100506797,5394,1
MIMAT0000376,4095,0
MIMAT0000529,265237,0
MIMAT0000101,65110,0
MIMAT0003301,5281614,0
104266957,3657,0
hsa_circ_0019589,15951529,1
MIMAT0001373,24268,1
MIMAT0002883,24759,0
MIMAT0000815,6440495,1
MIMAT0003308,107985,0
MIMAT0000530,6089,0
hsa_circ_0002153,15951529,1
MIMAT0001748,24268,1
MIMAT0000677,5281004,0
645687,1673,0
MIMAT0018108,72301,0
100506994,107985,0
MIMAT0004542,11707110,0
MIMAT0000436,3385,1
MIMAT0003762,5281929,0
MIMAT0000840,5950,0
MIMAT0000813,74483,0
MIMAT0003507,9547215,0
MIMAT0003188,2907,0
MIMAT0016879,3385,1
MIMAT0005896,636397,0
MIMAT0002823,2520,0
MIMAT0018083,3385,1
MIMAT0004643,5790,0
MIMAT0003287,4891,0
643446,56842234,0
MIMAT0000516,72301,0
MIMAT0000730,3779,0
MIMAT0000249,448013,0
MIMAT0006789,6001,0
MIMAT0001638,5757,1
MIMAT0000131,6076,0
hsa_circ_0009654,15951529,1
MIMAT0003945,737139,0
MIMAT0000279,135403648,1
MIMAT0000734,216239,0
MIMAT0003338,6167,0
MIMAT0042989,638278,0
MIMAT0000440,451668,1
MIMAT0000067,2767,1
MIMAT0003496,1176,0
MIMAT0005871,119307,1
hsa_circ_0008926,38904,0
MIMAT0003208,5281614,0
MIMAT0003289,3007,0
MIMAT0002171,71496458,0
MIMAT0005315,5222465,0
MIMAT0002824,91820602,1
100507334,9700,0
101927667,5790,0
MIMAT0003473,5280896,0
MIMAT0003184,30323,0
MIMAT0003218,448537,1
29108,6857599,1
MIMAT0000589,3779,1
MIMAT0004976,1110,0
MIMAT0004987,31703,1
MIMAT0000650,9915743,0
100129196,4829,0
MIMAT0015038,3019,0
hsa_circ_0001440,2995,0
hsa_circ_0041252,8029,0
23612,31703,1
MIMAT0015317,2578,0
MIMAT0000434,47725,0
100874366,53232,0
MIMAT0000692,60750,1
MIMAT0005340,644241,0
hsa_circ_0023255,445858,0
MIMAT0001631,737139,0
hsa_circ_0017628,44631912,0
hsa_circ_0062545,3062316,0
MIMAT0016913,31703,1
649446,6057,0
MIMAT0001709,5790,0
MIMAT0005628,10836,0
MIMAT0002872,11228183,0
MIMAT0000824,5743,1
MIMAT0004861,1673,0
MIMAT0003888,2662,0
MIMAT0002104,36314,0
MIMAT0010313,9949648,0
MIMAT0003339,6253,1
MIMAT0009198,5359268,0
646024,14888,0
hsa_circ_0051799,24268,0
hsa_circ_0008044,107985,0
MIMAT0005902,74483,0
103352670,689043,0
MIMAT0002843,5793,1
MIMAT0000525,54670067,0
100129554,9949648,0
MIMAT0000826,2236,1
hsa_circ_0021727,5943,0
hsa_circ_0071196,56842234,0
hsa_circ_0001821,9931953,0
MIMAT0003254,4891,0
MIMAT0000523,60852,0
MIMAT0001821,74483,1
MIMAT0019749,4212,0
MIMAT0019055,446556,0
MIMAT0000419,36462,1
MIMAT0000612,10184653,0
339005,2578,0
MIMAT0001883,6468,0
MIMAT0003328,4891,0
6101,5394,1
100506599,784,0
MIMAT0001632,54454,0
hsa_circ_0025513,54680783,0
MIMAT0001413,91820602,0
100506994,6041,0
MIMAT0009447,60750,1
hsa_circ_0008870,24978538,0
MIMAT0003497,5746,0
100287639,31101,0
MIMAT0004616,702,0
MIMAT0003233,6115,0
MIMAT0000085,31703,1
MIMAT0000066,24180719,1
MIMAT0004855,31401,0
100507098,449171,0
MIMAT0000784,31101,0
MIMAT0004557,123865,0
MIMAT0004559,6505803,0
MIMAT0000894,6857599,0
hsa_circ_0005671,28486,0
hsa_circ_0046263,122724,0
hsa_circ_0068514,15951529,1
hsa_circ_0037447,24759,0
MIMAT0015025,5284616,0
MIMAT0005950,3397,0
MIMAT0000240,16078949,1
MIMAT0003049,119307,0
hsa_circ_0001278,72301,0
hsa_circ_0008087,11626560,0
101927666,47289,0
MIMAT0000439,5793,1
hsa_circ_0000038,6918837,0
MIMAT0002016,4641,0
101927043,6037,0
MIMAT0001028,449171,0
392232,261000,0
MIMAT0002842,5793,1
MIMAT0000431,712,1
MIMAT0000264,5291,1
653677,60606,0
MIMAT0003491,126941,0
MIMAT0019771,2375,0
100129554,17754356,0
hsa_circ_0002130,71496458,1
100616668,2662,0
MIMAT0002821,5746,1
MIMAT0015113,5538,0
MIMAT0004514,9931953,0
MIMAT0007881,444795,0
MIMAT0004733,657237,0
MIMAT0000667,4212,0
MIMAT0003480,16741,1
54436,6442177,0
MIMAT0000810,6001,0
MIMAT0004954,97226,1
MIMAT0004237,443586,1
MIMAT0000227,222528,0
MIMAT0003471,24821094,0
hsa_circ_0002483,216239,0
hsa_circ_0063329,241,0
hsa_circ_0086241,6857599,0
MIMAT0000272,12967,0
MIMAT0003738,1110,0
MIMAT0000437,5329102,1
MIMAT0004579,6440495,0
MIMAT0015345,253602,0
100874249,15625,0
hsa_circ_0004315,253602,0
29797,216326,0
MIMAT0003728,5281811,0
hsa_circ_0073647,452548,0
MIMAT0019748,6041,0
100874095,164676,0
100506599,3652,0
MIMAT0011777,36314,1
MIMAT0000728,5280448,1
MIMAT0000223,5743,0
MIMAT0003209,5310940,0
MIMAT0000743,210332,1
MIMAT0001369,3961,0
MIMAT0002884,3902,0
100009613,60700,0
100033418,2907,0
MIMAT0000419,241,1
MIMAT0003308,442972,0
100506207,5865,0
MIMAT0004596,9949648,0
10298,4763,0
MIMAT0001724,5881,0
100506783,77999,0
MIMAT0000882,5394,0
MIMAT0005913,60750,1
100133991,5394,1
MIMAT0005922,3220,1
MIMAT0000776,445434,0
hsa_circ_0005513,25262965,0
100287216,969516,0
hsa_circ_0000339,15951529,1
MIMAT0000265,12967,0
MIMAT0026719,3385,1
MIMAT0000639,42890,0
MIMAT0019893,4095,0
hsa_circ_0042444,448013,0
MIMAT0002853,60750,1
MIMAT0004775,5793,1
MIMAT0004747,141643,0
hsa_circ_0001874,5280427,0
MIMAT0003497,24821094,0
MIMAT0013992,5281004,0
MIMAT0002888,5281708,0
MIMAT0000211,60750,0
MIMAT0000610,5280961,0
103344930,5950,0
692205,44631912,0
MIMAT0005633,2236,0
hsa_circ_0033024,261004,0
MIMAT0003252,164676,0
MIMAT0001850,387447,0
MIMAT0000129,119104,0
MIMAT0000366,9064,1
MIMAT0019055,138374198,0
MIMAT0004621,445858,1
MIMAT0015069,241,0
MIMAT0003275,11707110,0
MIMAT0000670,145858,0
hsa_circ_0000521,9804992,0
MIMAT0003945,5352624,0
hsa_circ_0000206,24978538,0
MIMAT0000187,5460341,0
MIMAT0003475,5789,0
hsa_circ_0002060,5281614,0
100126791,6037,0
MIMAT0004945,6253,0
MIMAT0000064,712,1
MIMAT0000434,6857599,1
MIMAT0000533,9931953,0
MIMAT0009391,6167,0
MIMAT0005899,11226684,0
MIMAT0000247,24978538,0
hsa_circ_0048695,25244711,0
MIMAT0005906,24268,0
MIMAT0015322,451668,0
hsa_circ_0002955,135403648,0
MIMAT0001341,5310940,1
hsa_circ_0049462,60750,0
MIMAT0019893,11953817,0
MIMAT0000692,451668,0
MIMAT0000816,5743,1
100996447,9826528,0
hsa_circ_0059910,5746,0
MIMAT0019815,6505803,0
147947,5997,0
MIMAT0000153,24360,0
MIMAT0004514,445434,0
100506126,5281811,0
677769,3961,0
MIMAT0004922,5360373,0
hsa_circ_0039216,15951529,1
MIMAT0001742,4891,0
MIMAT0024618,2051,0
hsa_circ_0068458,123631,0
100996590,25244711,0
100126791,23725625,0
hsa_circ_0026143,24180719,0
6494,222528,0
MIMAT0003759,24180719,0
MIMAT0000460,5310940,0
MIMAT0018971,5865,0
MIMAT0002817,1207,0
MIMAT0005903,37542,0
MIMAT0037307,1983,0
hsa_circ_0000075,47936,0
MIMAT0004770,5280896,0
MIMAT0000090,265237,0
MIMAT0000416,4641,0
MIMAT0018185,24268,0
MIMAT0019713,5755,0
MIMAT0000155,56649450,0
hsa_circ_0008539,5959,0
hsa_circ_0005004,9949648,0
MIMAT0004682,9576410,0
MIMAT0004553,176870,0
MIMAT0000083,2662,1
100652997,71496458,0
MIMAT0000244,123631,1
hsa_circ_0040603,5459308,0
MIMAT0004532,3690,0
MIMAT0019689,43815,0
MIMAT0000266,60750,1
MIMAT0009198,3961,0
MIMAT0003251,6442177,0
MIMAT0001768,3488,0
hsa_circ_0004087,2578,0
101928931,9949648,0
100507468,60852,0
101929719,5281811,0
MIMAT0017950,5291,0
MIMAT0001780,16078949,0
MIMAT0002890,3385,1
MIMAT0003731,442428,1
MIMAT0000545,3028194,0
MIMAT0000535,91820602,0
hsa_circ_0004254,5281811,0
MIMAT0000659,638278,0
MIMAT0000850,24360,0
hsa_circ_0089762,56842234,0
hsa_circ_0000773,638278,0
101927136,1110,0
hsa_circ_0063305,5978,0
MIMAT0004498,3386,0
MIMAT0000375,73581,0
MIMAT0004481,11960529,0
MIMAT0006587,73581,0
hsa_circ_0008623,3028194,0
MIMAT0001546,5281811,0
101927761,16197265,0
hsa_circ_0006168,42890,0
hsa_circ_0006131,1176,0
hsa_circ_0049627,5280448,0
MIMAT0001768,11953817,0
hsa_circ_0091894,9949648,0
MIMAT0002878,4641,0
5997,56842234,0
MIMAT0019893,5951,0
hsa_circ_0000861,104842,0
MIMAT0018943,148124,0
hsa_circ_0077216,56843276,0
MIMAT0000096,712,1
MIMAT0000084,444732,1
100507053,2236,0
hsa_circ_0000517,3117,0
MIMAT0000817,30323,0
hsa_circ_0002590,3220,0
hsa_circ_0009357,56649450,0
MIMAT0000069,444732,1
MIMAT0001724,60198,0
MIMAT0000863,10836,0
MIMAT0001848,135403648,0
MIMAT0003469,5793,1
MIMAT0000691,5291,1
MIMAT0000725,60750,1
hsa_circ_0001874,6076,0
MIMAT0015187,261004,0
hsa_circ_0005164,5361,0
hsa_circ_0085567,3961,0
MIMAT0003221,6918289,0
MIMAT0005878,5280453,0
hsa_circ_0063776,5359268,0
MIMAT0002106,439530,0
100270828,156413,0
MIMAT0000158,6001,1
MIMAT0000688,5291,1
8454,8029,0
hsa_circ_0008615,9915743,0
MIMAT0000729,56843276,0
MIMAT0003291,3385,1
MIMAT0001280,442428,0
hsa_circ_0004594,24497,0
MIMAT0003276,8029,0
MIMAT0005327,74483,1
MIMAT0003512,10621,1
hsa_circ_0011298,6036,0
MIMAT0015140,7222,0
100996645,31703,0
MIMAT0000264,60750,1
6425,5460341,0
MIMAT0002838,29327,0
hsa_circ_0000773,4095,0
MIMAT0003247,2767,1
MIMAT0016852,3385,1
MIMAT0000887,36314,1
MIMAT0005628,11556711,0
MIMAT0000417,13089,1
MIMAT0000420,13342,0
MIMAT0000102,5755,0
MIMAT0004762,216345,0
MIMAT0003300,44631912,0
hsa_circ_0086159,5281811,0
MIMAT0000165,124886,0
MIMAT0002835,47289,0
hsa_circ_0062865,15951529,1
hsa_circ_0001985,3657,0
MIMAT0004855,30323,0
MIMAT0000866,2051,0
hsa_circ_0004954,15951529,1
MIMAT0013802,60953,0
MIMAT0000448,5394,1
MIMAT0000753,1674,0
MIMAT0000080,16741,0
101927932,5394,1
hsa_circ_0003552,10184653,0
hsa_circ_0005087,6115,0
MIMAT0000386,3763,0
hsa_circ_0001445,387447,0
54838,455658,0
MIMAT0000773,5291,0
MIMAT0003220,216345,0
MIMAT0000221,6036,1
MIMAT0000440,5288826,1
MIMAT0003300,3220,0
MIMAT0000861,4624,0
hsa_circ_0006606,5360373,0
MIMAT0005336,54454,0
hsa_circ_0000873,42611257,0
100506175,5394,1
MIMAT0015359,210332,0
MIMAT0000738,30323,1
653190,9826528,0
MIMAT0001706,5641,0
100505738,5318517,0
MIMAT0000104,29327,0
MIMAT0000647,5757,1
MIMAT0004680,3386,0
101927811,2353,0
MIMAT0000703,36314,1
MIMAT0000867,6106,0
MIMAT0002877,31703,1
hsa_circ_0002082,54675776,0
MIMAT0003457,42113,0
MIMAT0004948,31703,1
51560,636397,0
MIMAT0002845,2375,0
MIMAT0000873,15625,0
MIMAT0019934,3961,0
MIMAT0000240,216239,0
MIMAT0019022,5793,0
hsa_circ_0002060,126941,1
100131564,1207,0
286150,16741,0
29940,16078949,0
MIMAT0000123,9064,1
MIMAT0004953,3385,1
101927282,5394,1
MIMAT0004918,31703,1
MIMAT0014004,21633059,0
MIMAT0000367,2767,0
MIMAT0018108,5352624,0
MIMAT0003288,2244,0
MIMAT0005933,5997,0
hsa_circ_0002987,60606,0
MIMAT0001063,54680783,0
MIMAT0019957,442428,0
hsa_circ_0001849,21109,0
MIMAT0019817,5282350,0
MIMAT0004839,8490,0
MIMAT0000455,24180719,1
MIMAT0014863,4624,1
MIMAT0001340,44259,0
hsa_circ_0045234,5284373,0
hsa_circ_0056281,449171,0
MIMAT0019021,3385,1
hsa_circ_0004636,60700,0
MIMAT0001813,36314,0
MIMAT0003451,17754356,0
MIMAT0014002,387447,0
MIMAT0000445,30323,1
MIMAT0003740,790,0
MIMAT0000855,6505803,0
MIMAT0003241,138374198,0
hsa_circ_0071174,5381226,0
hsa_circ_0005623,6089,0
MIMAT0011448,3071,0
MIMAT0003195,1175,0
MIMAT0000735,24978538,1
MIMAT0000682,36462,0
MIMAT0000048,5280453,0
641518,5394,1
hsa_circ_0001847,24821094,0
MIMAT0000128,4033,0
MIMAT0000278,444732,1
MIMAT0000097,2767,1
MIMAT0001852,462382,0
MIMAT0018000,5460341,0
MIMAT0004488,8490,0
hsa_circ_0025506,3385,1
MIMAT0015197,3007,0
MIMAT0001705,460612,0
100499484,104842,0
MIMAT0002174,5789,0
hsa_circ_0008618,222528,0
MIMAT0003377,108065,1
hsa_circ_0003550,2662,0
hsa_circ_0003136,6057,0
MIMAT0000084,5311,0
MIMAT0003176,5329102,0
MIMAT0000814,5790,0
MIMAT0000236,104758,0
MIMAT0000145,210332,1
MIMAT0004730,4946,1
MIMAT0004937,387447,0
MIMAT0003500,5281004,1
100271297,2995,0
MIMAT0019886,74483,0
MIMAT0000536,210332,1
MIMAT0005945,261000,0
100506599,5394,1
MIMAT0004853,445154,0
MIMAT0003163,123596,0
MIMAT0016876,5951,0
105378992,25262965,0
MIMAT0000794,5281929,0
100151643,5288209,0
hsa_circ_0001355,445858,0
100505702,985,0
MIMAT0004528,60852,0
hsa_circ_0060733,5280453,0
MIMAT0005881,4212,1
hsa_circ_0000861,47725,0
MIMAT0000267,31703,1
100874366,5311,0
MIMAT0003389,31703,1
MIMAT0000536,445580,0
MIMAT0004926,2520,0
MIMAT0004825,5283344,0
MIMAT0002880,47318,0
MIMAT0000280,13342,0
MIMAT0000655,107985,0
MIMAT0004687,104741,0
26033,5641,0
MIMAT0000281,446556,0
MIMAT0004696,42113,0
MIMAT0000386,5281811,0
441666,2733,0
MIMAT0003218,2767,1
hsa_circ_0089033,5281929,0
hsa_circ_0066556,439260,0
MIMAT0000589,1983,1
MIMAT0000763,97226,1
MIMAT0003752,3385,0
MIMAT0000582,36314,0
hsa_circ_0005164,444732,0
100750225,2662,0
MIMAT0004773,5394,1
100873920,28486,0
MIMAT0000693,29327,0
MIMAT0001846,74483,1
102725045,8029,0
MIMAT0013982,56843276,0
MIMAT0003315,5459308,0
MIMAT0005939,3062316,0
MIMAT0004693,1110,0
653190,104741,0
MIMAT0000167,5757,0
MIMAT0000447,42890,0
28996,171548,0
MIMAT0000458,544,0
MIMAT0018179,6410,0
MIMAT0000682,1175,0
hsa_circ_0000760,3385,0
MIMAT0000423,5394,1
MIMAT0037307,6197,0
hsa_circ_0085495,5360373,0
MIMAT0005867,544,0
MIMAT0000715,449171,0
MIMAT0002807,5284373,0
29797,65348,0
MIMAT0005523,4829,0
MIMAT0017017,10635,0
MIMAT0016879,6505803,0
MIMAT0000100,2733526,1
MIMAT0014028,2051,0
MIMAT0003327,54675776,0
105379054,41867,0
hsa_circ_0080975,71496458,0
hsa_circ_0000457,5360373,0
MIMAT0000755,6442177,0
MIMAT0012822,5310940,0
MIMAT0003881,2244,0
hsa_circ_0073647,445858,0
7473,3062316,0
MIMAT0001046,42611257,0
hsa_circ_0001545,15939,0
hsa_circ_0000457,2051,0
MIMAT0003500,23939,0
644649,5394,1
100129554,6918289,0
MIMAT0003337,5280453,1
MIMAT0004622,2187,0
MIMAT0004929,6442177,0
100505839,47318,0
105378769,265237,0
hsa_circ_0051041,5793,0
hsa_circ_0028861,126941,0
hsa_circ_0068697,15951529,1
MIMAT0004518,216326,0
MIMAT0014002,5291,0
100287082,24180719,0
MIMAT0000091,60750,1
100506498,25183872,0
MIMAT0003347,164676,0
MIMAT0004814,544,0
MIMAT0000883,6918837,0
100033426,5352624,0
MIMAT0001725,9700,0
MIMAT0002177,444732,1
MIMAT0000873,3071,0
MIMAT0000609,5318517,0
111216284,162282,0
108570035,43815,0
hsa_circ_0000861,15951529,1
hsa_circ_0009624,15951529,1
MIMAT0000527,442793,0
MIMAT0003327,5793,1
MIMAT0001368,156413,0
MIMAT0003339,60750,1
MIMAT0004559,3028194,0
MIMAT0014005,3006531,0
MIMAT0004743,2662,0
MIMAT0019732,3071,0
hsa_circ_0000787,104758,0
MIMAT0001729,3961,0
100033439,5743,0
hsa_circ_0071185,985,0
hsa_circ_0087564,11635763,0
988,2578,0
MIMAT0001768,24268,0
MIMAT0015057,8490,0
MIMAT0000086,444732,1
MIMAT0000753,2767,1
MIMAT0019058,21109,0
MIMAT0004648,3385,0
MIMAT0000067,3385,1
MIMAT0002847,176870,0
MIMAT0000732,5283344,1
100128398,3657,0
MIMAT0000275,30323,0
644649,4891,0
MIMAT0001638,5793,1
MIMAT0004855,1832,0
100270680,38904,1
MIMAT0000596,16741,0
MIMAT0003884,5281004,0
MIMAT0003385,5757,0
MIMAT0012825,65348,0
hsa_circ_0003484,122724,0
hsa_circ_0026462,25183872,0
hsa_circ_0008337,2187,0
MIMAT0005901,1548943,0
hsa_circ_0001821,11228183,0
MIMAT0005301,54680783,0
hsa_circ_0020301,122724,0
MIMAT0004959,6001,0
MIMAT0000224,387447,0
MIMAT0019337,3496,0
MIMAT0018194,97226,0
MIMAT0000266,156413,0
MIMAT0002820,31703,1
MIMAT0000127,16078949,1
MIMAT0003752,44259,0
100130935,5460341,0
hsa_circ_0073647,16741,0
MIMAT0000418,124886,0
MIMAT0003313,25183872,0
MIMAT0015190,11635763,0
MIMAT0001706,5280360,0
hsa_circ_0075900,16197265,0
100505530,6106,0
MIMAT0003326,36314,1
MIMAT0002823,444732,1
105373984,5997,0
MIMAT0003451,441074,0
MIMAT0005440,72301,0
100505839,2578,0
MIMAT0000567,2353,0
100132169,29327,0
MIMAT0000714,5291,0
100048912,41867,0
100996259,6013,0
MIMAT0003296,3488,0
MIMAT0000583,11228183,0
hsa_circ_0000858,6918837,0
MIMAT0000626,65015,0
MIMAT0019806,3385,1
MIMAT0003171,210332,1
MIMAT0000738,444732,0
102467146,229455,0
MIMAT0000155,12967,1
MIMAT0003487,4829,0
100130935,23939,0
100505530,44259,0
hsa_circ_0001345,253602,0
MIMAT0009203,2767,1
MIMAT0003285,3779,0
MIMAT0005949,5746,0
MIMAT0015035,8029,0
MIMAT0003331,446220,0
MIMAT0019929,5311,0
100874131,60750,1
hsa_circ_0002303,24821094,0
MIMAT0000579,6440495,1
MIMAT0000421,123631,1
MIMAT0000155,16132265,1
MIMAT0000095,60750,1
100506474,15625,0
MIMAT0000168,3496,1
MIMAT0002807,1110,0
MIMAT0000894,444732,0
MIMAT0000278,3028194,1
101928567,10836,0
hsa_circ_0001203,9700,0
MIMAT0001827,135403648,0
hsa_circ_0037972,5280961,0
MIMAT0003215,667639,0
MIMAT0026739,135403648,0
hsa_circ_0078150,462382,0
hsa_circ_0003511,445580,0
MIMAT0004948,241,0
hsa_circ_0047818,5280795,0
hsa_circ_0004032,216239,0
MIMAT0005906,16741,0
hsa_circ_0009624,54680783,0
55545,10184653,0
162632,702,0
MIMAT0000377,6857599,0
hsa_circ_0032154,6076,0
MIMAT0004563,36462,0
MIMAT0000424,47725,1
MIMAT0000422,43815,1
hsa_circ_0048856,14403,0
MIMAT0004812,6001,0
100874261,5881,0
MIMAT0003125,2578,0
MIMAT0004489,25227436,0
MIMAT0005459,442793,0
MIMAT0000763,64971,0
MIMAT0018961,5816,0
101927761,644241,0
MIMAT0000247,985,0
MIMAT0000680,5793,0
MIMAT0003331,2520,1
MIMAT0015319,93004,0
hsa_circ_0039930,1673,0
hsa_circ_0003438,4763,0
hsa_circ_0049587,24497,0
MIMAT0003221,5310940,1
100996307,91466,0
MIMAT0003880,9804992,0
MIMAT0004708,56843276,0
MIMAT0004536,2767,0
MIMAT0000062,5755,0
MIMAT0018068,1176,0
51773,2336,0
101929395,31401,0
MIMAT0000552,6041,0
100996301,439530,0
MIMAT0000082,64971,0
100287082,2336,0
MIMAT0003375,6037,0
MIMAT0004655,4946,1
MIMAT0001837,15625,1
100506258,5281614,0
101928103,2907,0
MIMAT0015173,1674,0
MIMAT0002061,93004,0
hsa_circ_0085923,5284616,0
MIMAT0004683,5755,0
MIMAT0000869,8029,1
MIMAT0004920,6041,0
MIMAT0000715,5959,0
100507056,790,0
MIMAT0000724,5310940,1
MIMAT0000226,969516,1
MIMAT0003375,65064,0
hsa_circ_0000746,6089,0
hsa_circ_0008223,5755,0
100130581,36314,0
MIMAT0015051,60780,0
hsa_circ_0036688,60852,0
MIMAT0001425,10836,0
MIMAT0000524,1130,0
MIMAT0005633,119307,0
MIMAT0019876,3763,0
MIMAT0003296,119307,0
MIMAT0005340,6440495,1
hsa_circ_0000614,6197,0
hsa_circ_0000255,11556711,0
MIMAT0005580,2733,0
MIMAT0000243,969516,1
hsa_circ_0038343,24978538,0
MIMAT0002854,93004,0
101927352,11953817,0
hsa_circ_0004891,5281614,0
hsa_circ_0006168,5281614,0
MIMAT0000755,3385,1
MIMAT0006700,4763,0
hsa_circ_0009362,5280453,0
101927667,104746,0
MIMAT0000441,25262965,1
MIMAT0000516,261000,0
649446,31101,0
MIMAT0001722,42611257,0
9489,446556,0
644242,448013,0
MIMAT0004538,5280448,0
MIMAT0000093,6167,1
MIMAT0003298,15625,0
MIMAT0004958,638278,0
MIMAT0000857,712,0
MIMAT0018932,60750,1
401898,3028194,0
101927667,5793,0
MIMAT0005863,5394,0
hsa_circ_0013058,5281614,0
100129196,451668,0
MIMAT0004602,5311,0
hsa_circ_0040203,6279,0
MIMAT0015346,60953,0
hsa_circ_0003423,5281614,0
MIMAT0004767,97226,1
100507629,6442177,0
MIMAT0003215,6036,0
MIMAT0004238,3652,0
MIMAT0000266,2767,1
MIMAT0000417,444795,1
MIMAT0018087,60750,1
hsa_circ_0048956,210332,0
MIMAT0000820,5757,1
hsa_circ_0002965,261000,0
MIMAT0000427,5793,1
MIMAT0004901,36462,1
MIMAT0019928,5459308,0
100048912,45266826,0
hsa_circ_0025513,17754356,0
MIMAT0000652,5757,1
MIMAT0000167,1983,0
MIMAT0001633,5460341,0
MIMAT0004635,15951529,0
hsa_circ_0000500,6076,0
MIMAT0003347,16132265,0
105379054,3071,0
MIMAT0000100,5291,1
hsa_circ_0000419,72304,0
MIMAT0004616,6167,0
hsa_circ_0068563,8029,0
hsa_circ_0061346,42611257,0
MIMAT0004567,72301,0
hsa_circ_0024842,47936,0
hsa_circ_0087856,3071,0
MIMAT0000873,1130,0
MIMAT0000075,5994,1
MIMAT0001865,5994,0
MIMAT0003759,60953,0
MIMAT0000722,790,0
MIMAT0003324,24978538,1
MIMAT0000855,5462222,0
MIMAT0005870,2375,0
MIMAT0003451,657237,0
MIMAT0005887,216345,0
hsa_circ_0000835,5288209,0
MIMAT0005921,3117,0
hsa_circ_0075402,2244,0
MIMAT0015174,241,0
MIMAT0003880,445434,1
55109,3902,0
hsa_circ_0028912,667639,0
hsa_circ_0033024,5994,0
MIMAT0000652,1548943,0
MIMAT0003112,702,0
hsa_circ_0019589,2578,0
MIMAT0001820,77999,0
MIMAT0018178,5280951,0
hsa_circ_0000746,5865,0
hsa_circ_0000370,1832,0
hsa_circ_0076413,9898279,0
100885775,5394,1
MIMAT0000162,60750,0
MIMAT0005824,3385,0
MIMAT0003879,2520,1
hsa_circ_0030162,16197265,0
MIMAT0000161,3062316,0
MIMAT0019778,162282,0
MIMAT0022834,265237,0
hsa_circ_0026462,544,0
MIMAT0000053,36314,0
MIMAT0001541,24360,0
hsa_circ_0003997,65064,0
hsa_circ_0047270,31101,0
MIMAT0004838,5978,0
MIMAT0000426,455658,0
MIMAT0005576,216239,0
MIMAT0003302,712,0
MIMAT0003187,5281004,0
hsa_circ_0001898,5282350,0
hsa_circ_0048856,104842,0
MIMAT0000450,2375,1
MIMAT0004680,5206,0
MIMAT0000824,449171,0
MIMAT0000681,135403648,1
hsa_circ_0043469,5206,0
hsa_circ_0071106,122634,0
100506274,3103,0
MIMAT0007401,5746,0
102467146,3006531,0
MIMAT0006778,5280795,0
MIMAT0004602,442793,0
MIMAT0023617,216345,0
MIMAT0015189,41867,0
hsa_circ_0007551,31703,1
MIMAT0003275,60606,0
196968,969516,0
100132169,3071,0
102724927,5959,0
MIMAT0000525,4641,0
MIMAT0002890,5793,1
MIMAT0015323,9826528,0
MIMAT0000290,89594,1
MIMAT0016890,119307,0
MIMAT0003313,23973,0
MIMAT0000810,56842234,0
MIMAT0004949,5284616,0
MIMAT0018185,16197265,0
26033,36462,0
MIMAT0018178,5280343,0
hsa_circ_0000407,42890,0
MIMAT0015052,2907,0
MIMAT0003752,1548943,0
100507127,5394,1
hsa_circ_0092329,42113,0
MIMAT0004560,449171,0
MIMAT0000861,171548,0
101927174,60838,0
hsa_circ_0006004,10836,0
100033431,4212,0
MIMAT0000445,6253,1
MIMAT0000682,2733526,1
MIMAT0000853,10836,0
hsa_circ_0009577,5311,0
150538,229455,0
MIMAT0000810,5394,0
25859,30323,0
100499467,3345,0
hsa_circ_0002303,107985,0
MIMAT0005301,13089,0
MIMAT0000140,10621,1
MIMAT0004674,145858,1
hsa_circ_0070617,15951529,1
MIMAT0005939,36314,0
MIMAT0000782,460612,0
hsa_circ_0069821,31401,0
101927597,60750,0
MIMAT0000903,5291,0
MIMAT0001425,451668,0
MIMAT0000813,47289,1
MIMAT0002809,36314,1
MIMAT0000705,31703,1
100129662,2336,0
MIMAT0003307,176870,0
MIMAT0000520,443586,1
hsa_circ_0007312,445154,0
hsa_circ_0061260,712,0
650226,9700,0
MIMAT0018085,8029,0
MIMAT0048651,21109,0
MIMAT0003159,74483,1
hsa_circ_0001439,5790,0
MIMAT0004916,9931953,0
MIMAT0000530,5206,1
9383,24180719,0
MIMAT0000879,5288209,0
MIMAT0004953,1832,0
MIMAT0002880,141643,0
MIMAT0001721,5360373,0
MIMAT0009448,216345,0
MIMAT0000734,6106,0
hsa_circ_0066874,6197,0
MIMAT0001634,74483,1
101928674,16741,0
101929719,4763,0
MIMAT0000144,5978,0
MIMAT0005315,60953,0
hsa_circ_0000044,2733526,0
103689912,5280951,0
MIMAT0005939,10836,0
MIMAT0004660,5459308,0
MIMAT0000143,14403,0
hsa_circ_0000915,3961,0
7473,56842234,0
MIMAT0003507,5280896,0
MIMAT0000449,14888,1
503637,544,0
MIMAT0000423,36314,1
MIMAT0019953,5359268,0
MIMAT0004764,54670067,1
MIMAT0000723,148124,1
MIMAT0004531,5746,0
hsa_circ_0020301,5394,0
MIMAT0000568,5816,0
MIMAT0004695,60750,0
MIMAT0003305,285033,0
hsa_circ_0033149,9576410,0
MIMAT0003292,2723601,0
MIMAT0000380,11556711,0
MIMAT0002863,37542,0
392232,5641,0
MIMAT0015065,3488,0
MIMAT0000889,5280795,0
6101,253602,0
MIMAT0002853,5329102,0
MIMAT0004552,21109,0
MIMAT0003752,5951,0
hsa_circ_0001599,104741,0
MIMAT0000065,2767,1
MIMAT0003279,448537,1
MIMAT0004846,1176,0
MIMAT0000728,6505803,0
MIMAT0000426,97226,1
100286844,25227436,0
MIMAT0000236,108065,0
MIMAT0005900,176870,0
MIMAT0013988,60780,0
MIMAT0000515,638278,0
MIMAT0001722,253602,0
MIMAT0003049,446220,0
MIMAT0004767,122634,0
hsa_circ_0017485,41867,0
MIMAT0000092,737139,0
MIMAT0000097,5291,0
MIMAT0000073,444254,0
MIMAT0003288,439530,0
MIMAT0004911,60700,1
MIMAT0005972,23973,1
MIMAT0000223,25183872,0
MIMAT0000258,2733526,1
MIMAT0000263,5291,1
MIMAT0005625,3019,0
MIMAT0000061,210332,0
hsa_circ_0092315,5950,0
MIMAT0020976,71496458,0
MIMAT0000828,9804992,0
hsa_circ_0070616,4624,0
hsa_circ_0031027,36462,0
MIMAT0000460,148124,1
100652739,104758,0
MIMAT0001725,89594,0
hsa_circ_0056048,2375,0
hsa_circ_0031241,10184653,0
MIMAT0003320,896,0
hsa_circ_0065264,5641,0
MIMAT0001582,65110,0
hsa_circ_0008870,2187,0
MIMAT0009203,65015,0
MIMAT0000431,5222465,0
hsa_circ_0002130,114900,0
MIMAT0000731,216326,1
MIMAT0005911,6167,0
MIMAT0004637,6440495,1
MIMAT0001841,15625,1
hsa_circ_0001055,148124,0
MIMAT0001541,5359268,0
MIMAT0000095,2733526,1
MIMAT0015197,712,0
hsa_circ_0003438,1175,0
6425,667639,0
MIMAT0000617,5291,1
hsa_circ_0080649,5950,0
MIMAT0005899,1674,0
hsa_circ_0037274,60606,0
hsa_circ_0001874,16197265,0
hsa_circ_0007117,3385,0
MIMAT0003336,60823,1
MIMAT0000424,387447,0
hsa_circ_0006168,60750,0
MIMAT0003766,5361,0
MIMAT0015051,5793,0
MIMAT0003112,36462,0
MIMAT0000213,3961,0
MIMAT0003324,65015,0
MIMAT0002827,8490,0
645323,265237,0
hsa_circ_0001851,15951529,1
MIMAT0001280,5394,0
MIMAT0024890,47936,0
MIMAT0000081,5978,1
hsa_circ_0003323,6057,0
MIMAT0002821,31401,1
MIMAT0000650,5291,0
MIMAT0003249,38904,1
hsa_circ_0023685,2662,0
hsa_circ_0012673,4829,0
MIMAT0004810,5329102,1
100533955,6041,0
MIMAT0048133,4033,0
MIMAT0001368,1832,0
MIMAT0004987,5283344,0
MIMAT0005459,9576410,0
hsa_circ_0000648,444795,0
MIMAT0000065,14888,1
MIMAT0004481,60750,1
10984,439530,0
54660,5280453,0
MIMAT0001786,11228183,0
MIMAT0002823,5280951,0
hsa_circ_0001361,54675776,0
MIMAT0004802,60750,1
MIMAT0003407,124886,0
MIMAT0000425,5291,1
MIMAT0000592,60823,0
10988,445639,0
MIMAT0004902,8378,0
hsa_circ_0087564,11556711,0
MIMAT0000898,9576410,0
hsa_circ_0033144,11960529,0
MIMAT0000267,2520,0
hsa_circ_0001204,2767,0
MIMAT0006767,6918837,0
MIMAT0000424,24180719,1
MIMAT0015324,15625,0
MIMAT0015065,2244,0
hsa_circ_0013055,6041,0
MIMAT0001618,3345,0
MIMAT0004974,5280343,0
hsa_circ_0083092,5281614,0
MIMAT0004497,104741,0
100499177,10621,0
MIMAT0000608,12967,0
MIMAT0004946,5311,1
101927381,9931953,0
hsa_circ_0001171,445858,0
MIMAT0001846,104741,0
MIMAT0003453,162282,0
hsa_circ_0043634,11953817,0
MIMAT0000892,5743,1
MIMAT0003347,5459308,0
MIMAT0000084,24180719,1
MIMAT0001863,45266826,0
MIMAT0018976,444795,0
MIMAT0004655,1983,0
MIMAT0002831,23725625,0
MIMAT0000874,5280360,0
572,3071,0
100129534,24821094,0
hsa_circ_0049462,737139,0
MIMAT0003888,6076,0
MIMAT0009447,5280343,0
MIMAT0000123,145858,1
101929397,15,0
MIMAT0004861,5951,0
hsa_circ_0030998,445858,0
hsa_circ_0007312,3117,0
hsa_circ_0004315,3386,0
MIMAT0019971,208908,0
MIMAT0001087,2907,0
hsa_circ_0014737,53232,0
100506797,9804992,0
MIMAT0003485,6041,0
MIMAT0005307,2662,0
hsa_circ_0034067,43815,0
100131176,253602,0
hsa_circ_0000760,11556711,0
173401,5994,0
MIMAT0001830,3121,0
MIMAT0000103,123631,1
MIMAT0000840,114900,0
MIMAT0001420,38904,0
MIMAT0001729,5381226,0
hsa_circ_0000336,638278,0
MIMAT0000077,6857599,1
hsa_circ_0008242,21633059,0
MIMAT0001638,5865,0
MIMAT0019984,3385,1
MIMAT0015000,77999,0
MIMAT0004237,455658,0
MIMAT0005877,222757,0
MIMAT0000516,42611257,0
MIMAT0000255,985,1
MIMAT0015085,24180719,1
hsa_circ_0008001,387447,0
hsa_circ_0006941,122724,0
MIMAT0002866,21109,0
100506207,636397,1
hsa_circ_0006873,162282,0
MIMAT0001368,261000,0
hsa_circ_0000557,445580,0
MIMAT0000843,790,0
hsa_circ_0011385,15,0
MIMAT0000858,6106,0
hsa_circ_0004015,3007,0
100129291,9826528,0
hsa_circ_0000873,135403648,0
MIMAT0001868,261000,0
MIMAT0000644,2336,0
MIMAT0018976,5280427,0
MIMAT0018091,122634,0
MIMAT0001700,24497,0
646201,60823,0
389023,141643,0
hsa_circ_0030724,3496,0
MIMAT0003325,5881,0
196968,123631,0
MIMAT0005899,261004,0
MIMAT0016915,11626560,0
MIMAT0014928,5360373,0
hsa_circ_0003323,5381226,0
MIMAT0002820,123631,1
MIMAT0004541,439260,0
MIMAT0000243,47289,0
hsa_circ_0000120,6037,0
hsa_circ_0006691,25183872,0
MIMAT0000252,28486,0
101928796,47289,0
MIMAT0005595,5743,1
hsa_circ_0000518,210332,0
MIMAT0000207,5329102,0
MIMAT0005924,11228183,0
MIMAT0000743,446220,0
MIMAT0003204,11626560,0
MIMAT0000685,969516,1
MIMAT0002177,108065,1
MIMAT0000885,445154,1
MIMAT0000414,36462,1
MIMAT0000085,5950,0
MIMAT0004723,3062316,0
MIMAT0001069,5359268,1
MIMAT0003338,5865,0
MIMAT0019058,11953817,0
MIMAT0003458,12967,1
MIMAT0000431,5291,1
MIMAT0000279,5284616,0
hsa_circ_0069574,2336,0
hsa_circ_0006004,15951529,1
MIMAT0002818,16197265,0
hsa_circ_0066874,253602,0
MIMAT0004826,65015,0
hsa_circ_0026462,2236,0
MIMAT0005886,2051,0
MIMAT0000235,54670067,0
MIMAT0001733,5206,0
hsa_circ_0006174,126941,0
MIMAT0000177,6918289,0
hsa_circ_0078654,285033,0
MIMAT0003753,42890,0
MIMAT0004736,1175,0
101927477,24180719,0
hsa_circ_0032683,24821094,0
hsa_circ_0028912,60606,0
MIMAT0004523,119104,0
MIMAT0015035,49803145,0
MIMAT0019826,5757,0
MIMAT0018993,60750,1
MIMAT0011448,164676,0
MIMAT0015348,3397,0
101926978,5538,0
MIMAT0000210,60750,0
hsa_circ_0050581,4763,0
MIMAT0000727,1175,0
MIMAT0015014,49803145,0
MIMAT0004840,37542,0
hsa_circ_0000419,5816,0
MIMAT0004790,265237,0
105377105,3345,0
hsa_circ_0036399,15951529,1
MIMAT0001619,3117,0
MIMAT0001541,445434,0
MIMAT0018185,3385,1
MIMAT0005301,11635763,0
MIMAT0003281,2520,1
MIMAT0003240,5361,0
MIMAT0005886,2767,1
hsa_circ_0077007,8378,0
MIMAT0001852,208908,0
MIMAT0003297,2767,1
MIMAT0015186,65015,0
MIMAT0000733,53232,0
hsa_circ_0063179,439530,0
MIMAT0001793,5950,0
MIMAT0003286,3007,0
hsa_circ_0075048,11556711,0
MIMAT0000646,6253,1
MIMAT0000720,16197265,0
MIMAT0003741,253602,0
MIMAT0000764,2767,1
MIMAT0000746,210332,1
MIMAT0000513,11226684,0
MIMAT0000264,2244,0
100131814,5281614,0
MIMAT0000256,2520,1
MIMAT0013994,5212,0
hsa_circ_0068462,3779,0
MIMAT0001074,5206,0
MIMAT0002853,5793,1
MIMAT0004982,5641,0
MIMAT0000076,441074,0
MIMAT0048651,208908,0
hsa_circ_0062610,15939,0
MIMAT0000073,31703,1
MIMAT0001748,1176,0
103352539,6057,0
101927416,162282,0
MIMAT0003260,445580,0
MIMAT0001267,135403648,0
MIMAT0003257,712,1
MIMAT0001015,446220,0
MIMAT0000559,3345,0
hsa_circ_0002654,16741,0
MIMAT0000797,3397,0
MIMAT0005921,148124,1
hsa_circ_0063575,16197265,0
MIMAT0003185,24360,0
MIMAT0000242,9576410,0
hsa_circ_0006873,6076,0
MIMAT0015027,1548943,0
MIMAT0006700,89594,1
MIMAT0009448,2767,1
MIMAT0000443,148124,1
MIMAT0015165,5394,0
100886964,6279,0
hsa_circ_0000516,6106,0
106481742,4891,0
MIMAT0000568,4946,1
MIMAT0005914,3385,1
MIMAT0000578,6857599,0
hsa_circ_0008394,107985,0
MIMAT0001278,11433190,0
MIMAT0001857,544,0
hsa_circ_0005965,5311,0
MIMAT0004599,5329102,0
MIMAT0002821,3006531,0
MIMAT0004646,3779,1
MIMAT0004508,171548,0
MIMAT0000419,448013,0
MIMAT0001271,54454,0
MIMAT0005917,16197265,0
hsa_circ_0000008,4641,0
728374,5283344,0
MIMAT0002858,31703,1
MIMAT0002806,445154,0
MIMAT0000759,5978,0
MIMAT0000874,31401,0
101927780,9826528,0
MIMAT0000451,46843772,0
MIMAT0005966,6442177,0
MIMAT0003274,31703,1
MIMAT0019001,6505803,0
MIMAT0001831,5288826,1
MIMAT0009196,3385,1
MIMAT0001637,23725625,0
MIMAT0000441,2767,1
MIMAT0004188,216239,0
MIMAT0003209,5394,0
MIMAT0002061,42890,0
hsa_circ_0072567,15951529,1
hsa_circ_0063776,8378,0
MIMAT0000545,3229,0
MIMAT0002889,444732,0
MIMAT0004683,985,0
hsa_circ_0002965,3763,0
103352670,9547215,0
hsa_circ_0000323,712,0
25855,644241,0
5889,54670067,0
MIMAT0000096,60780,0
hsa_circ_0002082,23939,0
MIMAT0004971,24821094,0
MIMAT0016920,31703,0
MIMAT0003948,445858,0
hsa_circ_0023255,15951529,1
MIMAT0015070,5789,0
hsa_circ_0061891,5950,0
MIMAT0015137,24288,0
MIMAT0015322,126941,0
MIMAT0016879,6076,0
hsa_circ_0008001,6076,0
101929407,5394,1
100270746,5943,0
MIMAT0000805,3652,0
MIMAT0000765,36314,1
MIMAT0018108,73581,0
MIMAT0000617,2520,1
hsa_circ_0004015,896,0
MIMAT0001797,73581,0
245,3028194,0
hsa_circ_0025054,122634,0
MIMAT0000221,43815,0
MIMAT0000510,5816,1
MIMAT0001785,60780,0
hsa_circ_0008382,2723601,0
hsa_circ_0071210,5206,0
hsa_circ_0045234,54675776,0
MIMAT0000070,1130,0
MIMAT0004487,265237,0
MIMAT0003294,210332,0
hsa_circ_0000517,25227436,0
MIMAT0002889,145858,1
MIMAT0001632,9064,1
MIMAT0004577,5641,0
100130581,5641,0
hsa_circ_0062610,8378,0
hsa_circ_0001171,15951529,1
102723968,5394,1
MIMAT0000187,3121,0
100750225,60852,0
MIMAT0000726,54675776,0
hsa_circ_0089863,5280343,0
hsa_circ_0027491,544,0
hsa_circ_0040786,43815,0
100874343,790,0
101927034,108065,0
MIMAT0000677,4624,0
440416,5281811,0
MIMAT0003227,60780,0
hsa_circ_0022392,72304,0
MIMAT0017016,261000,0
MIMAT0005900,4033,0
MIMAT0005844,446220,0
hsa_circ_0000724,8029,0
MIMAT0015329,3386,0
hsa_circ_0040466,119307,0
hsa_circ_0048775,9700,0
101927102,5394,1
MIMAT0003763,443586,0
MIMAT0000102,24268,0
MIMAT0000567,21633059,0
MIMAT0004188,65015,0
MIMAT0000707,3220,1
MIMAT0000691,6442177,0
MIMAT0004773,162282,0
MIMAT0003228,6857599,0
MIMAT0000239,6410,1
MIMAT0002890,126941,0
MIMAT0011161,969516,0
hsa_circ_0038366,3652,0
646324,3385,1
MIMAT0000152,16078949,1
MIMAT0005892,3657,0
hsa_circ_0082179,15951529,1
101929120,5394,1
hsa_circ_0068462,253602,0
MIMAT0000557,3779,1
hsa_circ_0006168,15951529,1
MIMAT0003180,6115,0
MIMAT0000822,241,0
MIMAT0000087,2520,1
hsa_circ_0017695,261004,0
hsa_circ_0003273,25183872,0
hsa_circ_0003838,6279,0
hsa_circ_0003426,6197,0
105221694,5394,1
MIMAT0003461,5978,0
hsa_circ_0007148,5288826,0
MIMAT0000430,119307,1
hsa_circ_0041523,9915743,0
MIMAT0005860,5281811,0
MIMAT0000544,3386,0
MIMAT0007881,15951529,0
hsa_circ_0005185,5280360,0
100507266,5310940,0
MIMAT0019745,23725625,0
hsa_circ_0007333,638278,0
25989,9444,0
MIMAT0015145,5361,0
101927480,4829,0
MIMAT0000760,60606,0
MIMAT0001021,2733526,0
MIMAT0019868,65064,0
10298,216239,0
hsa_circ_0001258,9915743,0
MIMAT0003762,53232,0
MIMAT0003213,9949648,0
MIMAT0000613,544,0
MIMAT0000247,36314,0
MIMAT0004693,43815,0
MIMAT0000433,60750,1
hsa_circ_0080975,4829,0
MIMAT0004723,176870,0
MIMAT0003339,2767,1
hsa_circ_0059910,5881,0
MIMAT0000548,5943,0
hsa_circ_0005965,5291,0
MIMAT0004812,2733,0
MIMAT0000834,6440495,1
hsa_circ_0002082,644241,0
MIMAT0003299,5280795,0
MIMAT0002845,6041,0
MIMAT0000732,5959,0
MIMAT0003470,38904,0
100270746,171548,0
646405,122724,0
hsa_circ_0058192,5793,0
MIMAT0001545,3902,0
MIMAT0000511,56649450,0
MIMAT0019692,5281811,0
100507500,71496458,0
MIMAT0000070,5329102,1
101927174,442428,0
MIMAT0004588,5994,1
MIMAT0004812,4624,0
MIMAT0018071,16741,0
hsa_circ_0005235,3345,0
MIMAT0002872,36462,1
MIMAT0004926,1983,0
MIMAT0004655,4763,0
MIMAT0000805,9804992,0
MIMAT0000531,5288209,0
MIMAT0000445,6857599,1
MIMAT0002104,24497,0
641638,8490,0
728374,45266826,0
MIMAT0011156,73581,0
MIMAT0003210,5280343,0
hsa_circ_0068563,60198,0
MIMAT0004682,97226,1
hsa_circ_0075494,444732,0
MIMAT0003458,65348,0
MIMAT0003222,11556711,0
MIMAT0003339,3690,0
MIMAT0019798,5310940,0
MIMAT0000103,6041,0
hsa_circ_0069980,6167,0
MIMAT0000753,5881,0
100289019,45266826,0
hsa_circ_0075900,6076,0
MIMAT0003242,3496,0
MIMAT0000703,712,1
MIMAT0003888,60750,1
MIMAT0004799,89594,0
MIMAT0000418,2375,1
MIMAT0000753,36462,1
MIMAT0004926,29327,0
27242,135403648,0
MIMAT0003283,60750,1
MIMAT0001534,13089,0
MIMAT0000267,54675776,0
MIMAT0014024,4829,0
MIMAT0006584,16741,0
MIMAT0000548,5281004,1
MIMAT0005883,108065,0
MIMAT0001799,5310940,0
1973,5311,0
MIMAT0000562,6106,0
MIMAT0004498,2767,0
6618,9064,0
MIMAT0002832,2733526,1
MIMAT0015051,3385,1
MIMAT0019721,60823,0
MIMAT0000524,444795,0
651053,24180719,0
MIMAT0019796,3652,0
hsa_circ_0047641,208908,0
MIMAT0000593,60750,1
MIMAT0000081,969516,1
MIMAT0000093,448537,1
MIMAT0000846,3397,0
MIMAT0002834,3345,0
MIMAT0000802,6918289,0
MIMAT0000522,8490,1
MIMAT0003263,148124,0
MIMAT0000747,56843276,0
MIMAT0000449,5280360,1
hsa_circ_0025054,445580,0
MIMAT0002891,6279,0
MIMAT0003297,5394,0
MIMAT0003893,5282350,0
hsa_circ_0008806,737139,0
MIMAT0000616,445154,1
hsa_circ_0000813,445434,0
MIMAT0001705,5280961,0
MIMAT0002889,5394,0
MIMAT0005795,439260,0
MIMAT0004597,60700,0
MIMAT0001705,49803145,0
6101,439530,0
643446,3961,0
hsa_circ_0072904,24268,0
hsa_circ_0068464,89594,0
hsa_circ_0008702,446556,0
MIMAT0002861,11635763,0
hsa_circ_0009618,5281004,0
hsa_circ_0005087,72301,0
hsa_circ_0063158,5538,0
MIMAT0003266,93004,0
100506674,445154,0
MIMAT0000529,8490,1
100996671,689043,0
MIMAT0003222,8378,0
hsa_circ_0049627,5746,0
MIMAT0003252,47289,0
hsa_circ_0000872,446556,0
MIMAT0001341,261004,0
MIMAT0003389,6037,0
MIMAT0002819,37542,0
MIMAT0001948,4095,0
100996671,11226684,0
hsa_circ_0002078,5280961,0
hsa_circ_0018905,123631,0
MIMAT0000756,108065,0
MIMAT0016866,6089,0
hsa_circ_0006528,14403,0
MIMAT0001792,3496,0
MIMAT0003180,6076,0
51773,2187,0
MIMAT0003381,3821,0
101927574,5394,1
MIMAT0004650,24180719,0
hsa_circ_0018652,638278,0
MIMAT0004620,2767,0
MIMAT0004640,3019,0
MIMAT0001091,31703,0
MIMAT0000229,896,0
MIMAT0005867,77999,0
MIMAT0003409,5280448,0
MIMAT0004954,135403648,1
MIMAT0019748,11226684,0
MIMAT0001388,24268,1
hsa_circ_0001573,5462222,0
100505994,71496458,0
MIMAT0001866,6036,0
4321,3121,0
MIMAT0000725,56649450,0
hsa_circ_0080209,89594,0
MIMAT0000076,2767,1
MIMAT0004236,5291,0
MIMAT0000514,2187,0
MIMAT0003274,24288,0
MIMAT0001588,23973,1
MIMAT0005847,6013,0
100874261,56649450,0
MIMAT0003273,141643,0
MIMAT0000795,2578,0
MIMAT0018095,4829,0
101927528,43815,0
727896,3117,0
MIMAT0000618,23973,1
MIMAT0022834,5281004,0
MIMAT0001884,74483,1
MIMAT0005797,49803145,0
hsa_circ_0000192,14403,0
MIMAT0000537,5281004,1
hsa_circ_0005185,3652,0
MIMAT0013994,11707110,0
MIMAT0004532,44259,0
MIMAT0019934,54680783,0
MIMAT0000680,5310940,1
MIMAT0004895,5538,0
101928978,126941,0
MIMAT0015145,3062316,0
MIMAT0015007,5538,0
MIMAT0003455,1207,0
MIMAT0000705,460612,0
MIMAT0003257,31101,1
MIMAT0004810,43815,1
MIMAT0005907,45266826,0
MIMAT0000521,11953817,0
hsa_circ_0000030,25262965,0
29940,6442177,0
MIMAT0004780,4033,0
MIMAT0000083,5310940,1
101929467,6279,0
162632,444795,0
hsa_circ_0011245,4158,0
101927750,5997,0
101928517,2723601,0
MIMAT0011777,4829,0
MIMAT0005933,60198,0
101927416,445858,0
MIMAT0005847,2375,0
MIMAT0003763,1983,0
hsa_circ_0038366,11226684,0
MIMAT0003879,1175,0
MIMAT0000805,56843276,0
9489,5746,0
MIMAT0005904,24978538,0
MIMAT0000655,5280896,0
hsa_circ_0075736,53232,0
hsa_circ_0002782,24821094,0
MIMAT0000843,138374198,0
hsa_circ_0072904,455658,0
hsa_circ_0001649,44631912,0
MIMAT0004870,108065,0
MIMAT0004916,21109,0
MIMAT0015064,73581,0
100873920,5394,1
100073347,91466,0
MIMAT0000793,689043,0
MIMAT0003407,5746,0
26751,47289,0
MIMAT0003201,4033,0
hsa_circ_0001811,5280448,0
MIMAT0001822,16078949,0
101927843,6918289,0
hsa_circ_0006382,6167,0
MIMAT0000517,5997,0
MIMAT0004501,1674,0
MIMAT0000073,448537,0
MIMAT0014332,6279,0
199704,5865,0
hsa_circ_0008952,5280445,0
MIMAT0003184,210332,1
MIMAT0004796,5793,1
MIMAT0015144,2733,0
hsa_circ_0000500,9915743,0
hsa_circ_0091419,222757,0
MIMAT0000450,16197265,0
MIMAT0013988,60823,0
hsa_circ_0009043,208908,0
MIMAT0004224,64971,0
hsa_circ_0008016,15951529,1
MIMAT0000573,25227436,0
hsa_circ_0045234,8029,0
MIMAT0001634,5951,0
MIMAT0002854,2733526,1
MIMAT0019045,31703,1
MIMAT0002819,5994,1
MIMAT0003291,9804992,0
MIMAT0002848,60700,1
101928161,285033,0
545,60953,0
MIMAT0007881,31703,1
MIMAT0004499,15,0
MIMAT0001876,5997,0
MIMAT0000072,13342,0
MIMAT0000786,444254,1
100132529,2236,0
100499489,4829,0
hsa_circ_0001372,5394,0
MIMAT0003729,5329102,0
1050,44259,0
MIMAT0003896,1983,0
MIMAT0019692,3385,1
MIMAT0001822,702,0
MIMAT0000656,3007,0
MIMAT0004949,3385,1
55370,5394,1
MIMAT0000739,5757,1
MIMAT0000318,5280961,1
101929395,446556,0
100652772,2723601,0
MIMAT0000877,9700,0
MIMAT0000298,5360373,0
MIMAT0000728,12967,0
MIMAT0002812,5280360,0
MIMAT0001948,3028194,0
MIMAT0000825,42611257,0
hsa_circ_0081001,31703,1
MIMAT0003244,16197265,0
hsa_circ_0032683,4158,0
hsa_circ_0001985,445858,0
MIMAT0001412,60823,0
100505592,2187,0
MIMAT0002859,1548943,0
MIMAT0000764,2733,0
MIMAT0018085,3071,0
MIMAT0019762,6857599,0
MIMAT0000866,5538,0
101928858,2578,0
MIMAT0005887,737139,0
MIMAT0015028,265237,0
hsa_circ_0000881,36462,0
MIMAT0002838,56842234,0
MIMAT0019963,3385,1
hsa_circ_0063305,9915743,0
hsa_circ_0007031,5280448,0
100126299,5978,1
MIMAT0005442,6623,0
MIMAT0005952,5978,0
MIMAT0004921,3229,0
MIMAT0014010,42113,0
MIMAT0002890,93004,0
MIMAT0000462,31101,1
MIMAT0002857,2520,1
100996447,3071,0
hsa_circ_0017485,446556,0
MIMAT0001546,6279,0
MIMAT0001775,1983,0
MIMAT0000462,31703,1
MIMAT0000143,5641,0
MIMAT0016890,60750,1
MIMAT0000238,5793,0
MIMAT0003225,3690,0
MIMAT0000861,5280951,0
MIMAT0003379,5978,0
MIMAT0004687,5994,1
MIMAT0005793,1674,0
hsa_circ_0089863,8378,0
hsa_circ_0031288,36314,0
643827,6041,0
MIMAT0005923,5943,0
29797,6410,0
MIMAT0000775,544,0
MIMAT0001623,444732,0
100874261,5394,1
MIMAT0014029,3397,0
286150,23973,0
MIMAT0019778,77999,0
51773,5746,0
MIMAT0000162,91820602,0
hsa_circ_0087063,3690,0
MIMAT0003189,1110,0
MIMAT0001788,54671203,0
100131604,265237,0
439949,702,0
MIMAT0000450,141643,0
MIMAT0000098,2733526,1
23612,657237,0
100270828,42611257,0
MIMAT0000616,387447,0
MIMAT0007347,5459308,0
MIMAT0003472,1130,0
MIMAT0005863,4158,0
MIMAT0005876,1548943,0
101928607,6857599,0
100190938,5394,1
MIMAT0001657,5280445,0
MIMAT0000821,6115,0
hsa_circ_0088485,4641,0
MIMAT0003151,5951,0
100131176,2995,0
100505738,49803145,0
100996259,123596,0
MIMAT0001546,6037,0
100874392,9547215,0
hsa_circ_0069980,5790,0
MIMAT0000212,23725625,0
MIMAT0001267,5978,0
101928979,31101,0
MIMAT0015320,164676,0
hsa_circ_0018905,5281708,0
MIMAT0006789,5281811,0
MIMAT0000791,9576410,0
11080,5460341,0
hsa_circ_0039261,5865,0
MIMAT0000611,544,0
MIMAT0000582,5280961,0
MIMAT0002812,9444,0
hsa_circ_0006903,65064,0
MIMAT0000450,24759,0
MIMAT0005892,16741,0
MIMAT0000728,11953817,0
MIMAT0004610,119307,1
MIMAT0000092,123631,1
MIMAT0004621,5222465,0
MIMAT0005327,5284373,0
MIMAT0000526,11707110,0
MIMAT0002859,11635763,0
MIMAT0000459,119307,1
MIMAT0002822,4943,0
hsa_circ_0000773,4624,0
MIMAT0000808,135403648,0
MIMAT0000371,15951529,0
MIMAT0004987,5284616,0
MIMAT0000427,3385,1
MIMAT0005794,123596,0
hsa_circ_0018722,3385,0
MIMAT0002174,790,0
MIMAT0003247,6253,0
MIMAT0004838,6197,0
MIMAT0003283,5793,1
401898,5284616,0
hsa_circ_0050125,3101,0
MIMAT0004185,31703,1
MIMAT0004954,2767,1
100132923,119104,0
hsa_circ_0001203,60606,0
MIMAT0000581,9949648,0
hsa_circ_0017695,216239,0
MIMAT0004948,2767,1
hsa_circ_0008337,11953817,0
MIMAT0009834,5538,0
MIMAT0000222,11953817,0
25989,46843772,0
hsa_circ_0022080,49803145,0
hsa_circ_0003315,449171,0
MIMAT0015363,23973,0
101927477,448013,0
MIMAT0004702,89594,0
MIMAT0000529,2733526,1
MIMAT0001072,11707110,0
641638,5280453,0
MIMAT0000079,6106,0
MIMAT0005876,4641,0
MIMAT0002178,216326,0
338005,6001,0
MIMAT0000842,60750,0
hsa_circ_0063577,141643,0
MIMAT0000073,60750,1
MIMAT0007881,5460341,0
MIMAT0000762,15625,0
MIMAT0007864,443586,1
MIMAT0004702,4624,0
55545,3385,0
MIMAT0003464,1130,0
101929655,5394,1
MIMAT0001270,60700,0
MIMAT0003238,712,0
MIMAT0000733,2236,0
MIMAT0005591,443586,0
hsa_circ_0000457,6089,0
MIMAT0000433,2353,0
MIMAT0014025,2995,0
MIMAT0004605,60953,0
MIMAT0005456,25183872,0
MIMAT0000523,135403648,0
MIMAT0000084,141643,1
MIMAT0000751,667639,0
101927667,6041,0
100873940,42113,0
MIMAT0004487,23973,0
MIMAT0018943,261000,0
hsa_circ_0071174,65064,0
MIMAT0004484,1673,0
MIMAT0004697,135403648,1
101928304,448013,0
MIMAT0000429,36314,1
MIMAT0015083,11626560,0
644649,6115,0
MIMAT0019801,5284583,0
MIMAT0000273,5757,1
MIMAT0001791,445858,0
MIMAT0001090,2236,0
MIMAT0004540,445154,0
MIMAT0001704,4212,0
MIMAT0015001,24821094,0
MIMAT0005942,702,0
MIMAT0004751,444795,0
MIMAT0000020,126941,0
MIMAT0002823,2733526,1
MIMAT0003125,5280453,0
MIMAT0000278,60953,1
MIMAT0002870,24759,0
MIMAT0004918,5281811,0
MIMAT0015079,15951529,0
MIMAT0000445,44259,0
hsa_circ_0030998,9700,0
hsa_circ_0079262,5460341,0
hsa_circ_0089033,3397,0
hsa_circ_0000504,3385,1
MIMAT0003237,3385,0
MIMAT0000738,657237,0
MIMAT0000887,23939,0
MIMAT0003374,11226684,0
MIMAT0002867,229455,0
100129827,44259,0
MIMAT0000088,9931953,0
hsa_circ_0014737,5291,0
MIMAT0000833,23939,0
MIMAT0004237,4212,0
MIMAT0000867,6036,0
hsa_circ_0000787,45266826,0
MIMAT0004515,11707110,0
101927718,261000,0
MIMAT0003227,261000,0
MIMAT0005950,5281708,0
hsa_circ_0003940,25262965,0
23513,452548,0
MIMAT0001536,5310940,1
100505530,4091,0
hsa_circ_0000525,123596,0
MIMAT0000987,104741,0
MIMAT0004541,443586,1
100507334,54670067,0
hsa_circ_0048766,448013,0
MIMAT0000646,31703,1
MIMAT0019053,5073,0
MIMAT0000754,5280360,0
MIMAT0004674,5994,1
hsa_circ_0080576,3385,0
MIMAT0000082,60750,1
MIMAT0018443,5816,0
MIMAT0017080,23973,0
MIMAT0013992,4033,0
MIMAT0002876,2375,0
MIMAT0000646,176870,1
6374,3345,0
MIMAT0000164,9064,0
MIMAT0000423,11960529,0
100506860,5280427,0
MIMAT0003305,2051,0
MIMAT0000540,5280448,0
hsa_circ_0020353,3071,0
MIMAT0019757,122634,0
MIMAT0019968,8490,0
MIMAT0003302,444732,1
MIMAT0003216,119104,0
hsa_circ_0051899,5789,0
MIMAT0009447,5281614,0
hsa_circ_0000519,15951529,1
MIMAT0019854,702,0
MIMAT0001799,11226684,0
hsa_circ_0003738,4943,0
100506994,171548,0
100874131,3657,0
MIMAT0004954,16197265,0
100033439,3220,0
MIMAT0000231,229455,1
MIMAT0000580,1548943,0
hsa_circ_0000919,14888,0
MIMAT0005828,5310940,1
MIMAT0000796,5641,0
MIMAT0000436,5291,1
MIMAT0001045,3496,1
MIMAT0015143,29327,0
MIMAT0019798,5460341,0
MIMAT0000238,3345,0
MIMAT0003385,1983,0
MIMAT0003458,5361,0
546,77999,0
MIMAT0004233,31401,0
MIMAT0000797,896,0
hsa_circ_0070616,2051,0
MIMAT0004937,42890,0
MIMAT0000158,5280896,0
MIMAT0001820,442428,0
MIMAT0000441,6918837,0
hsa_circ_0018652,216326,0
MIMAT0004546,3386,0
100874058,5281929,0
MIMAT0001820,171548,0
MIMAT0001625,387447,0
hsa_circ_0040603,47725,0
100652772,1175,0
hsa_circ_0003908,6918289,0
MIMAT0000239,5284583,1
51741,5280360,0
MIMAT0003264,446556,0
MIMAT0015358,24268,1
MIMAT0000643,3496,1
MIMAT0015344,442793,0
MIMAT0003282,2767,0
MIMAT0018927,3821,0
MIMAT0000421,445434,1
MIMAT0001884,31401,0
hsa_circ_0030162,2336,0
MIMAT0003221,24497,0
MIMAT0003319,2767,0
100128386,5329102,0
MIMAT0015328,1832,0
MIMAT0004853,126941,0
MIMAT0002863,261004,0
MIMAT0001091,3006531,0
574029,4829,0
MIMAT0002888,5291,1
MIMAT0000136,5281004,1
MIMAT0004790,24759,0
MIMAT0000093,5288209,1
MIMAT0004736,24288,0
100421746,3121,0
MIMAT0000440,2767,1
101927489,3961,0
MIMAT0000099,3117,0
101928304,25262965,0
MIMAT0003756,162282,0
hsa_circ_0001222,122634,0
56997,73581,0
MIMAT0004733,8378,0
MIMAT0000661,985,0
MIMAT0001074,15939,0
MIMAT0004795,3385,1
692205,4158,0
10988,6279,0
MIMAT0035005,985,0
hsa_circ_0045219,15,0
7040,3779,0
MIMAT0004974,25227436,0
MIMAT0000890,13089,1
MIMAT0000072,42611257,0
MIMAT0000833,451668,0
158381,54454,0
hsa_circ_0000676,2995,0
MIMAT0005949,24180719,1
MIMAT0000555,15951529,0
27004,119104,0
MIMAT0001413,442793,0
hsa_circ_0080209,4829,0
100131067,5280360,0
hsa_circ_0084021,28486,0
MIMAT0004877,442972,0
hsa_circ_0079743,56843276,0
MIMAT0004895,5943,0
hsa_circ_0008432,5352624,0
MIMAT0009447,44259,0
hsa_circ_0086474,5280445,0
392232,737139,0
hsa_circ_0028861,47725,0
MIMAT0002861,9700,0
hsa_circ_0061346,77999,0
MIMAT0004660,7222,0
MIMAT0004764,3220,1
MIMAT0004762,2578,0
MIMAT0003242,31703,1
MIMAT0003752,2662,0
MIMAT0018988,148124,0
728207,148124,0
653190,15951529,0
MIMAT0019006,4946,0
100499177,2995,0
MIMAT0015024,5073,0
MIMAT0000719,60700,0
MIMAT0001796,5281614,0
MIMAT0000646,6623,1
25981,3007,0
hsa_circ_0064808,1548943,0
MIMAT0000070,91820602,1
MIMAT0019972,6167,0
MIMAT0019947,712,0
MIMAT0004593,8029,0
MIMAT0018941,31703,1
MIMAT0000860,15939,0
MIMAT0004918,387447,0
hsa_circ_0070616,104741,0
MIMAT0001731,442428,0
hsa_circ_0068514,452548,0
MIMAT0015173,8490,0
MIMAT0002061,47936,0
MIMAT0000688,24759,0
MIMAT0019984,56843276,0
102467146,5994,0
MIMAT0001817,3117,0
100873940,1176,0
hsa_circ_0005730,74483,0
MIMAT0001413,6857599,1
MIMAT0000140,9064,1
MIMAT0003152,452548,0
MIMAT0001729,11707110,0
MIMAT0000837,455658,0
MIMAT0001618,31401,0
hsa_circ_0086241,42113,0
MIMAT0001052,5359268,1
MIMAT0000566,3779,1
MIMAT0004812,16132265,0
MIMAT0004933,445858,1
MIMAT0015170,208908,0
101928978,43815,0
MIMAT0000885,6442177,0
MIMAT0000419,446220,1
MIMAT0002824,54454,0
MIMAT0002870,1110,0
MIMAT0000660,3103,0
MIMAT0005300,6440495,1
MIMAT0000681,36314,1
MIMAT0000455,135403648,1
MIMAT0000124,21109,0
MIMAT0001773,122724,0
646024,5280961,0
MIMAT0000617,5793,1
MIMAT0000764,5881,0
338005,73581,0
MIMAT0000187,3397,0
MIMAT0019037,24759,0
MIMAT0003222,451668,0
MIMAT0001841,3488,0
MIMAT0002884,93004,0
MIMAT0005458,737139,0
100506207,5994,0
hsa_circ_0007333,444795,0
728463,3496,0
MIMAT0000511,5280360,0
hsa_circ_0068465,25227436,0
MIMAT0000821,689043,0
101928399,135403648,0
101928913,3062316,0
MIMAT0015041,448013,0
103344926,3071,0
MIMAT0001709,56649450,0
MIMAT0005900,5361,0
MIMAT0000090,5310940,1
MIMAT0004556,72304,0
hsa_circ_0008030,14403,0
hsa_circ_0005907,4033,0
MIMAT0000069,5288826,1
MIMAT0000437,31703,1
MIMAT0011162,460612,0
MIMAT0000752,3385,1
MIMAT0015066,15625,0
100133311,6253,0
MIMAT0004596,5538,0
MIMAT0012852,445154,1
102723465,15,0
MIMAT0000382,5318517,0
MIMAT0004923,54454,0
hsa_circ_0042435,21633059,0
MIMAT0018987,969516,0
MIMAT0004897,5280448,0
MIMAT0004597,24497,0
MIMAT0000869,2187,0
100033418,5394,1
MIMAT0003782,11635763,0
hsa_circ_0090328,5950,0
MIMAT0019006,445858,0
MIMAT0000771,6013,0
100506922,5284373,0
MIMAT0019958,47725,0
hsa_circ_0065264,47318,0
MIMAT0000604,689043,0
105379407,5865,0
MIMAT0012825,3121,1
MIMAT0003258,148124,1
100289255,5394,1
6605,47289,0
MIMAT0000225,72304,0
MIMAT0005868,5743,0
MIMAT0009391,73581,0
MIMAT0003763,74483,1
hsa_circ_0059665,5994,0
hsa_circ_0003997,15951529,1
hsa_circ_0000520,114900,0
MIMAT0000273,3779,0
MIMAT0025580,47936,0
MIMAT0004220,72301,0
MIMAT0000788,737139,0
231,5757,0
100144597,24360,0
MIMAT0000728,1130,0
MIMAT0000053,3397,0
MIMAT0019740,2995,0
MIMAT0048651,119104,0
MIMAT0003321,444795,0
hsa_circ_0068464,229455,0
MIMAT0003474,11626560,0
MIMAT0012825,6918289,0
hsa_circ_0007283,241,0
hsa_circ_0005855,702,0
MIMAT0000710,737139,0
MIMAT0002809,3385,1
hsa_circ_0000648,122724,0
MIMAT0000279,24759,0
hsa_circ_0000861,3821,0
MIMAT0003469,5281004,0
MIMAT0003279,446220,0
100131733,11960529,0
hsa_circ_0064808,65064,0
104266957,6623,0
MIMAT0003314,448537,1
MIMAT0000879,442793,0
hsa_circ_0001258,261004,0
100507266,2244,0
hsa_circ_0080212,5943,0
hsa_circ_0000500,5950,0
MIMAT0000904,24821094,0
MIMAT0000440,9444,0
MIMAT0000134,16078949,1
MIMAT0000593,11226684,0
MIMAT0000437,5746,1
hsa_circ_0003940,446220,0
6301,91466,0
MIMAT0000419,6857599,1
MIMAT0016918,5280448,0
MIMAT0000151,45266826,0
MIMAT0000826,229455,0
hsa_circ_0023255,56842234,0
hsa_circ_0001974,60750,0
MIMAT0001390,123596,0
MIMAT0000574,54671203,0
hsa_circ_0006117,2907,0
MIMAT0019001,3385,1
MIMAT0000535,5284616,1
MIMAT0000158,14403,0
MIMAT0000830,65348,0
101926978,60838,0
MIMAT0000819,5743,1
MIMAT0002107,2520,0
MIMAT0000076,30323,1
MIMAT0000437,37542,1
MIMAT0005924,11556711,0
MIMAT0003247,3657,0
MIMAT0013989,5281811,0
MIMAT0000617,3385,1
MIMAT0003477,5280343,1
hsa_circ_0000825,3071,0
MIMAT0000372,5280896,0
hsa_circ_0008494,3062316,0
hsa_circ_0034682,42890,0
MIMAT0004911,89594,0
100885798,6918289,0
MIMAT0000741,6410,1
hsa_circ_0089652,123631,0
hsa_circ_0063329,54671203,0
MIMAT0003409,5283344,0
MIMAT0004531,71496458,0
MIMAT0002877,31401,1
MIMAT0003312,2907,0
MIMAT0005896,3229,0
MIMAT0000091,23725625,0
MIMAT0000459,2733526,1
MIMAT0010251,73581,0
hsa_circ_0028861,15939,0
MIMAT0002814,5360373,0
100506207,2767,1
MIMAT0003303,5994,1
MIMAT0000254,141643,0
MIMAT0002806,119104,0
MIMAT0014024,445154,0
MIMAT0000103,56842234,0
390963,10184653,0
653190,2767,1
MIMAT0000987,3821,0
MIMAT0000528,25183872,0
MIMAT0004533,2662,0
MIMAT0000089,148124,1
hsa_circ_0068563,5459308,0
hsa_circ_0001568,5959,0
MIMAT0000565,47725,0
hsa_circ_0006318,462382,0
100131814,65110,0
hsa_circ_0060733,9547215,0
MIMAT0003304,2767,1
MIMAT0000063,3229,1
MIMAT0000373,3345,0
MIMAT0003735,2662,0
MIMAT0000255,123631,1
MIMAT0015027,6036,0
MIMAT0004498,6036,0
hsa_circ_0002654,6279,0
hsa_circ_0006606,442972,0
MIMAT0003731,443586,1
hsa_circ_0038343,24288,0
MIMAT0000866,3763,0
MIMAT0000726,4829,0
MIMAT0000859,285033,0
101926964,14888,0
MIMAT0006764,5310940,1
hsa_circ_0006522,123865,0
MIMAT0000064,119307,1
MIMAT0000220,5280343,1
MIMAT0000804,21633059,0
100507053,156413,0
MIMAT0000776,3779,1
MIMAT0026739,216345,0
hsa_circ_0061107,784,0
MIMAT0000084,46843772,0
MIMAT0019868,60750,1
MIMAT0015323,13089,0
hsa_circ_0002654,24288,0
MIMAT0000803,145858,0
hsa_circ_0072904,6057,0
892,6197,0
hsa_circ_0000881,15951529,1
MIMAT0000513,216326,0
MIMAT0031893,253602,0
MIMAT0005596,208908,0
MIMAT0002811,4033,0
MIMAT0005939,5283344,0
MIMAT0000269,241,0
100996259,41867,0
MIMAT0000084,5743,1
MIMAT0000711,16078949,1
hsa_circ_0075900,5352624,0
MIMAT0002819,442972,1
MIMAT0001632,210332,1
hsa_circ_0051799,10635,0
MIMAT0000850,253602,0
MIMAT0019784,985,0
hsa_circ_0007146,25183872,0
MIMAT0003289,36314,1
MIMAT0001709,21633059,0
100505881,49803145,0
646576,446556,0
hsa_circ_0043469,60780,0
hsa_circ_0063179,3071,0
hsa_circ_0007146,8378,0
MIMAT0015076,65015,0
MIMAT0000722,4095,0
MIMAT0001877,3488,0
MIMAT0004238,15939,0
MIMAT0000090,5994,1
MIMAT0004621,9547215,0
103352539,23939,0
MIMAT0018108,23725625,0
MIMAT0002170,6106,0
MIMAT0001068,446220,0
hsa_circ_0092329,2723601,0
MIMAT0000380,5281004,0
101927574,442793,0
100506465,10836,0
MIMAT0000075,452548,1
hsa_circ_0091894,5865,0
MIMAT0004979,387447,0
MIMAT0001819,6089,0
MIMAT0004495,16741,0
100033431,2244,0
hsa_circ_0000458,114900,0
MIMAT0000025,445858,0
MIMAT0003121,6279,0
MIMAT0000385,5222465,0
MIMAT0000422,4095,1
100507217,5997,0
MIMAT0000252,36462,1
MIMAT0018356,544,0
MIMAT0019758,5280453,0
hsa_circ_0000192,445858,0
MIMAT0001877,10635,0
MIMAT0001707,104842,0
MIMAT0000836,5994,0
MIMAT0000758,5793,1
hsa_circ_0050580,2733526,0
MIMAT0000079,2733526,1
MIMAT0000233,441074,0
MIMAT0019732,3385,1
100144596,21109,0
MIMAT0004913,2236,0
101929559,2336,0
100128252,56649450,0
MIMAT0015077,54454,0
MIMAT0015188,123865,0
100507056,36314,1
MIMAT0018184,31101,0
MIMAT0004987,89594,0
hsa_circ_0006900,119104,0
MIMAT0000064,5757,1
MIMAT0001822,14888,0
344887,216345,0
hsa_circ_0025135,1548943,0
MIMAT0016915,222528,0
MIMAT0003338,5283344,1
MIMAT0002840,60780,1
MIMAT0002829,2767,1
MIMAT0000973,5212,0
hsa_circ_0005397,216239,0
MIMAT0000073,14888,1
101927489,38904,0
MIMAT0000692,6857599,1
100506126,5394,1
MIMAT0000074,24759,0
MIMAT0002831,3385,1
100506046,6442177,1
MIMAT0000259,5310940,1
hsa_circ_0000518,6410,0
hsa_circ_0001450,148124,0
1050,5206,0
hsa_circ_0038366,460612,0
MIMAT0001267,21633059,0
MIMAT0000156,123865,0
MIMAT0000868,2662,0
MIMAT0001080,5310940,1
MIMAT0000441,60750,1
MIMAT0000074,6857599,1
MIMAT0003491,5997,0
MIMAT0000092,56649450,0
hsa_circ_0000872,123631,0
MIMAT0002824,2767,1
MIMAT0019027,5816,0
MIMAT0000889,5743,1
MIMAT0000646,5997,1
hsa_circ_0063158,5280896,0
MIMAT0015362,54675776,0
MIMAT0000177,24497,0
MIMAT0005791,24497,0
MIMAT0001052,3117,0
MIMAT0000139,13089,0
54436,657237,0
hsa_circ_0066874,54680783,0
MIMAT0013991,60852,0
hsa_circ_0008334,3062316,0
MIMAT0014013,11226684,0
MIMAT0004496,444254,0
11080,445858,0
MIMAT0000026,229455,0
28996,24978538,0
MIMAT0000124,148124,0
MIMAT0000135,11635763,0
hsa_circ_0068697,119104,0
MIMAT0005900,4212,0
MIMAT0004723,439530,0
MIMAT0000207,3496,1
MIMAT0004828,2907,0
MIMAT0000600,71496458,0
hsa_circ_0001372,5793,0
MIMAT0019037,31703,1
hsa_circ_0006168,6253,0
hsa_circ_0022434,3019,0
hsa_circ_0006606,15951529,1
4855,6857599,1
MIMAT0006765,30323,0
MIMAT0000445,13089,0
MIMAT0004646,4946,1
MIMAT0000435,5291,1
MIMAT0015042,6505803,0
MIMAT0000376,42890,0
MIMAT0002809,460612,0
100033421,8490,0
7040,5950,0
100505839,657237,0
MIMAT0000861,8029,1
MIMAT0000450,5394,1
MIMAT0000644,65348,0
MIMAT0018001,7222,0
100132103,31401,0
hsa_circ_0075320,124886,0
MIMAT0000687,4829,0
hsa_circ_0056790,15951529,1
MIMAT0016895,445154,0
MIMAT0001627,31703,1
MIMAT0003199,15951529,0
MIMAT0014003,446220,0
MIMAT0002820,31401,0
MIMAT0000071,222757,0
MIMAT0000077,446556,1
MIMAT0003297,124886,0
hsa_circ_0006941,45266826,0
101927174,446220,0
MIMAT0003270,37542,0
344887,5280453,0
MIMAT0000784,3779,1
MIMAT0017988,60750,1
MIMAT0000732,445639,0
MIMAT0003496,4033,0
hsa_circ_0047663,38904,0
MIMAT0000717,5793,1
MIMAT0002111,21633059,0
hsa_circ_0036750,9804992,0
hsa_circ_0007326,5280453,0
MIMAT0015145,24268,1
MIMAT0000842,21633059,0
MIMAT0003401,712,0
6290,47936,0
hsa_circ_0009624,6013,0
hsa_circ_0006382,3121,0
101927528,11228183,0
MIMAT0004888,37542,0
MIMAT0019887,2244,0
hsa_circ_0005004,638278,0
MIMAT0014928,5284616,0
hsa_circ_0000287,123631,0
100996732,737139,0
MIMAT0017016,712,0
MIMAT0000072,2520,1
390963,448537,0
MIMAT0000877,210332,0
MIMAT0019046,446220,0
hsa_circ_0005354,441074,0
MIMAT0003238,1673,0
101927597,667639,0
MIMAT0005908,216239,0
MIMAT0004928,6041,0
MIMAT0000279,2767,1
100874392,15,0
MIMAT0000279,3385,1
MIMAT0001268,74483,1
MIMAT0003152,737139,0
MIMAT0000072,444795,0
MIMAT0017988,24180719,0
MIMAT0005939,24821094,0
100287616,60852,0
MIMAT0000611,135403648,0
hsa_circ_0008016,5281004,0
hsa_circ_0023249,15951529,1
MIMAT0018074,25244711,0
MIMAT0002854,24497,0
hsa_circ_0072837,9547215,0
MIMAT0004189,107985,0
100506697,5394,1
MIMAT0003165,253602,0
391267,16078949,0
hsa_circ_0007761,6115,0
MIMAT0004674,261000,0
MIMAT0000227,54670067,1
MIMAT0002831,2995,0
102724515,265237,0
hsa_circ_0023610,15951529,1
MIMAT0003737,16741,1
MIMAT0001632,8378,0
MIMAT0000269,3229,1
MIMAT0015357,443586,0
MIMAT0005442,5318517,0
MIMAT0000419,6089,1
MIMAT0002870,25244711,0
MIMAT0002814,5310940,0
MIMAT0001799,49803145,0
MIMAT0004563,97226,0
hsa_circ_0009624,5994,0
MIMAT0000454,784,0
MIMAT0004542,3019,0
MIMAT0000099,2520,1
hsa_circ_0067352,36462,0
hsa_circ_0007149,119104,0
MIMAT0000089,114900,0
MIMAT0001638,60750,1
MIMAT0014003,3121,0
MIMAT0015141,24268,1
MIMAT0000802,43815,0
MIMAT0000048,104746,0
51741,5394,1
hsa_circ_0004087,122634,0
MIMAT0018108,31703,1
MIMAT0001271,3488,0
MIMAT0000903,36462,0
hsa_circ_0003643,285033,0
hsa_circ_0002131,9700,0
hsa_circ_0003489,460612,0
MIMAT0004560,2244,0
MIMAT0004663,441074,0
MIMAT0019730,6167,0
hsa_circ_0001573,24268,0
MIMAT0006775,89594,1
hsa_circ_0020301,36314,1
101929023,77999,0
100616668,3690,0
MIMAT0000566,123865,0
MIMAT0018104,2767,0
MIMAT0013990,6036,0
101927056,5280427,0
101927482,3657,0
MIMAT0000753,148124,1
MIMAT0004609,9915743,0
MIMAT0002878,114900,0
MIMAT0000444,6623,0
MIMAT0000372,60198,0
hsa_circ_0002131,13342,0
440253,5755,0
MIMAT0004216,89594,1
MIMAT0017983,6041,0
MIMAT0000850,16078949,0
MIMAT0004861,14403,0
MIMAT0000449,176870,1
MIMAT0001808,74483,1
6093,6623,0
MIMAT0014989,5381226,0
MIMAT0000536,36462,0
MIMAT0000533,455658,0
MIMAT0000589,3690,0
MIMAT0001630,5280448,0
MIMAT0000823,47289,1
MIMAT0004780,702,0
hsa_circ_0003136,43815,0
MIMAT0001625,21633059,0
MIMAT0001809,10184653,0
MIMAT0004985,16197265,0
hsa_circ_0000040,11226684,0
MIMAT0002827,36314,1
MIMAT0003122,5746,0
hsa_circ_0006528,2375,0
100506542,3121,0
MIMAT0004579,9949648,0
100289019,14403,0
101927249,36314,0
MIMAT0004795,3121,0
MIMAT0000887,72301,0
3169,73581,0
5970,6041,0
MIMAT0015341,5755,0
101927416,9949648,0
27303,5035,0
MIMAT0000867,36314,1
MIMAT0001619,2187,0
MIMAT0004923,285033,0
hsa_circ_0001258,9826528,0
338005,5394,1
100128164,6041,0
hsa_circ_0000825,24180719,0
101928858,657237,0
MIMAT0003248,124886,0
100270828,6036,0
MIMAT0000083,241,0
MIMAT0000647,8490,1
MIMAT0005791,444254,0
hsa_circ_0084021,4829,0
hsa_circ_0075402,3763,0
hsa_circ_0002654,16132265,0
MIMAT0000729,2375,1
MIMAT0003886,6440495,0
545,5035,0
hsa_circ_0042200,104758,0
MIMAT0003199,24360,0
MIMAT0000386,3229,0
MIMAT0015187,24268,1
100507127,3488,0
162632,60780,0
MIMAT0000578,31703,1
MIMAT0000594,97226,0
MIMAT0000882,10635,0
MIMAT0005439,5460341,0
MIMAT0000232,442428,0
MIMAT0003209,3779,1
MIMAT0000251,2733526,0
MIMAT0018071,3690,0
101927592,2244,0
MIMAT0000607,77999,0
MIMAT0004637,265237,0
MIMAT0000639,15951529,0
103752587,5394,1
340811,9700,0
MIMAT0000222,5281708,0
199704,10635,0
hsa_circ_0036688,15951529,1
MIMAT0000257,5310940,1
MIMAT0005625,5790,0
100652739,2578,0
MIMAT0004763,445858,0
MIMAT0000088,5284616,0
hsa_circ_0032825,15951529,1
MIMAT0000802,77999,0
MIMAT0005633,3121,0
MIMAT0000647,54671203,0
MIMAT0005921,5310940,1
hsa_circ_0000858,30323,0
hsa_circ_0089371,3385,0
MIMAT0018982,65015,0
MIMAT0004635,164676,0
MIMAT0001797,176870,0
MIMAT0003289,119104,0
MIMAT0004946,23939,0
hsa_circ_0001439,10836,0
101929395,14403,0
MIMAT0003271,54671203,0
MIMAT0003238,5865,0
101927480,46843772,0
MIMAT0003385,5283344,0
MIMAT0003225,5291,0
MIMAT0000524,6918289,0
MIMAT0003308,5288826,1
MIMAT0000684,5997,1
hsa_circ_0072387,4641,0
26751,16741,0
100874043,5280896,0
MIMAT0003311,5281708,0
hsa_circ_0000524,5789,0
MIMAT0005850,443586,1
MIMAT0000723,91820602,0
MIMAT0014022,122634,0
MIMAT0000606,89594,0
MIMAT0001365,89594,0
hsa_circ_0000120,222528,0
MIMAT0000757,5280795,1
MIMAT0011156,5789,0
6290,5394,1
MIMAT0003234,122724,0
MIMAT0000435,5222465,1
MIMAT0004488,3071,0
MIMAT0000243,5978,1
MIMAT0018087,5994,0
MIMAT0000416,3652,0
MIMAT0000766,969516,1
hsa_circ_0005974,16197265,0
hsa_circ_0042474,15951529,1
hsa_circ_0033024,5755,0
MIMAT0000573,11226684,0
MIMAT0000772,2520,1
hsa_circ_0004680,9949648,0
hsa_circ_0006117,15951529,1
hsa_circ_0001147,47318,0
MIMAT0000095,56649450,0
MIMAT0000437,444795,1
MIMAT0002840,5035,0
hsa_circ_0087856,5793,0
MIMAT0000854,265237,0
100131874,2723601,0
MIMAT0000594,3902,0
MIMAT0002826,28486,0
MIMAT0002883,36314,1
hsa_circ_0006900,15951529,1
hsa_circ_0076413,2723601,0
MIMAT0005576,29327,0
hsa_circ_0001450,60750,0
hsa_circ_0000861,93004,0
hsa_circ_0022963,9949648,0
MIMAT0003237,6057,0
MIMAT0000772,2375,1
MIMAT0000639,156413,0
MIMAT0000074,6623,1
hsa_circ_0072876,60750,0
MIMAT0002861,60780,1
MIMAT0015097,3961,0
MIMAT0005278,74483,1
MIMAT0004971,162282,0
MIMAT0000025,56649450,0
MIMAT0000449,387447,1
MIMAT0000275,3220,1
MIMAT0003326,2375,1
MIMAT0000124,145858,0
100132923,969516,0
MIMAT0000133,162282,0
hsa_circ_0002654,31703,1
1407,439260,0
MIMAT0003165,790,0
1050,126941,0
MIMAT0015343,6041,0
hsa_circ_0006795,387447,0
MIMAT0000727,2995,0
hsa_circ_0009618,38904,0
hsa_circ_0063575,5994,0
MIMAT0000458,108065,1
hsa_circ_0001450,23939,0
100506930,5460341,0
MIMAT0000456,3121,0
hsa_circ_0061260,123596,0
hsa_circ_0006608,6115,0
hsa_circ_0036688,784,0
hsa_circ_0000510,4946,0
MIMAT0019771,3028194,0
MIMAT0004719,216345,0
MIMAT0005327,3117,0
100874343,14888,0
574029,15,0
hsa_circ_0003323,60838,0
100499405,44631912,0
MIMAT0022834,60953,0
MIMAT0000756,10635,0
MIMAT0000677,2578,0
MIMAT0004907,443586,0
MIMAT0000691,3229,0
100033413,4624,0
MIMAT0004825,441074,0
MIMAT0000867,104842,0
MIMAT0000142,439530,0
193629,5865,0
hsa_circ_0050125,47318,0
MIMAT0000272,5978,1
MIMAT0002811,36314,0
MIMAT0003241,60750,1
MIMAT0013989,261004,0
MIMAT0000381,2336,1
MIMAT0001537,1207,0
MIMAT0003389,108065,1
MIMAT0004730,114900,0
MIMAT0000617,2578,1
643911,3385,1
MIMAT0018095,2375,0
MIMAT0000688,1130,0
MIMAT0000443,3385,1
MIMAT0000074,6468,0
hsa_circ_0001311,104741,0
100131733,638278,0
100874041,104842,0
MIMAT0018091,5280453,0
MIMAT0000086,44259,0
MIMAT0000081,2767,1
MIMAT0000368,702,0
MIMAT0000523,5212,0
MIMAT0000269,5994,1
MIMAT0000098,5288209,0
MIMAT0035719,5281614,0
MIMAT0000728,448537,1
hsa_circ_0007283,5381226,0
MIMAT0005280,6253,0
hsa_circ_0006382,47725,0
100507006,5793,0
5889,6857599,1
hsa_circ_0088681,3961,0
hsa_circ_0001518,6279,0
MIMAT0005793,47318,0
hsa_circ_0000042,222528,0
hsa_circ_0080209,638278,0
hsa_circ_0092315,65110,0
hsa_circ_0006392,5281811,0
MIMAT0015069,439530,0
MIMAT0000166,3496,1
MIMAT0015194,5318517,0
MIMAT0000803,445154,1
hsa_circ_0000407,24360,0
MIMAT0000531,60823,1
MIMAT0005826,49803145,0
hsa_circ_0011448,5538,0
MIMAT0005952,4943,0
MIMAT0005824,5280795,0
MIMAT0009196,141643,0
hsa_circ_0087234,24821094,0
MIMAT0000747,54670067,0
MIMAT0000248,14403,0
1050,5035,0
hsa_circ_0078607,216345,0
MIMAT0003209,9700,0
MIMAT0019757,216239,0
MIMAT0000166,969516,0
MIMAT0000214,667639,0
MIMAT0001857,44259,0
MIMAT0001794,6918289,0
MIMAT0015070,5352624,0
hsa_circ_0000818,5360373,0
hsa_circ_0000518,25262965,0
MIMAT0005339,60606,0
MIMAT0001783,5994,0
hsa_circ_0029345,5280961,0
MIMAT0004507,2353,0
MIMAT0004491,23939,0
MIMAT0019905,5641,0
MIMAT0000071,712,1
100996266,5462222,0
MIMAT0025580,104741,0
MIMAT0005319,2336,0
100507098,5280360,0
hsa_circ_0022080,15951529,0
102725045,5394,1
hsa_circ_0090328,6076,0
MIMAT0000521,6857599,0
hsa_circ_0017449,44259,0
hsa_circ_0036391,104758,0
hsa_circ_0006392,31101,0
MIMAT0000079,10621,1
100996447,3763,0
MIMAT0000872,3779,1
MIMAT0004855,1983,0
MIMAT0004947,3763,0
MIMAT0018982,445154,0
MIMAT0019716,1832,0
101060524,667639,0
MIMAT0001850,74483,1
MIMAT0004678,4624,1
100033416,156413,0
MIMAT0000100,3229,1
MIMAT0000265,2995,0
MIMAT0000279,439530,0
105372147,60838,0
MIMAT0000376,5359268,0
100033413,25262965,0
MIMAT0000567,4763,0
101928168,6505803,0
hsa_circ_0000463,462382,0
hsa_circ_0042451,5281708,0
hsa_circ_0032682,5280453,0
MIMAT0000563,441074,0
hsa_circ_0001818,15951529,1
hsa_circ_0021727,119307,0
hsa_circ_0000324,46843772,0
101928794,9576410,0
MIMAT0001772,9931953,0
339240,104758,0
hsa_circ_0075736,77999,0
hsa_circ_0000042,3071,0
hsa_circ_0008382,3103,0
MIMAT0004481,5280453,0
MIMAT0016925,60750,1
MIMAT0004556,2723601,0
hsa_circ_0087293,126941,0
MIMAT0000665,5789,0
hsa_circ_0042459,9915743,0
MIMAT0018095,222528,0
MIMAT0000519,16741,0
hsa_circ_0008616,455658,0
hsa_circ_0063179,114900,0
MIMAT0019947,3006531,0
MIMAT0000213,3821,0
MIMAT0003515,104758,0
MIMAT0018194,36314,1
MIMAT0000273,2767,1
MIMAT0000531,5284616,1
MIMAT0000137,56842234,0
MIMAT0004920,4158,0
MIMAT0005340,25183872,0
hsa_circ_0069980,30323,0
MIMAT0000096,5950,0
hsa_circ_0000724,15951529,1
MIMAT0003219,24978538,0
27242,4212,0
MIMAT0019003,3062316,0
MIMAT0002811,9547215,0
652995,5381226,0
MIMAT0019886,6115,0
415056,1548943,0
MIMAT0003762,2051,0
6618,5978,1
MIMAT0000973,5359268,1
hsa_circ_0034067,31101,0
hsa_circ_0084606,896,0
MIMAT0001700,451668,0
MIMAT0002176,38904,1
MIMAT0000853,5951,0
MIMAT0001701,11228183,0
6494,6857599,1
100128398,3062316,0
2059,445639,0
hsa_circ_0000471,25183872,0
MIMAT0003214,5950,0
MIMAT0000097,24180719,1
MIMAT0000227,176870,1
MIMAT0015024,119307,0
MIMAT0018945,4946,0
MIMAT0000379,3345,1
hsa_circ_0001874,37542,0
MIMAT0000765,8378,1
MIMAT0019337,439530,0
MIMAT0003471,4033,0
hsa_circ_0005379,10836,0
hsa_circ_0000141,8378,0
MIMAT0000824,702,0
hsa_circ_0005086,25227436,0
MIMAT0005439,24497,0
MIMAT0015358,657237,0
100506274,53232,0
MIMAT0004562,4033,1
MIMAT0015007,6279,0
MIMAT0000142,455658,0
7040,5281929,0
MIMAT0000253,135403648,1
MIMAT0015324,60750,0
MIMAT0004676,448537,0
MIMAT0001848,222528,0
MIMAT0004572,5280343,1
8453,49803145,0
MIMAT0000298,89594,1
MIMAT0004578,9931953,0
MIMAT0000102,148124,1
MIMAT0002872,5790,1
101929059,2733526,0
MIMAT0024618,65348,0
MIMAT0001708,712,0
hsa_circ_0063329,15,0
MIMAT0005987,126941,0
hsa_circ_0000557,119307,0
MIMAT0004324,4095,0
MIMAT0018080,6253,0
MIMAT0000098,6115,1
MIMAT0005315,2907,0
102723465,5035,0
MIMAT0001759,119307,0
MIMAT0000757,60750,1
MIMAT0048133,72304,0
MIMAT0000827,222757,0
MIMAT0002824,5459308,0
MIMAT0003725,210332,1
MIMAT0004782,162282,0
MIMAT0000129,47289,0
MIMAT0000646,3652,1
MIMAT0003315,444732,1
106481742,2767,0
hsa_circ_0076522,2375,0
MIMAT0018937,16197265,0
MIMAT0000093,5291,0
hsa_circ_0003997,5280961,0
MIMAT0000792,6440495,1
MIMAT0018977,31101,0
MIMAT0014988,9576410,0
MIMAT0001020,3220,0
MIMAT0000070,2907,1
100506465,65064,0
100750225,11960529,1
MIMAT0001841,253602,0
MIMAT0003287,5310940,1
MIMAT0003756,119104,0
MIMAT0000651,6106,0
MIMAT0001547,5280951,0
MIMAT0000280,60750,1
MIMAT0004567,25227436,0
MIMAT0000156,4946,0
MIMAT0004660,3229,0
hsa_circ_0002782,23939,0
hsa_circ_0040185,91820602,0
100506990,5394,1
MIMAT0014004,1548943,0
MIMAT0003495,11226684,0
MIMAT0005584,3385,1
MIMAT0000447,5284373,0
MIMAT0015323,119104,0
MIMAT0000064,24180719,1
MIMAT0015138,5073,0
MIMAT0000156,2051,0
MIMAT0000934,3496,1
MIMAT0001724,443586,0
MIMAT0015363,3496,0
102723354,5394,1
101929407,5281708,0
MIMAT0001825,10621,0
101929395,56843276,0
MIMAT0005828,15939,0
hsa_circ_0080210,439530,0
hsa_circ_0001122,644241,0
hsa_circ_0040185,15951529,1
100286844,5394,1
MIMAT0000770,45266826,0
MIMAT0004773,3071,0
415056,5283344,0
hsa_circ_0072025,216239,0
hsa_circ_0006784,2336,0
MIMAT0003511,60852,0
hsa_circ_0008518,6076,0
MIMAT0000245,24180719,1
MIMAT0015363,11953817,0
MIMAT0019919,5280896,0
MIMAT0004871,439260,0
MIMAT0019713,54671203,0
MIMAT0014928,5281004,0
MIMAT0003209,104842,0
MIMAT0015083,12967,0
MIMAT0001708,1548943,0
MIMAT0005902,216326,0
MIMAT0001623,3821,0
MIMAT0003459,5280360,0
MIMAT0003782,3652,0
MIMAT0000515,25227436,0
hsa_circ_0008389,702,0
MIMAT0015072,72304,0
619455,119104,0
MIMAT0000882,4891,0
101927477,4946,0
MIMAT0003299,4891,0
hsa_circ_0032154,222757,0
hsa_circ_0022963,3006531,0
645206,2662,0
hsa_circ_0005087,2733,0
MIMAT0000721,5460341,0
MIMAT0000437,5951,1
MIMAT0001797,4091,0
MIMAT0000262,138374198,0
100270680,9898279,0
MIMAT0004216,5284373,0
1397,126941,0
MIMAT0003339,42611257,0
MIMAT0003491,65064,0
173401,3028194,0
MIMAT0015320,24180719,0
MIMAT0000211,444795,0
hsa_circ_0090328,6001,0
339926,17754356,0
100302650,9931953,0
MIMAT0005279,23725625,0
MIMAT0000831,47289,1
MIMAT0002831,784,0
hsa_circ_0092315,442972,0
102723465,5280951,0
MIMAT0004812,3019,0
hsa_circ_0007312,5282350,0
MIMAT0003211,5743,1
hsa_circ_0001445,123865,0
MIMAT0004599,2187,0
MIMAT0000748,56843276,0
MIMAT0000136,3779,0
MIMAT0003725,5329102,0
101927416,9700,0
MIMAT0004541,25244711,0
100144603,14888,0
101927034,42890,0
MIMAT0003177,2375,0
hsa_circ_0005004,3779,0
MIMAT0003409,5281004,1
MIMAT0015194,4095,0
MIMAT0014001,222528,0
hsa_circ_0001278,47318,0
MIMAT0001081,445434,0
hsa_circ_0023685,15951529,1
hsa_circ_0006156,5360373,0
101928168,2767,0
MIMAT0003500,3488,0
MIMAT0004646,60953,0
MIMAT0005633,123631,0
MIMAT0000898,108065,0
MIMAT0001078,210332,0
MIMAT0015042,445639,0
MIMAT0005883,5978,0
MIMAT0003215,65110,0
MIMAT0004777,11433190,0
55384,60750,1
55109,14888,0
MIMAT0000434,3385,1
MIMAT0002814,3385,1
MIMAT0006587,445434,0
hsa_circ_0001599,24288,0
MIMAT0002109,1548943,0
MIMAT0001618,44259,0
hsa_circ_0002060,2767,1
MIMAT0000122,8490,1
MIMAT0000451,5793,1
MIMAT0005863,5310940,1
hsa_circ_0078654,31401,0
MIMAT0000876,73581,0
MIMAT0001423,114900,0
51100,6918837,0
MIMAT0000226,97226,1
hsa_circ_0004636,3229,0
MIMAT0000430,123631,1
MIMAT0001887,2244,0
100131733,14888,0
MIMAT0018188,969516,0
MIMAT0003213,445154,0
MIMAT0000421,17754356,1
MIMAT0019074,5288826,0
MIMAT0000660,5460341,0
MIMAT0003193,89594,0
MIMAT0000422,3385,0
MIMAT0015042,41867,0
MIMAT0004517,5790,0
MIMAT0003308,3386,0
MIMAT0003323,5360373,0
MIMAT0004567,16741,0
MIMAT0003188,2578,0
MIMAT0002177,1674,0
hsa_circ_0000042,122724,0
hsa_circ_0082140,11433190,0
hsa_circ_0040786,6057,0
hsa_circ_0003967,176870,0
hsa_circ_0001851,2907,0
hsa_circ_0062980,442972,0
441058,5284373,0
7508,5459308,0
hsa_circ_0008870,24360,0
MIMAT0000758,31703,1
9774,1207,0
MIMAT0003119,229455,0
MIMAT0001271,6623,0
MIMAT0000462,3385,1
100499484,638278,0
MIMAT0004958,60750,1
MIMAT0000071,5311,1
hsa_circ_0064808,3902,0
MIMAT0000278,5280795,1
MIMAT0004584,60823,0
414243,13342,0
hsa_circ_0003426,37542,0
hsa_circ_0001311,91820602,0
MIMAT0000275,31703,1
MIMAT0015077,104842,0
646201,5743,0
hsa_circ_0075736,969516,0
MIMAT0015196,24978538,0
hsa_circ_0006691,5462222,0
MIMAT0003320,65064,0
MIMAT0000220,451668,0
MIMAT0003205,5284583,0
MIMAT0017002,446556,0
101060542,65348,0
MIMAT0000877,107985,0
MIMAT0000522,12967,1
MIMAT0000533,16741,1
100506599,122724,0
hsa_circ_0009360,9804992,0
MIMAT0009196,3779,0
104355217,6253,0
MIMAT0000440,24978538,0
MIMAT0001732,5959,0
MIMAT0001582,126941,0
hsa_circ_0006691,15951529,1
MIMAT0000693,60750,0
MIMAT0002870,31703,1
MIMAT0002807,6623,0
MIMAT0004616,9576410,0
MIMAT0003515,15,0
MIMAT0003184,14888,0
hsa_circ_0077216,5222465,0
MIMAT0000814,11228183,0
hsa_circ_0061891,3690,0
MIMAT0019771,446220,0
hsa_circ_0011448,36462,0
MIMAT0018081,969516,0
54838,1176,0
MIMAT0002812,45266826,0
MIMAT0015194,9915743,0
MIMAT0001372,5950,0
hsa_circ_0061891,689043,0
MIMAT0004538,2244,0
MIMAT0000771,56843276,0
MIMAT0005595,5288209,0
MIMAT0014863,11707110,0
MIMAT0023617,442428,0
MIMAT0018994,3071,0
hsa_circ_0000549,5212,0
MIMAT0002842,72304,0
MIMAT0000430,148124,1
MIMAT0003309,222757,0
339240,4091,0
MIMAT0000077,123631,1
hsa_circ_0008494,3229,0
MIMAT0000075,2336,0
MIMAT0001835,5755,0
MIMAT0018104,3385,1
MIMAT0020976,3496,1
MIMAT0000431,4212,0
MIMAT0002814,60780,1
100616668,5394,1
MIMAT0003227,445639,0
MIMAT0000861,4946,1
MIMAT0004929,23939,0
MIMAT0000095,23725625,1
hsa_circ_0001178,3652,0
MIMAT0000761,60750,1
MIMAT0000823,5743,1
MIMAT0002055,38904,0
MIMAT0004700,11433190,0
MIMAT0018352,784,0
100505839,9064,0
100506258,6089,0
MIMAT0003167,16197265,0
hsa_circ_0002669,5206,0
MIMAT0002877,5310940,1
MIMAT0019963,5280795,0
100499177,65348,0
hsa_circ_0000199,5311,0
MIMAT0000726,3385,1
100873998,446220,0
MIMAT0001538,24268,0
MIMAT0000084,5280961,1
MIMAT0004978,104741,0
hsa_circ_0031241,25244711,0
MIMAT0001884,2051,0
hsa_circ_0002669,3763,0
339240,124886,0
MIMAT0019713,60750,1
hsa_circ_0006941,65064,0
MIMAT0004224,4891,0
101927642,261000,0
MIMAT0000272,6857599,1
MIMAT0019748,36314,1
MIMAT0000414,5222465,0
MIMAT0001792,43815,0
MIMAT0000708,11433190,0
hsa_circ_0055943,5280951,0
51773,6857599,1
MIMAT0018993,5865,0
MIMAT0019359,54680783,0
hsa_circ_0042200,5361,0
MIMAT0001271,123631,0
MIMAT0000100,16197265,1
MIMAT0000419,2907,1
MIMAT0000097,1673,0
MIMAT0015035,985,0
hsa_circ_0022382,445154,0
MIMAT0002821,448537,1
MIMAT0000160,3121,0
2059,60823,0
MIMAT0000728,2767,1
MIMAT0004947,6115,0
hsa_circ_0000724,31101,0
MIMAT0003496,208908,0
MIMAT0004584,2336,0
MIMAT0005932,6253,0
hsa_circ_0042359,3763,0
MIMAT0000210,702,1
MIMAT0017983,135403648,0
MIMAT0003763,107985,0
hsa_circ_0088128,65015,0
hsa_circ_0056281,6253,0
MIMAT0011162,10184653,0
hsa_circ_0092289,455658,0
hsa_circ_0036750,60823,0
MIMAT0000730,36314,1
100507334,6918837,0
hsa_circ_0063577,5755,0
hsa_circ_0086159,5359268,0
MIMAT0004505,3220,1
MIMAT0000756,123631,1
MIMAT0004680,5291,0
MIMAT0019827,123631,0
MIMAT0007889,60750,1
MIMAT0000790,13089,1
MIMAT0000677,444254,0
MIMAT0007400,24360,0
MIMAT0000252,14888,1
MIMAT0006584,2375,0
MIMAT0003307,37542,0
MIMAT0004748,241,1
MIMAT0000987,5280795,0
MIMAT0017005,16078949,1
MIMAT0005881,9898279,0
100506368,5394,1
hsa_circ_0001386,54675776,0
MIMAT0000088,9804992,0
hsa_circ_0005281,5283344,0
MIMAT0003216,60823,1
100506495,25244711,0
MIMAT0001280,4943,0
MIMAT0004553,11953817,0
MIMAT0000728,3121,0
MIMAT0004950,54454,0
102724434,6001,0
MIMAT0001800,5280448,0
100506990,9898279,0
MIMAT0000511,9826528,0
101928304,5318517,0
hsa_circ_0003247,445154,0
MIMAT0015018,3121,0
MIMAT0015035,6089,0
MIMAT0000794,9949648,0
MIMAT0014028,5310940,0
101928495,3071,0
MIMAT0005633,5284616,0
MIMAT0001547,5281614,0
hsa_circ_0003505,126941,0
hsa_circ_0004870,42611257,0
MIMAT0000542,29327,1
MIMAT0000438,3101,0
2310,46843772,0
MIMAT0000814,89594,0
hsa_circ_0040603,6468,0
MIMAT0000223,5460341,0
100506930,47936,0
hsa_circ_0000336,2578,0
MIMAT0000318,97226,1
MIMAT0000451,3496,0
100750225,104741,0
MIMAT0000070,145858,0
MIMAT0014048,8378,0
hsa_circ_0076413,119104,0
MIMAT0003731,5280360,0
MIMAT0001707,208908,0
101928287,64971,0
MIMAT0003185,54675776,0
MIMAT0004679,5329102,0
MIMAT0000455,2733526,1
MIMAT0001080,445154,0
hsa_circ_0087861,41867,0
MIMAT0000080,5394,1
MIMAT0000858,53232,0
MIMAT0000080,712,1
hsa_circ_0008494,24759,0
103352670,5282350,0
29128,43815,0
MIMAT0004588,5746,0
MIMAT0000597,5318517,0
102724571,16078949,0
100009613,36314,0
MIMAT0001827,16078949,0
MIMAT0002860,36314,1
645682,6279,0
MIMAT0003310,25262965,0
MIMAT0001853,64971,0
MIMAT0004825,9700,0
MIMAT0004949,2733526,1
hsa_circ_0003940,10184653,0
hsa_circ_0004680,5310940,0
MIMAT0000160,24360,0
MIMAT0003381,702,0
MIMAT0003176,5281004,0
MIMAT0004845,5283344,0
101929120,5743,0
MIMAT0000605,56649450,0
102724077,9826528,0
MIMAT0019748,5865,0
25859,5865,0
MIMAT0000510,2520,1
MIMAT0001371,21109,0
hsa_circ_0000517,15951529,1
hsa_circ_0028299,3496,0
MIMAT0000070,448537,1
hsa_circ_0048856,261004,0
MIMAT0004883,6197,0
MIMAT0000367,176870,0
MIMAT0023635,5280343,0
MIMAT0000371,122634,0
MIMAT0016866,229455,0
MIMAT0019936,3763,0
hsa_circ_0001829,441074,0
MIMAT0001786,7222,0
hsa_circ_0063776,644241,0
MIMAT0001424,6057,0
MIMAT0000424,14888,1
MIMAT0000863,6076,0
4976,2236,0
hsa_circ_0044556,439260,0
MIMAT0019784,9826528,0
100506990,5280896,0
MIMAT0000415,60953,0
MIMAT0000511,5881,0
MIMAT0018110,104758,0
MIMAT0017005,31401,0
hsa_circ_0085923,11433190,0
MIMAT0004721,439260,0
MIMAT0015171,46843772,0
MIMAT0000439,31703,1
MIMAT0005928,71496458,0
MIMAT0004894,4943,0
MIMAT0019820,9064,0
MIMAT0018356,16078949,0
MIMAT0004677,5789,0
hsa_circ_0022434,4891,0
MIMAT0000104,71496458,0
100506175,5459308,0
MIMAT0007892,5310940,1
MIMAT0003225,104741,0
MIMAT0019045,216239,0
MIMAT0000682,2336,1
hsa_circ_0005655,56843276,0
MIMAT0015328,47289,0
MIMAT0000253,97226,1
MIMAT0004550,3386,0
MIMAT0003287,5281929,0
hsa_circ_0000760,6440495,0
10298,5035,0
hsa_circ_0000419,21633059,0
MIMAT0004612,108065,0
hsa_circ_0048164,253602,0
hsa_circ_0007990,3657,0
MIMAT0018982,5460341,0
MIMAT0000133,6253,0
MIMAT0003201,9898279,0
MIMAT0014024,2336,0
MIMAT0002872,2767,1
MIMAT0000415,5310940,1
MIMAT0018108,6918837,0
MIMAT0000099,5994,1
MIMAT0003393,123596,0
101928913,737139,0
MIMAT0000519,443586,1
MIMAT0005626,23973,1
MIMAT0019762,4943,0
MIMAT0015024,4946,0
MIMAT0019826,60750,1
MIMAT0000423,265237,0
MIMAT0005867,148124,0
hsa_circ_0041019,145858,0
MIMAT0007347,65348,0
MIMAT0001028,162282,0
MIMAT0000435,445580,1
MIMAT0000030,3496,0
hsa_circ_0071185,4212,0
MIMAT0000541,114900,0
100505738,3779,0
MIMAT0000437,5222465,1
MIMAT0002818,9576410,0
MIMAT0015343,9804992,0
MIMAT0015066,6001,0
25812,4943,0
MIMAT0001339,31703,1
MIMAT0000248,162282,0
26298,285033,0
hsa_circ_0008910,43815,0
MIMAT0002874,11226684,0
MIMAT0002853,4033,0
MIMAT0000610,5280951,0
100133311,448013,0
MIMAT0000278,2520,1
MIMAT0001846,5793,0
hsa_circ_0001821,5757,0
100507463,4891,0
MIMAT0002173,444254,0
MIMAT0018179,6468,0
MIMAT0000373,689043,0
MIMAT0019762,3007,0
MIMAT0004696,60750,1
hsa_circ_0048232,644241,0
hsa_circ_0004032,6857599,0
MIMAT0000438,3229,1
hsa_circ_0017485,36314,1
hsa_circ_0023249,6857599,0
650226,60750,0
MIMAT0005834,222757,0
100303491,60606,0
hsa_circ_0074595,15951529,1
MIMAT0000866,104746,0
hsa_circ_0072387,5281708,0
MIMAT0001882,14888,0
MIMAT0000073,4212,1
MIMAT0005443,60198,0
MIMAT0000748,444732,0
MIMAT0003125,13089,0
hsa_circ_0000407,15951529,1
MIMAT0000666,449171,0
MIMAT0000241,5881,0
hsa_circ_0005046,24759,0
MIMAT0003381,216326,0
MIMAT0000771,1130,0
hsa_circ_0049356,5865,0
MIMAT0002858,3385,1
MIMAT0004807,5329102,1
hsa_circ_0040773,1130,0
MIMAT0000813,5743,1
100132103,4212,0
hsa_circ_0009456,60780,0
MIMAT0004616,689043,1
MIMAT0000934,5755,0
MIMAT0000873,6076,0
MIMAT0003288,5222465,0
MIMAT0000660,107985,0
MIMAT0001635,164676,0
MIMAT0003254,3007,0
MIMAT0000085,5288826,1
MIMAT0019053,737139,0
hsa_circ_0008389,5462222,0
MIMAT0003189,2767,0
MIMAT0003177,9576410,0
MIMAT0000154,6410,1
440993,25183872,0
101929059,5790,0
hsa_circ_0040792,3345,0
MIMAT0005339,47725,0
MIMAT0003731,5943,0
100996570,445580,0
100033435,54670067,0
101928416,5280951,0
MIMAT0003193,1983,1
MIMAT0000076,445434,1
MIMAT0000239,6505803,0
MIMAT0004882,10621,1
MIMAT0003945,5310940,1
MIMAT0004674,60198,0
MIMAT0002816,451668,1
MIMAT0000133,47725,0
101929344,6037,0
MIMAT0015038,47318,0
55165,5994,0
MIMAT0003204,1983,1
MIMAT0019938,3385,1
MIMAT0019834,449171,0
hsa_circ_0000157,15951529,1
MIMAT0000459,60750,1
hsa_circ_0009618,164676,0
hsa_circ_0006168,1832,0
MIMAT0000104,5757,1
MIMAT0015337,24180719,0
101927592,442793,0
MIMAT0000073,60852,1
MIMAT0004216,442972,0
MIMAT0000428,31101,0
MIMAT0001366,4095,0
MIMAT0005031,9915743,0
MIMAT0000093,2733,0
MIMAT0000241,60750,1
100652739,5073,0
100128054,5394,1
hsa_circ_0006913,445154,0
440028,15939,0
MIMAT0002055,4891,0
MIMAT0018356,114900,0
hsa_circ_0046263,2733,0
MIMAT0000431,14888,1
MIMAT0019059,14403,0
MIMAT0000863,2733526,0
MIMAT0000692,72304,0
MIMAT0000238,3397,0
MIMAT0015035,36314,1
MIMAT0006775,5394,0
hsa_circ_0000463,3229,0
hsa_circ_0005046,445858,0
100507334,91466,0
MIMAT0004845,6036,0
MIMAT0001700,636397,0
hsa_circ_0000724,5959,0
MIMAT0001080,6001,0
401898,8490,0
MIMAT0000222,31703,1
MIMAT0000209,73581,0
MIMAT0015143,2662,0
MIMAT0002830,141643,0
MIMAT0017080,5746,0
MIMAT0005906,6057,0
hsa_circ_0009582,4158,0
hsa_circ_0051908,4158,0
hsa_circ_0063623,49803145,0
MIMAT0000534,644241,0
MIMAT0000661,119307,0
hsa_circ_0063158,119307,0
MIMAT0000414,14888,1
26751,896,0
MIMAT0005456,6089,0
MIMAT0017983,15939,0
MIMAT0000691,4829,0
MIMAT0018071,176870,0
MIMAT0003347,1130,0
MIMAT0019807,241,0
MIMAT0005460,443586,1
MIMAT0000873,6041,0
MIMAT0003223,449171,0
MIMAT0003401,56649450,0
MIMAT0000093,30323,0
100885798,2767,1
MIMAT0005588,5310940,1
MIMAT0004538,104842,0
MIMAT0000720,6623,1
MIMAT0000383,122634,0
728613,442793,0
MIMAT0003329,9576410,0
MIMAT0003169,14403,0
MIMAT0003385,60750,0
MIMAT0000227,5978,1
MIMAT0000719,2375,0
MIMAT0000455,126941,0
hsa_circ_0005623,16197265,0
hsa_circ_0071185,6041,0
hsa_circ_0000370,5816,0
100033421,5394,1
hsa_circ_0048956,5641,0
MIMAT0000088,5359268,0
MIMAT0019934,2336,0
MIMAT0000791,36462,0
MIMAT0016886,71496458,0
hsa_circ_0020301,5790,0
MIMAT0000421,6857599,1
103352539,5394,1
MIMAT0001793,229455,0
MIMAT0001808,2353,0
MIMAT0005913,124886,0
MIMAT0018982,47725,0
MIMAT0000704,60198,0
MIMAT0003299,10184653,1
MIMAT0000462,689043,0
hsa_circ_0006784,74483,0
MIMAT0015000,5746,0
MIMAT0004938,6106,0
hsa_circ_0022434,2995,0
101929719,2907,0
hsa_circ_0001318,49803145,0
hsa_circ_0000519,790,0
MIMAT0002827,2375,0
hsa_circ_0008896,89594,0
MIMAT0001868,74483,1
MIMAT0000255,451668,1
MIMAT0004589,1130,0
MIMAT0000833,145858,0
MIMAT0005456,455658,0
MIMAT0004185,36314,1
MIMAT0003155,5743,0
101929023,5280343,0
MIMAT0016889,6106,0
hsa_circ_0026457,5288209,0
MIMAT0003499,114900,0
MIMAT0005439,60750,0
440993,5394,1
MIMAT0004933,24497,0
hsa_circ_0009172,1176,0
MIMAT0005789,702,0
102723968,6089,0
MIMAT0000318,104741,1
100505929,9547215,0
MIMAT0002840,445154,0
hsa_circ_0005671,10635,0
MIMAT0000890,3779,1
hsa_circ_0001203,2767,0
MIMAT0019774,25183872,0
hsa_circ_0017449,8490,0
hsa_circ_0001355,208908,0
MIMAT0002173,253602,0
MIMAT0000127,15,0
MIMAT0001421,65348,0
MIMAT0000213,44259,0
hsa_circ_0076155,3101,0
MIMAT0001868,5994,0
MIMAT0017282,6076,0
MIMAT0000372,108065,1
MIMAT0000424,5288826,1
MIMAT0018121,657237,0
MIMAT0000274,5793,0
MIMAT0000546,54670067,0
MIMAT0000064,31703,1
101927416,74483,0
MIMAT0000068,444795,1
MIMAT0000808,53232,0
102724312,737139,0
MIMAT0006775,444732,0
101928913,3902,0
MIMAT0004879,5284373,0
MIMAT0015336,5816,0
hsa_circ_0003302,25262965,0
MIMAT0000873,21109,0
MIMAT0005917,6918837,0
MIMAT0002809,5865,0
2149,31101,0
23015,460612,0
MIMAT0000220,60823,0
MIMAT0018002,15951529,0
MIMAT0000414,4641,0
MIMAT0003301,24759,0
MIMAT0003321,6089,0
100271075,73581,0
hsa_circ_0009012,451668,0
MIMAT0000064,5361,0
286827,89594,0
MIMAT0000564,6440495,1
MIMAT0007892,5459308,0
MIMAT0015326,6253,0
MIMAT0000526,60852,0
MIMAT0000822,10836,0
MIMAT0005933,3385,1
MIMAT0019929,3385,1
MIMAT0016913,3385,0
MIMAT0003184,24759,0
hsa_circ_0003748,261000,0
MIMAT0000652,8490,1
MIMAT0000256,9547215,1
MIMAT0000730,222528,0
MIMAT0001339,3385,1
MIMAT0003208,28486,0
hsa_circ_0006903,42890,0
MIMAT0002878,5757,1
MIMAT0003112,644241,0
MIMAT0002837,2767,1
MIMAT0019836,3488,0
hsa_circ_0050581,5288826,0
MIMAT0001781,21109,0
hsa_circ_0000315,162282,0
MIMAT0003292,969516,0
MIMAT0005576,448013,0
MIMAT0000523,6001,0
MIMAT0005868,36314,1
MIMAT0019861,5361,0
MIMAT0015348,5950,0
MIMAT0000651,72304,0
MIMAT0002820,60750,1
MIMAT0000076,3385,1
728463,2907,0
MIMAT0015164,3007,0
4976,10184653,0
MIMAT0015195,123596,0
100129196,1832,0
103752587,65348,0
MIMAT0017141,6167,0
MIMAT0016890,5035,0
101060524,49803145,0
MIMAT0000866,54680783,0
MIMAT0000072,3385,1
MIMAT0000222,126941,1
MIMAT0000529,657237,0
hsa_circ_0000787,44631912,0
100506922,5280445,0
hsa_circ_0000285,2767,1
MIMAT0000818,123631,0
hsa_circ_0005235,3385,0
MIMAT0001074,25227436,0
64859,60750,0
MIMAT0003310,689043,0
MIMAT0000443,3220,0
MIMAT0000820,72304,0
MIMAT0004542,37542,0
MIMAT0000843,54675776,0
MIMAT0000720,138374198,0
MIMAT0003150,3385,1
MIMAT0000435,6057,0
MIMAT0003233,638278,0
MIMAT0005913,9804992,0
hsa_circ_0085173,5280795,0
MIMAT0001630,9547215,0
MIMAT0000093,451668,1
MIMAT0000663,31703,0
MIMAT0000574,6468,0
MIMAT0013989,5793,0
hsa_circ_0030998,2353,0
MIMAT0002819,445858,0
MIMAT0025412,5311,0
MIMAT0000165,3763,1
105379407,462382,0
MIMAT0003339,6036,0
MIMAT0000793,104842,0
100132111,107985,0
hsa_circ_0007326,6106,0
387723,5394,1
MIMAT0000758,3220,1
hsa_circ_0082139,60606,0
101927102,25183872,0
105221694,24288,0
MIMAT0001948,3345,0
MIMAT0002840,2578,0
hsa_circ_0000915,5816,0
100506119,229455,0
MIMAT0015317,5950,0
MIMAT0013985,5281929,0
hsa_circ_0036287,5212,0
hsa_circ_0089863,5280896,0
MIMAT0007887,6197,0
MIMAT0000684,5793,1
MIMAT0004450,6440495,0
MIMAT0000660,6253,0
hsa_circ_0007326,6001,0
MIMAT0000759,216239,1
MIMAT0000859,3071,0
hsa_circ_0072387,56842234,0
MIMAT0000080,3062316,0
MIMAT0004546,41867,0
MIMAT0000589,24180719,0
MIMAT0014928,64971,0
MIMAT0001862,37542,0
MIMAT0000690,444254,0
MIMAT0003327,9931953,0
MIMAT0019834,31101,0
101929645,6918837,0
MIMAT0000421,31703,1
100506465,5793,0
MIMAT0019745,5459308,0
645323,5743,0
645996,5284373,0
hsa_circ_0003511,5281004,0
hsa_circ_0001545,5994,0
MIMAT0000711,5288826,1
MIMAT0014028,65015,0
245,6037,0
MIMAT0003205,7222,0
MIMAT0000521,60198,0
MIMAT0003275,16197265,0
100505530,2353,0
hsa_circ_0027491,6197,0
MIMAT0003945,42113,0
MIMAT0004224,5459308,0
MIMAT0000663,5284583,0
hsa_circ_0066556,2733,0
MIMAT0019855,216326,0
hsa_circ_0007117,5280896,0
MIMAT0001629,5994,0
101805492,31101,0
MIMAT0000068,451668,1
100507629,2767,1
MIMAT0019730,2236,0
MIMAT0017016,5284616,1
MIMAT0000123,65110,0
hsa_circ_0003136,5641,0
hsa_circ_0028098,1548943,0
100533789,124886,0
MIMAT0000525,8490,1
646024,6041,0
MIMAT0001413,5310940,1
5728,119307,0
hsa_circ_0083026,24288,0
MIMAT0001627,47318,0
MIMAT0000196,1983,0
MIMAT0000140,4641,0
MIMAT0000728,6167,0
MIMAT0001424,74483,1
MIMAT0001876,896,0
MIMAT0019864,91466,0
MIMAT0025580,448537,0
MIMAT0005911,5280427,0
MIMAT0000678,5281708,0
MIMAT0000258,54670067,0
101928979,6041,0
MIMAT0004950,784,0
hsa_circ_0008334,15951529,1
hsa_circ_0063623,25262965,0
MIMAT0014001,442793,0
MIMAT0015348,451668,0
MIMAT0003288,5310940,1
hsa_circ_0057948,442428,0
27242,3101,0
896,5280951,0
100379249,5978,0
hsa_circ_0000407,104758,0
MIMAT0019055,3385,1
26058,9915743,0
MIMAT0005921,24821094,0
101927043,71496458,0
MIMAT0011162,3657,0
MIMAT0004518,6442177,0
MIMAT0003895,6410,0
MIMAT0003252,122724,0
MIMAT0005327,56649450,0
MIMAT0003249,3019,0
hsa_circ_0068458,31101,0
MIMAT0004577,2578,0
hsa_circ_0006174,71496458,0
100996437,4763,0
hsa_circ_0007245,5280360,0
MIMAT0004692,21633059,0
MIMAT0004450,5394,0
MIMAT0005576,3385,1
hsa_circ_0006862,126941,0
MIMAT0005285,5360373,0
MIMAT0015139,24268,1
MIMAT0000214,8490,1
MIMAT0001338,3386,0
MIMAT0000611,5281004,0
MIMAT0005459,31703,1
MIMAT0011778,444254,0
MIMAT0000439,24978538,1
MIMAT0017993,3385,1
440253,5394,1
MIMAT0000783,445639,0
101927780,37542,0
MIMAT0004886,2767,0
MIMAT0000782,38904,0
MIMAT0004983,60750,1
MIMAT0003264,5793,1
hsa_circ_0001974,1548943,0
hsa_circ_0073647,5641,0
MIMAT0000299,107985,0
hsa_circ_0007769,2051,0
MIMAT0016916,452548,0
MIMAT0000075,2767,1
hsa_circ_0001874,15951529,1
hsa_circ_0051799,38904,0
MIMAT0000445,5360373,1
hsa_circ_0003643,448013,0
MIMAT0000934,5462222,0
MIMAT0000461,448537,1
hsa_circ_0003655,4033,0
hsa_circ_0006318,5073,0
MIMAT0003307,29327,0
hsa_circ_0065932,3006531,0
MIMAT0004876,445580,0
MIMAT0002826,60750,1
MIMAT0004909,124886,0
MIMAT0003275,9700,0
MIMAT0004926,60700,0
MIMAT0000769,790,0
hsa_circ_0005655,702,0
hsa_circ_0009577,16197265,0
MIMAT0000445,5291,1
MIMAT0000536,790,0
MIMAT0000432,445154,1
MIMAT0003493,31703,1
100132707,8490,0
101928530,5394,1
MIMAT0001850,13089,0
MIMAT0000681,2520,1
hsa_circ_0017643,5790,0
MIMAT0001761,3496,0
MIMAT0000746,141643,0
MIMAT0019984,5280448,0
hsa_circ_0092276,31703,1
MIMAT0017983,24759,0
MIMAT0015346,60852,0
hsa_circ_0089863,104746,0
197187,6857599,1
MIMAT0004185,253602,0
MIMAT0003163,89594,0
MIMAT0003130,5284583,0
MIMAT0000209,25262965,0
MIMAT0000076,24759,1
MIMAT0015022,5978,1
MIMAT0018443,8378,0
hsa_circ_0023249,4624,0
MIMAT0018975,5381226,0
MIMAT0004591,445858,0
hsa_circ_0030724,97226,0
MIMAT0000437,60750,1
hsa_circ_0008044,5073,0
10517,3961,0
hsa_circ_0057105,1548943,0
MIMAT0000423,60953,1
6866,5280961,0
MIMAT0004520,6013,0
MIMAT0000692,135403648,1
MIMAT0000877,13089,0
MIMAT0019055,1674,0
MIMAT0004577,5280453,0
hsa_circ_0081001,4943,0
hsa_circ_0003655,210332,0
MIMAT0003180,171548,0
MIMAT0000686,31401,0
MIMAT0003315,448537,1
MIMAT0002873,3385,1
MIMAT0007875,5280896,0
100506994,1832,0
MIMAT0003335,216239,1
7508,6857599,1
MIMAT0018110,13342,0
440925,444795,0
MIMAT0002884,5280360,0
MIMAT0015028,122634,0
MIMAT0004518,45266826,0
100507056,3961,0
MIMAT0000424,60198,1
MIMAT0002817,31703,1
MIMAT0003451,3121,0
MIMAT0001631,16132265,0
MIMAT0003264,445580,0
100507053,5394,1
MIMAT0003472,5281614,0
MIMAT0004616,3062316,0
102723883,5222465,0
MIMAT0000521,5281708,0
MIMAT0003469,5035,0
MIMAT0019775,65064,0
MIMAT0000103,60750,1
MIMAT0018000,16741,0
hsa_circ_0011448,462382,0
hsa_circ_0087963,77999,0
645206,5284373,0
hsa_circ_0058058,89594,0
MIMAT0002867,2051,0
hsa_circ_0079385,6001,0
hsa_circ_0004964,25183872,0
MIMAT0000267,30323,1
MIMAT0000078,24180719,1
MIMAT0013802,387447,1
MIMAT0000878,444254,1
MIMAT0004542,60198,0
MIMAT0001069,11953817,0
hsa_circ_0018905,54675776,0
100129827,3496,0
MIMAT0000085,1832,0
hsa_circ_0017077,6001,0
hsa_circ_0002259,60750,0
MIMAT0002112,3657,0
hsa_circ_0007031,97226,0
162632,5865,0
MIMAT0000070,451668,1
MIMAT0000374,3062316,0
hsa_circ_0023249,124886,0
hsa_circ_0006795,5281929,0
hsa_circ_0027491,25183872,0
MIMAT0004877,5641,0
545,445858,0
100507540,8029,0
100131733,6001,0
100132529,4946,0
MIMAT0004893,3488,0
MIMAT0000826,9949648,0
MIMAT0015036,5978,1
MIMAT0015338,5394,0
hsa_circ_0004058,5790,0
MIMAT0000069,31703,1
hsa_circ_0006614,4891,0
hsa_circ_0007924,5280360,0
MIMAT0001371,449171,0
MIMAT0003232,6197,0
MIMAT0015010,60750,1
103344926,5394,1
MIMAT0003782,44631912,0
MIMAT0002820,222528,0
MIMAT0015042,23939,0
MIMAT0018927,448013,0
MIMAT0002176,4891,0
hsa_circ_0079262,6442177,0
hsa_circ_0005415,387447,0
MIMAT0002823,93004,0
MIMAT0000074,36462,1
hsa_circ_0008389,65015,0
MIMAT0000121,4946,0
MIMAT0018997,97226,0
hsa_circ_0079262,38904,0
MIMAT0001619,253602,0
hsa_circ_0073647,387447,0
MIMAT0000127,5284616,1
MIMAT0004805,2733,0
hsa_circ_0042359,15,0
MIMAT0006012,790,0
MIMAT0000429,5394,1
MIMAT0004553,2520,1
MIMAT0005951,5035,0
MIMAT0000800,5538,0
MIMAT0002940,15625,1
MIMAT0015378,5743,0
MIMAT0005336,24360,0
MIMAT0009201,4641,0
MIMAT0003205,72301,0
MIMAT0005911,2578,0
hsa_circ_0072837,119307,0
102725045,24821094,0
MIMAT0001707,24268,1
MIMAT0000783,5288826,0
MIMAT0005459,3071,0
MIMAT0004662,31401,0
105375401,448537,0
MIMAT0000650,5329102,0
MIMAT0000571,10836,0
100507466,23725625,0
101929467,446556,0
MIMAT0000082,969516,1
MIMAT0000209,65348,0
hsa_circ_0004954,1110,0
MIMAT0000650,60780,0
199704,737139,0
hsa_circ_0021506,737139,0
MIMAT0000617,24180719,1
MIMAT0000664,3657,0
MIMAT0004595,439530,0
MIMAT0000134,3488,0
hsa_circ_0003373,15951529,1
MIMAT0000840,23973,0
MIMAT0001859,5288826,0
hsa_circ_0029426,442793,0
MIMAT0004925,2520,1
MIMAT0005588,145858,0
MIMAT0001370,37542,0
MIMAT0000878,74483,0
MIMAT0015189,2733,0
MIMAT0015085,60606,0
1591,6442177,0
MIMAT0004846,46843772,0
MIMAT0005789,36462,0
hsa_circ_0007275,8490,0
MIMAT0000752,31703,1
hsa_circ_0067352,72301,0
56997,16741,0
hsa_circ_0025513,644241,0
100033434,222757,0
MIMAT0001837,689043,0
MIMAT0000376,145858,1
hsa_circ_0017449,3101,0
MIMAT0004605,5280961,0
hsa_circ_0005087,1207,0
MIMAT0003324,49803145,0
100507056,148124,1
MIMAT0005917,3821,0
MIMAT0004814,122724,0
hsa_circ_0022142,253602,0
MIMAT0001424,8490,0
hsa_circ_0004636,3006531,0
100130392,4891,0
MIMAT0000528,122724,0
MIMAT0000765,702,1
MIMAT0019337,2375,0
MIMAT0004540,285033,0
MIMAT0019075,60750,1
hsa_circ_0062545,439530,0
MIMAT0000082,31703,1
hsa_circ_0002078,25244711,0
MIMAT0000100,712,1
hsa_circ_0068458,5460341,0
hsa_circ_0007059,15951529,1
387978,5394,1
MIMAT0000420,60606,0
MIMAT0001080,216326,1
hsa_circ_0069980,10621,0
MIMAT0000093,444732,1
hsa_circ_0001518,3690,0
MIMAT0003260,42113,0
MIMAT0018975,3902,0
MIMAT0000419,60750,1
100506797,2662,0
hsa_circ_0003441,6410,0
100033435,5943,0
MIMAT0000752,5281708,1
MIMAT0005589,24497,0
101929120,2767,0
MIMAT0004695,6253,0
hsa_circ_0006168,104741,0
MIMAT0014007,42113,0
MIMAT0000134,24821094,0
MIMAT0001542,65348,0
MIMAT0000422,6036,0
MIMAT0000069,5994,0
MIMAT0003326,5283344,1
MIMAT0000689,148124,1
503637,4033,0
MIMAT0005896,54670067,0
MIMAT0000238,1110,0
hsa_circ_0000915,15951529,1
MIMAT0004585,636397,0
MIMAT0004523,141643,0
MIMAT0000235,24497,0
MIMAT0019745,2767,1
MIMAT0000235,6115,0
MIMAT0000217,445580,0
MIMAT0014005,442972,0
MIMAT0006789,5951,0
MIMAT0005860,6001,0
100129858,5394,1
hsa_circ_0092315,5789,0
MIMAT0000264,1674,0
101927416,5281004,0
hsa_circ_0050581,91820602,0
MIMAT0005966,24759,0
100506465,241,0
MIMAT0000530,6442177,1
MIMAT0000529,6442177,1
MIMAT0000208,8490,1
MIMAT0000237,3690,0
MIMAT0000616,5284616,0
MIMAT0000863,25244711,0
MIMAT0004616,11556711,0
MIMAT0001808,25262965,0
hsa_circ_0003373,6041,0
MIMAT0000854,11626560,0
100270828,122634,0
MIMAT0016863,5291,0
hsa_circ_0002654,60198,0
MIMAT0003731,1175,0
100507468,119104,0
hsa_circ_0019088,216239,0
hsa_circ_0085616,73581,0
MIMAT0001798,11626560,0
MIMAT0015068,5997,0
MIMAT0000765,24180719,1
hsa_circ_0043634,5284373,0
100507463,5394,1
MIMAT0019903,5280795,0
MIMAT0000066,123631,1
MIMAT0002823,47725,0
hsa_circ_0023249,444795,0
hsa_circ_0005855,441074,0
MIMAT0000454,5360373,0
100874343,25262965,0
MIMAT0004929,9064,1
MIMAT0004739,5280360,0
101928304,6041,0
100996266,9915743,0
286827,4095,0
MIMAT0019037,446220,0
MIMAT0019740,445858,0
MIMAT0004644,5361,0
101927761,5790,0
100506783,445434,0
MIMAT0002171,2733,0
hsa_circ_0027491,636397,0
MIMAT0000528,23973,0
MIMAT0019719,3117,0
MIMAT0000226,14888,1
MIMAT0000278,2767,1
MIMAT0003195,8029,1
hsa_circ_0000453,141643,0
MIMAT0012735,54670067,1
286333,5394,1
MIMAT0000522,2767,0
MIMAT0001812,124886,0
hsa_circ_0086474,5035,0
100873972,56843276,0
MIMAT0001708,449171,0
101060542,60838,0
100874131,60838,0
MIMAT0001784,74483,1
MIMAT0005828,449171,0
100507098,285033,0
MIMAT0000670,5360373,0
MIMAT0000051,25262965,0
MIMAT0019018,24759,0
106481742,3121,0
MIMAT0019017,5865,0
MIMAT0019826,114900,0
10988,4095,0
hsa_circ_0031288,11226684,0
MIMAT0004841,6410,1
MIMAT0013994,60606,0
MIMAT0001775,1832,0
100506474,24288,0
MIMAT0004795,119307,1
100616668,42890,0
MIMAT0000457,210332,0
MIMAT0003884,455658,0
MIMAT0000704,9898279,0
hsa_circ_0008122,448537,0
hsa_circ_0091419,445858,0
MIMAT0000523,8490,1
MIMAT0000570,1175,0
51716,3101,0
100132923,3763,0
100129827,737139,0
MIMAT0001709,9576410,0
MIMAT0000833,5757,1
100126791,2733,0
MIMAT0000232,3220,1
MIMAT0004597,23973,0
MIMAT0001632,71496458,0
100133991,3763,0
MIMAT0003300,60953,0
101929901,5394,1
MIMAT0004751,123865,0
MIMAT0000068,969516,1
101927480,387447,0
hsa_circ_0063305,54671203,0
MIMAT0019963,60750,1
MIMAT0001366,449171,0
MIMAT0001045,42890,0
hsa_circ_0000471,15951529,1
MIMAT0003477,446556,0
MIMAT0000738,3385,1
728192,638278,0
MIMAT0003472,3220,0
MIMAT0000597,6001,0
MIMAT0003480,448013,0
hsa_circ_0079163,1548943,0
hsa_circ_0019591,446220,0
MIMAT0018987,24360,0
MIMAT0004918,5281004,0
MIMAT0001785,638278,0
100505738,3019,0
MIMAT0000077,216326,0
102724246,1175,0
MIMAT0000078,11953817,0
MIMAT0005796,97226,1
MIMAT0000527,8490,1
MIMAT0019905,5281811,0
MIMAT0001087,24497,0
100507629,5881,0
hsa_circ_0058608,3220,0
MIMAT0001733,5994,0
MIMAT0011435,444732,0
MIMAT0000446,2767,1
MIMAT0000646,5816,1
MIMAT0004721,9700,0
hsa_circ_0001372,3690,0
MIMAT0003320,11228183,0
hsa_circ_0070520,3488,0
MIMAT0000884,162282,0
hsa_circ_0043469,5881,0
MIMAT0003232,31401,1
MIMAT0003121,119104,0
MIMAT0004852,210332,0
MIMAT0003300,2375,1
MIMAT0001370,5281708,0
MIMAT0015324,24268,1
MIMAT0000377,285033,0
MIMAT0000076,14888,1
MIMAT0000569,6037,0
hsa_circ_0040203,446556,0
MIMAT0000258,119307,1
101929344,11707110,0
MIMAT0006587,54454,0
MIMAT0003269,6505803,0
MIMAT0000104,5212,0
MIMAT0004767,24821094,0
hsa_circ_0027491,4091,0
MIMAT0001632,5641,0
MIMAT0003184,5280448,0
MIMAT0000063,6442177,0
MIMAT0000217,2767,0
255812,448537,0
MIMAT0004814,24497,0
MIMAT0004825,114900,0
MIMAT0005340,54454,0
MIMAT0001796,5310940,0
MIMAT0000527,6036,1
hsa_circ_0075494,11433190,0
MIMAT0000275,5310940,1
MIMAT0000222,5311,0
hsa_circ_0036399,56843276,0
100379249,5746,0
MIMAT0002866,442793,0
hsa_circ_0038366,11953817,0
MIMAT0000228,4095,0
338005,2353,0
MIMAT0004589,222757,0
MIMAT0015035,784,0
MIMAT0001046,3496,1
MIMAT0000890,6001,0
hsa_circ_0004954,5462222,0
MIMAT0019757,2767,0
MIMAT0003282,5950,0
MIMAT0002107,5280795,0
MIMAT0000763,9898279,0
MIMAT0000597,156413,0
hsa_circ_0079262,5746,0
102467146,65015,0
MIMAT0000095,5311,1
MIMAT0000127,16741,1
MIMAT0005626,2733526,0
MIMAT0002859,3657,0
344462,5291,0
MIMAT0000578,387447,0
MIMAT0004496,11228183,0
MIMAT0000290,442972,0
4321,6857599,1
MIMAT0000432,60823,0
MIMAT0000087,119307,1
MIMAT0003299,97226,1
MIMAT0001631,896,0
MIMAT0002870,164676,0
27242,47318,0
25812,5865,0
hsa_circ_0088059,60823,0
MIMAT0001772,5282350,0
MIMAT0015346,42113,0
MIMAT0000604,65110,0
MIMAT0005596,43815,0
MIMAT0014990,65110,0
MIMAT0000660,208908,0
MIMAT0005031,162282,0
MIMAT0016920,2767,1
MIMAT0004550,3385,1
MIMAT0000812,455658,0
MIMAT0003296,3386,0
MIMAT0004517,42611257,0
MIMAT0000155,42113,0
MIMAT0005439,108065,1
2310,56649450,0
MIMAT0001339,54670067,1
MIMAT0019979,5280360,0
101752399,448537,0
MIMAT0003301,56842234,0
MIMAT0004224,3019,0
hsa_circ_0082864,3961,0
MIMAT0015193,25262965,0
MIMAT0003388,3062316,0
100874249,123865,0
MIMAT0000602,5281811,0
MIMAT0015169,10621,0
MIMAT0003125,544,0
MIMAT0000756,25227436,1
MIMAT0000238,5994,0
MIMAT0006775,3690,0
988,6253,0
MIMAT0003769,74483,1
MIMAT0001342,123631,0
MIMAT0002809,60750,1
MIMAT0000268,5394,1
MIMAT0000987,5284583,0
MIMAT0014979,3397,0
MIMAT0004692,24180719,1
MIMAT0001775,5359268,0
MIMAT0000093,241,0
hsa_circ_0021727,657237,0
MIMAT0000720,2375,1
100131067,119104,0
hsa_circ_0005004,24268,0
MIMAT0005987,15625,0
MIMAT0004224,1983,0
MIMAT0002809,216239,1
MIMAT0005591,31703,1
MIMAT0000595,124886,0
hsa_circ_0087963,36314,1
MIMAT0002178,6115,0
MIMAT0004229,89594,1
MIMAT0000132,5757,1
hsa_circ_0080649,15951529,1
hsa_circ_0024842,5462222,0
hsa_circ_0047270,15951529,1
101929152,14403,0
MIMAT0004883,4624,0
hsa_circ_0063577,44631912,0
hsa_circ_0000519,5281811,0
MIMAT0015336,24268,1
MIMAT0005792,439260,0
MIMAT0015019,636397,0
MIMAT0000737,126941,1
MIMAT0000440,11433190,0
MIMAT0005945,4946,0
MIMAT0000551,6410,1
MIMAT0000083,44631912,0
MIMAT0004983,119307,0
MIMAT0000144,444732,0
hsa_circ_0048856,5281811,0
MIMAT0015187,3488,0
hsa_circ_0007146,25262965,0
MIMAT0001340,123631,1
hsa_circ_0025135,3007,0
MIMAT0003190,443586,1
MIMAT0003297,176870,1
6175,5361,0
MIMAT0019695,64971,0
MIMAT0014006,2375,0
hsa_circ_0001847,5280448,0
MIMAT0019838,6857599,0
MIMAT0000245,2520,1
MIMAT0005336,122724,0
hsa_circ_0000792,5352624,0
MIMAT0001538,25183872,0
hsa_circ_0008616,15951529,1
MIMAT0011160,449171,0
MIMAT0015070,60750,1
MIMAT0000445,3007,0
MIMAT0000449,36314,1
MIMAT0003487,2767,0
MIMAT0003734,2187,0
MIMAT0003884,28486,0
MIMAT0000646,104741,1
MIMAT0004795,5283344,0
MIMAT0005593,5310940,1
MIMAT0004837,2767,0
103689912,737139,0
hsa_circ_0079166,5881,0
MIMAT0014031,6197,0
MIMAT0000383,5206,1
101929901,1983,0
MIMAT0000514,261000,0
MIMAT0000241,5359268,0
MIMAT0018988,1832,0
MIMAT0004763,448537,1
MIMAT0001536,44259,0
MIMAT0004814,5359268,0
MIMAT0000089,54671203,0
MIMAT0019834,47289,0
hsa_circ_0006318,2995,0
hsa_circ_0037972,452548,0
MIMAT0000261,5746,0
MIMAT0011162,44259,0
MIMAT0015142,49803145,0
MIMAT0004621,3657,0
MIMAT0004971,31703,0
MIMAT0001705,9700,0
hsa_circ_0025513,5538,0
hsa_circ_0002761,10184653,0
MIMAT0003177,60750,0
MIMAT0014008,104758,0
MIMAT0000221,119104,0
MIMAT0000808,1674,0
MIMAT0000515,265237,0
MIMAT0004897,2236,0
MIMAT0005031,60838,0
MIMAT0001822,11433190,0
MIMAT0000269,60750,1
MIMAT0004450,5310940,1
MIMAT0009201,6013,0
MIMAT0019003,60750,1
hsa_circ_0006941,455658,0
MIMAT0000209,138374198,0
hsa_circ_0001296,216345,0
26298,2733,0
56997,138374198,0
MIMAT0000552,5743,1
MIMAT0003299,208908,1
hsa_circ_0070617,5743,0
MIMAT0000855,5943,1
MIMAT0004556,285033,0
101927220,2353,0
hsa_circ_0086159,36462,0
645323,77999,0
MIMAT0011446,5310940,0
103752588,6442177,0
MIMAT0000813,985,0
MIMAT0000797,8029,1
MIMAT0005628,5288209,0
MIMAT0019716,229455,0
100126799,73581,0
MIMAT0009206,91466,0
MIMAT0018001,3657,0
hsa_circ_0003759,229455,0
hsa_circ_0001874,5280951,0
hsa_circ_0019591,156413,0
MIMAT0018932,14403,0
MIMAT0005827,4829,0
MIMAT0000706,89594,0
MIMAT0001948,41867,0
MIMAT0000428,54670067,1
MIMAT0003299,896,0
hsa_circ_0022392,60198,0
MIMAT0000368,443586,1
MIMAT0000822,104741,0
MIMAT0005950,5284583,0
MIMAT0000893,5352624,0
MIMAT0002838,5381226,0
MIMAT0003176,261004,0
646201,16197265,0
MIMAT0007875,38904,0
MIMAT0000271,5329102,1
hsa_circ_0004083,5280795,0
hsa_circ_0005046,3103,0
100861402,3902,0
hsa_circ_0004271,712,0
MIMAT0003495,1110,0
387978,2723601,0
MIMAT0004725,5222465,0
MIMAT0019968,210332,0
hsa_circ_0040188,5943,0
MIMAT0005921,64971,0
MIMAT0000051,47289,0
MIMAT0003250,16741,0
MIMAT0000422,6089,1
MIMAT0004536,737139,0
MIMAT0000100,60750,1
100505865,6036,0
MIMAT0003756,60838,0
MIMAT0003279,5352624,0
MIMAT0035720,44631912,0
25859,6279,0
hsa_circ_0007333,54680783,0
100505576,2733526,0
hsa_circ_0006101,6167,0
MIMAT0005880,5310940,1
MIMAT0000266,2520,1
100873920,171548,0
MIMAT0016909,16132265,0
hsa_circ_0007312,15951529,1
MIMAT0000567,5381226,0
892,25262965,0
MIMAT0000094,9804992,0
55370,689043,0
MIMAT0002825,25262965,0
MIMAT0003326,148124,1
MIMAT0016886,5282350,0
MIMAT0001759,2353,0
MIMAT0001630,6115,0
MIMAT0000731,3779,0
MIMAT0003187,6013,0
MIMAT0004555,3345,0
MIMAT0015028,6115,0
MIMAT0004920,5310940,1
MIMAT0003499,2995,0
hsa_circ_0001829,6041,0
MIMAT0000071,47936,0
hsa_circ_0030724,387447,0
MIMAT0003248,54670067,1
54838,145858,0
MIMAT0000066,712,1
MIMAT0014989,3385,1
hsa_circ_0002669,448013,0
MIMAT0003191,56649450,0
MIMAT0000605,54671203,0
MIMAT0005278,3779,0
MIMAT0003482,222757,0
hsa_circ_0059880,2236,0
hsa_circ_0063179,5283344,0
hsa_circ_0000915,5381226,0
MIMAT0019018,2375,0
MIMAT0003894,210332,1
MIMAT0026473,969516,1
MIMAT0019771,2995,0
MIMAT0003232,4091,0
MIMAT0004635,222528,0
MIMAT0000815,222528,1
100130418,5394,1
MIMAT0018997,56649450,0
hsa_circ_0066556,108065,0
hsa_circ_0008771,15951529,1
hsa_circ_0001573,25183872,0
MIMAT0005285,2353,0
hsa_circ_0070098,15951529,1
100190938,6036,0
hsa_circ_0018905,8029,0
MIMAT0016915,60750,1
hsa_circ_0008030,15951529,1
MIMAT0003307,644241,0
101928710,210332,0
MIMAT0000790,265237,0
MIMAT0000548,241,0
101928516,2353,0
100505994,6057,0
hsa_circ_0001204,9804992,0
MIMAT0004937,544,0
727896,3019,0
MIMAT0019850,36314,1
100131604,3220,0
100750225,2723601,0
MIMAT0000885,5381226,0
100499177,5394,1
MIMAT0003401,16078949,0
MIMAT0000381,790,0
hsa_circ_0000787,3062316,0
MIMAT0000271,2733,0
hsa_circ_0009624,1983,0
199704,216326,0
hsa_circ_0003247,123596,0
MIMAT0004938,3007,0
MIMAT0019000,119104,0
101929559,462382,0
29128,2733526,0
103352670,42611257,0
MIMAT0000739,3006531,0
101927666,5291,0
MIMAT0000538,446220,1
hsa_circ_0012673,3101,0
MIMAT0002847,443586,0
MIMAT0001582,6918837,0
MIMAT0005955,91820602,0
MIMAT0004637,2244,0
MIMAT0000224,5538,0
MIMAT0003300,2767,1
100126299,449171,0
MIMAT0004676,5222465,0
MIMAT0000138,3657,0
MIMAT0013988,896,0
hsa_circ_0000324,12967,0
100126791,5284616,0
hsa_circ_0020353,23939,0
MIMAT0004720,77999,0
MIMAT0000861,444795,0
MIMAT0000226,104741,1
hsa_circ_0006784,5283344,0
hsa_circ_0042451,36462,0
MIMAT0003258,6089,0
MIMAT0000449,5280453,1
hsa_circ_0046265,60750,0
hsa_circ_0000102,47318,0
MIMAT0000667,5997,1
hsa_circ_0001568,5280795,0
105375401,15625,0
100303491,41867,0
MIMAT0000164,5757,0
MIMAT0000443,123631,1
MIMAT0000703,3019,0
MIMAT0001835,11635763,0
MIMAT0007875,3385,0
MIMAT0000736,31703,1
hsa_circ_0000407,5361,0
101929574,16197265,0
55647,14888,0
199704,229455,0
MIMAT0001366,104758,0
hsa_circ_0019088,16741,0
MIMAT0000687,89594,0
MIMAT0019886,11626560,0
MIMAT0003263,11635763,0
339005,3103,0
MIMAT0004503,3220,1
MIMAT0015325,24268,1
MIMAT0001857,3121,0
hsa_circ_0006131,439260,0
MIMAT0000759,135403648,1
MIMAT0015038,6115,0
MIMAT0000692,5291,1
hsa_circ_0019088,6057,0
MIMAT0003222,162282,0
MIMAT0000265,969516,1
26751,5394,1
MIMAT0015196,6037,0
MIMAT0005906,8378,0
MIMAT0000262,31703,1
MIMAT0001267,97226,0
MIMAT0000255,448537,1
MIMAT0003487,5281004,1
MIMAT0004763,4641,0
23766,444732,0
MIMAT0003389,3101,0
MIMAT0000690,5280427,0
hsa_circ_0074595,8378,0
MIMAT0019053,5359268,0
hsa_circ_0007326,97226,0
MIMAT0003301,43815,0
MIMAT0000438,3385,1
100507098,11626560,0
hsa_circ_0001974,445434,0
MIMAT0005939,1983,0
MIMAT0016847,16741,0
MIMAT0000815,5743,0
MIMAT0001389,71496458,0
MIMAT0014003,24268,1
MIMAT0000070,442972,1
hsa_circ_0049462,6115,0
MIMAT0000446,123631,1
MIMAT0011161,54670067,0
MIMAT0002861,5757,1
MIMAT0019854,5035,0
MIMAT0000064,2767,1
hsa_circ_0086241,16078949,0
101928607,455658,0
MIMAT0000690,5793,1
MIMAT0000247,9064,0
hsa_circ_0017485,53232,0
MIMAT0000569,253602,0
MIMAT0014863,5318517,0
MIMAT0003727,6036,1
MIMAT0003228,636397,0
100271075,6410,0
MIMAT0011432,265237,0
103344930,2907,0
MIMAT0000429,4624,0
MIMAT0014003,387447,0
hsa_circ_0066874,2578,0
MIMAT0003734,31101,0
hsa_circ_0000521,11960529,0
hsa_circ_0001599,25262965,0
MIMAT0016901,2578,0
hsa_circ_0030724,15951529,1
MIMAT0000784,6253,0
MIMAT0003740,16741,0
MIMAT0004700,16132265,0
102723099,60780,0
hsa_circ_0006174,5280448,0
MIMAT0000125,11953817,0
hsa_circ_0089863,108065,0
hsa_circ_0007250,241,0
hsa_circ_0042474,1832,0
MIMAT0016907,6253,0
hsa_circ_0004954,5755,0
MIMAT0005596,5943,0
MIMAT0005443,4943,0
101927477,712,0
MIMAT0004855,126941,0
MIMAT0004542,441074,0
hsa_circ_0072805,25244711,0
hsa_circ_0084021,3386,0
MIMAT0000722,31703,1
105221694,5280360,0
9383,4943,0
MIMAT0018000,442972,0
MIMAT0005955,2187,0
MIMAT0003393,24180719,1
MIMAT0003886,56649450,0
MIMAT0002821,38904,1
100750225,9949648,0
hsa_circ_0076522,9826528,0
MIMAT0000131,3101,0
hsa_circ_0005513,208908,0
hsa_circ_0002590,15951529,1
MIMAT0002848,31703,1
MIMAT0000417,5288826,1
645682,31703,0
hsa_circ_0008494,3071,0
hsa_circ_0007630,6037,0
MIMAT0018179,790,0
MIMAT0000138,6036,1
MIMAT0000276,2520,1
MIMAT0000077,5978,1
hsa_circ_0007275,4033,0
6093,985,0
MIMAT0000266,4763,1
MIMAT0007401,4624,0
hsa_circ_0023249,446220,0
MIMAT0000242,54454,0
MIMAT0000794,3019,0
MIMAT0015035,448013,0
MIMAT0004985,2767,1
MIMAT0017002,4095,0
MIMAT0019814,6918289,0
MIMAT0004674,60750,1
MIMAT0003756,8490,0
hsa_circ_0000873,15951529,1
MIMAT0005943,985,0
MIMAT0002872,712,1
MIMAT0000733,16132265,0
MIMAT0019003,24978538,0
105374631,5284373,0
MIMAT0000738,29327,0
100996732,460612,0
MIMAT0015057,4624,0
MIMAT0000775,3006531,0
MIMAT0003227,444254,0
hsa_circ_0007031,5360373,0
390963,216345,0
MIMAT0000652,4946,0
MIMAT0001748,1674,0
hsa_circ_0047444,15951529,1
MIMAT0004951,3488,0
101669762,3006531,0
MIMAT0004487,222757,0
MIMAT0000439,444732,1
MIMAT0007347,5288826,1
MIMAT0003302,25183872,0
hsa_circ_0056048,6037,0
101927027,37542,0
MIMAT0005918,107985,0
MIMAT0001736,54670067,0
MIMAT0004694,24268,0
MIMAT0000274,3062316,1
hsa_circ_0002131,3071,0
MIMAT0001742,1130,0
MIMAT0000876,141643,0
100132923,171548,0
3169,6857599,1
MIMAT0004534,5394,0
hsa_circ_0069821,9949648,0
100128054,25244711,0
MIMAT0000669,9444,0
MIMAT0000887,12967,0
hsa_circ_0088128,5755,0
MIMAT0005319,5281708,0
MIMAT0022692,442972,0
MIMAT0000714,5757,1
hsa_circ_0085567,445154,0
684959,5394,1
MIMAT0001794,13089,0
hsa_circ_0005164,5283344,0
105373984,122724,0
MIMAT0000855,11433190,0
hsa_circ_0003967,442972,0
MIMAT0004838,24978538,0
MIMAT0019046,5212,0
MIMAT0001742,5284583,0
MIMAT0000808,89594,1
MIMAT0003762,16132265,0
100506046,119104,0
MIMAT0018975,285033,0
hsa_circ_0085616,104741,0
MIMAT0000617,5881,1
MIMAT0000432,5978,1
hsa_circ_0031027,54675776,0
MIMAT0015054,4091,0
hsa_circ_0078150,56649450,0
100507127,6115,0
MIMAT0003214,448537,1
MIMAT0015066,442428,0
MIMAT0000534,5281004,0
MIMAT0013987,443586,0
MIMAT0000139,47318,0
MIMAT0003304,5073,0
MIMAT0018081,5951,0
MIMAT0001771,5793,0
MIMAT0002809,2520,1
MIMAT0015042,3103,0
MIMAT0005823,6036,0
MIMAT0003470,42611257,0
MIMAT0000452,2520,1
MIMAT0019887,114900,0
MIMAT0003218,60750,1
MIMAT0001793,60700,0
hsa_circ_0088681,5280343,0
MIMAT0000078,5746,1
hsa_circ_0063623,36314,0
hsa_circ_0000339,5212,0
MIMAT0003260,4212,0
hsa_circ_0018440,6918837,0
MIMAT0016863,42611257,0
hsa_circ_0000287,126941,0
MIMAT0004533,38904,0
101928650,5394,1
MIMAT0000416,9064,1
MIMAT0026608,42113,0
MIMAT0015024,53232,0
MIMAT0004901,65348,0
hsa_circ_0069574,5755,0
hsa_circ_0026143,5035,0
MIMAT0000859,3062316,0
MIMAT0005942,60780,0
MIMAT0005583,54680783,0
MIMAT0001707,5212,0
hsa_circ_0087063,6197,0
MIMAT0005881,36314,1
MIMAT0005315,60750,0
hsa_circ_0076251,9915743,0
MIMAT0000073,2767,1
MIMAT0000437,148124,1
653190,44259,0
100130417,3007,0
MIMAT0003892,5283344,0
MIMAT0005908,441074,0
MIMAT0000263,17754356,0
MIMAT0031893,171548,0
MIMAT0019695,60750,1
MIMAT0000160,5318517,0
hsa_circ_0058608,3019,0
MIMAT0045392,5394,1
MIMAT0014005,5359268,0
MIMAT0003162,544,0
MIMAT0000097,5310940,1
2176,104842,0
MIMAT0004284,3385,1
hsa_circ_0007148,21109,0
MIMAT0000098,6442177,1
MIMAT0000271,73581,0
MIMAT0003890,667639,0
103352539,5284583,0
hsa_circ_0004596,5462222,0
hsa_circ_0005730,2907,0
MIMAT0000103,135403648,1
MIMAT0000414,2767,1
hsa_circ_0007630,15951529,1
MIMAT0002875,667639,0
hsa_circ_0022392,15951529,1
hsa_circ_0004032,15951529,1
MIMAT0004825,12967,1
MIMAT0004620,56843276,0
MIMAT0000541,5280795,0
MIMAT0003270,6505803,0
MIMAT0013988,2353,0
MIMAT0003228,54670067,1
MIMAT0005853,9547215,0
MIMAT0000639,8490,0
MIMAT0004921,31703,1
MIMAT0000231,5743,0
MIMAT0001387,2723601,0
MIMAT0000280,5311,1
MIMAT0018085,119307,1
100507632,65348,0
MIMAT0000189,5281929,1
MIMAT0001618,5943,0
MIMAT0003251,216239,1
MIMAT0015357,47936,0
hsa_circ_0000742,6036,0
MIMAT0000096,29327,0
hsa_circ_0003183,5311,0
101669762,1130,0
100289178,702,0
MIMAT0000227,5997,1
MIMAT0000814,4158,0
hsa_circ_0005949,2353,0
MIMAT0000079,4624,0
MIMAT0004762,54670067,0
25850,3397,0
MIMAT0018087,6001,0
MIMAT0015322,29327,0
MIMAT0000216,5283344,0
MIMAT0004671,285033,0
MIMAT0003347,74483,1
MIMAT0000383,12967,0
MIMAT0002807,449171,0
hsa_circ_0032154,15951529,1
MIMAT0004669,72304,0
MIMAT0010357,9576410,0
hsa_circ_0007924,15951529,1
MIMAT0004799,15625,0
hsa_circ_0086159,3117,0
MIMAT0019774,445434,0
MIMAT0019963,5212,0
hsa_circ_0005855,5360373,0
hsa_circ_0061891,1673,0
392232,6076,0
MIMAT0003313,3121,0
MIMAT0003199,54454,0
MIMAT0004942,4033,0
MIMAT0004584,5280896,0
MIMAT0001733,5394,0
MIMAT0000681,141643,0
100132111,3397,0
MIMAT0005459,2907,0
MIMAT0015174,141643,0
MIMAT0015356,6115,0
100033433,64971,0
MIMAT0004628,443586,1
MIMAT0000513,2733,0
MIMAT0000557,737139,0
MIMAT0015359,667639,0
hsa_circ_0000326,737139,0
MIMAT0004589,737139,0
MIMAT0000717,3071,0
MIMAT0000141,24759,0
MIMAT0000102,15625,0
100133311,60750,0
100506783,5329102,0
MIMAT0003260,5280453,0
MIMAT0000213,3345,1
MIMAT0000525,16078949,1
hsa_circ_0008623,3229,0
100996307,5281614,0
644649,43815,0
MIMAT0014024,24268,1
MIMAT0003236,5280427,0
MIMAT0000242,148124,1
MIMAT0000435,104741,0
23043,65110,0
MIMAT0000101,3385,1
hsa_circ_0001572,6036,0
MIMAT0000707,2767,1
MIMAT0015343,5281004,0
MIMAT0015077,790,0
MIMAT0000079,3657,0
MIMAT0000075,444732,1
hsa_circ_0001646,229455,0
9641,148124,0
hsa_circ_0075048,2733526,0
MIMAT0000569,24978538,0
645993,5281614,0
MIMAT0003461,2733,0
MIMAT0000383,24288,0
MIMAT0000297,123631,0
MIMAT0001761,790,0
MIMAT0000665,16078949,1
MIMAT0019801,216239,0
MIMAT0003495,6410,0
MIMAT0003480,60780,0
MIMAT0000617,445154,1
MIMAT0000165,123596,0
MIMAT0004977,5288826,0
MIMAT0000129,446556,0
MIMAT0018071,667639,0
MIMAT0014001,119307,0
MIMAT0002171,2520,1
101928168,1110,0
4976,45266826,0
101929427,46843772,0
MIMAT0019757,9444,0
MIMAT0000084,54680783,0
MIMAT0003726,4946,0
MIMAT0007881,43815,0
100507463,21633059,0
hsa_circ_0001545,8490,0
MIMAT0003735,16741,0
MIMAT0000207,449171,0
MIMAT0000651,171548,0
MIMAT0003239,5311,1
hsa_circ_0049356,11556711,0
MIMAT0000645,29327,0
MIMAT0000421,462382,1
MIMAT0004491,5951,0
MIMAT0000653,737139,0
MIMAT0000025,9576410,0
MIMAT0003313,6623,0
10263,261000,0
100885775,16132265,0
MIMAT0017059,5281811,0
MIMAT0016847,1548943,0
MIMAT0000423,5743,1
hsa_circ_0049587,56843276,0
MIMAT0001635,6442177,0
101928880,36314,0
hsa_circ_0047270,9804992,0
MIMAT0002847,6197,0
MIMAT0000720,439530,0
MIMAT0003249,5310940,1
MIMAT0004861,31703,1
MIMAT0018992,4624,0
MIMAT0006778,11626560,0
MIMAT0000077,36314,1
MIMAT0007889,3071,0
MIMAT0004810,10635,0
hsa_circ_0042359,3385,1
100652772,60953,0
MIMAT0003257,145858,0
MIMAT0002111,5280448,0
MIMAT0004560,31703,1
MIMAT0000566,31401,1
MIMAT0015024,73581,0
100131814,460612,0
MIMAT0000790,65015,0
MIMAT0019801,6623,0
MIMAT0000223,636397,0
100874249,23939,0
MIMAT0000423,119307,1
MIMAT0016915,3101,0
MIMAT0003176,4624,0
MIMAT0003257,1673,0
MIMAT0042989,5394,0
MIMAT0000075,29327,0
MIMAT0000763,37542,0
MIMAT0000816,3071,0
100505881,16078949,0
101927667,15939,0
MIMAT0000569,210332,1
MIMAT0000717,451668,1
hsa_circ_0061346,1176,0
MIMAT0001883,449171,0
MIMAT0002176,36462,1
MIMAT0018083,5881,0
hsa_circ_0039216,54670067,0
MIMAT0004237,5311,0
MIMAT0018087,1110,0
MIMAT0003308,3385,1
MIMAT0018977,449171,0
MIMAT0005917,60838,0
hsa_circ_0009594,5381226,0
MIMAT0002837,455658,0
hsa_circ_0089762,5641,0
hsa_circ_0000040,42611257,0
9489,4946,0
hsa_circ_0075402,4624,0
MIMAT0000639,23973,1
MIMAT0019001,29327,0
MIMAT0003890,8490,0
hsa_circ_0004964,24821094,0
100996645,16741,0
MIMAT0000588,9444,0
MIMAT0001045,5288826,0
100506474,3386,0
100128398,3229,0
MIMAT0000449,3229,1
MIMAT0004894,25262965,0
MIMAT0000275,3385,1
MIMAT0000102,31101,0
MIMAT0014003,1548943,0
MIMAT0001072,5281004,0
101929152,29327,0
MIMAT0000510,5757,1
MIMAT0000542,229455,0
100506258,13089,0
MIMAT0015055,60750,1
MIMAT0015157,445858,0
MIMAT0000706,9898279,0
MIMAT0004959,969516,1
55384,6001,0
MIMAT0016915,25244711,0
339926,6410,0
MIMAT0005883,54680783,0
101927027,5755,0
MIMAT0001081,77999,0
MIMAT0000542,135403648,0
hsa_circ_0005354,21633059,0
MIMAT0003485,443586,1
hsa_circ_0000419,2236,0
hsa_circ_0001974,122634,0
101929660,5281811,0
MIMAT0000145,108065,1
MIMAT0000868,6076,0
hsa_circ_0001985,6076,0
338758,2187,0
MIMAT0009451,5281614,0
MIMAT0002881,6037,0
MIMAT0000513,1175,0
MIMAT0019929,23973,0
hsa_circ_0001122,5746,0
hsa_circ_0059914,285033,0
hsa_circ_0008554,5288826,0
MIMAT0002864,2767,1
hsa_circ_0075320,4033,0
MIMAT0001423,443586,0
MIMAT0015025,60700,0
MIMAT0000689,91820602,1
MIMAT0015344,5538,0
440925,1130,0
100144603,3690,0
MIMAT0002837,216239,0
hsa_circ_0087564,3652,0
100130691,6001,0
hsa_circ_0062545,1207,0
MIMAT0018352,5746,0
MIMAT0015025,253602,0
645323,1832,0
MIMAT0003180,5793,1
MIMAT0003308,60750,1
MIMAT0016890,4763,0
102724571,5318517,0
MIMAT0000743,5746,0
MIMAT0015358,6167,0
MIMAT0000418,65064,0
MIMAT0007881,5865,0
hsa_circ_0082140,1175,0
MIMAT0000608,6505803,0
MIMAT0001816,10621,0
MIMAT0019850,14888,0
MIMAT0000098,123631,1
MIMAT0003161,2767,1
MIMAT0001532,119307,0
100128675,5311,0
MIMAT0001339,5281929,0
hsa_circ_0000648,5361,0
hsa_circ_0062610,24978538,0
MIMAT0004662,644241,0
MIMAT0000087,9576410,0
MIMAT0002888,60750,1
MIMAT0000077,24497,1
MIMAT0000537,65348,0
100033416,2244,0
MIMAT0000385,3071,0
MIMAT0018976,65015,0
MIMAT0000086,60750,1
MIMAT0000243,2907,0
MIMAT0005595,6440495,1
MIMAT0001792,104758,0
MIMAT0000692,2733,0
MIMAT0003291,5459308,0
MIMAT0000774,5281614,0
100133311,1548943,0
MIMAT0000651,443586,1
100506860,446556,0
MIMAT0000367,6857599,0
MIMAT0001816,13089,0
MIMAT0011432,6918289,0
25981,13089,0
hsa_circ_0085173,123596,0
MIMAT0005580,119307,1
389641,6857599,1
MIMAT0003249,14888,0
MIMAT0004496,42611257,0
101927027,5394,1
hsa_circ_0026349,23939,0
MIMAT0001781,5280360,0
MIMAT0000777,6442177,0
hsa_circ_0012673,3006531,0
MIMAT0000519,47318,0
MIMAT0004585,16078949,0
100033435,689043,0
MIMAT0014048,241,0
581,5281708,0
MIMAT0003731,462382,0
MIMAT0000612,31703,1
MIMAT0004496,442793,0
MIMAT0018095,3385,1
MIMAT0000752,119307,1
MIMAT0019936,9576410,0
101928794,5360373,0
hsa_circ_0007312,2051,0
hsa_circ_0001772,5943,0
MIMAT0007401,3117,0
MIMAT0026605,5793,1
hsa_circ_0000157,108065,0
MIMAT0000416,5310940,1
101927477,6440495,0
MIMAT0004902,13089,0
MIMAT0005458,31703,1
hsa_circ_0000817,5280445,0
MIMAT0004662,56649450,0
MIMAT0002875,44259,0
hsa_circ_0008122,24497,0
MIMAT0000738,148124,1
105379407,5950,0
hsa_circ_0007006,3657,0
MIMAT0004482,5311,1
MIMAT0001341,4641,0
100287616,5460341,0
MIMAT0003247,15951529,0
MIMAT0000459,65348,1
MIMAT0000419,91820602,1
MIMAT0019359,6036,0
MIMAT0005577,4946,0
hsa_circ_0087400,445858,0
MIMAT0001823,657237,0
hsa_circ_0084606,3902,0
MIMAT0002109,455658,0
100033413,2723601,0
MIMAT0015166,162282,0
hsa_circ_0009582,442793,0
MIMAT0003238,60823,1
MIMAT0000445,60750,1
hsa_circ_0057105,5281811,0
hsa_circ_0000141,176870,0
MIMAT0003491,2733,0
MIMAT0019775,241,0
hsa_circ_0080212,56842234,0
MIMAT0000898,5743,1
hsa_circ_0005161,15951529,1
hsa_circ_0000520,5280448,0
MIMAT0000207,5978,0
MIMAT0001818,265237,0
MIMAT0003320,44259,0
MIMAT0003769,11433190,0
100505839,13342,0
MIMAT0003221,6442177,0
MIMAT0003885,60750,1
hsa_circ_0006318,5329102,0
hsa_circ_0005379,448013,0
MIMAT0000245,47289,0
MIMAT0019876,667639,0
hsa_circ_0006862,6279,0
2149,442793,0
MIMAT0004692,1832,0
100144597,25183872,0
MIMAT0005793,4946,0
MIMAT0000837,5793,0
MIMAT0000681,5291,1
MIMAT0000769,24759,0
649446,5394,1
MIMAT0004950,72304,0
245,5394,1
MIMAT0004676,5310940,1
MIMAT0000561,24497,0
100292680,148124,0
MIMAT0011162,60198,0
MIMAT0037307,60198,0
hsa_circ_0073647,24978538,0
MIMAT0000198,8029,0
MIMAT0004678,445154,0
hsa_circ_0051041,15951529,1
hsa_circ_0076251,10836,0
MIMAT0002109,667639,0
100750225,71496458,0
MIMAT0003221,5311,0
MIMAT0012852,6253,0
MIMAT0000256,2244,0
MIMAT0000419,13342,1
103344926,54675776,0
MIMAT0007888,387447,0
MIMAT0000137,8378,0
MIMAT0004585,261004,0
MIMAT0004637,5283344,0
MIMAT0018074,261000,0
100129310,6857599,1
MIMAT0015137,449171,0
hsa_circ_0022963,6167,0
MIMAT0003763,11556711,0
MIMAT0004504,60953,0
MIMAT0003329,5280896,0
MIMAT0000457,60750,1
MIMAT0015025,54670067,0
MIMAT0003211,5280448,0
hsa_circ_0030724,5394,0
51716,126941,0
hsa_circ_0003251,31101,0
MIMAT0018966,5816,0
MIMAT0000081,638278,1
MIMAT0004901,104741,0
hsa_circ_0000407,9547215,0
MIMAT0019733,56649450,0
MIMAT0004971,5994,1
MIMAT0000804,11626560,0
10298,24497,0
MIMAT0000085,60750,1
MIMAT0005896,5997,0
MIMAT0003223,10836,0
hsa_circ_0005730,387447,0
100505839,5394,1
MIMAT0004588,2767,0
MIMAT0004569,3496,0
MIMAT0003948,5881,0
MIMAT0005877,3385,1
100144597,89594,0
hsa_circ_0005418,2578,0
MIMAT0000788,5460341,0
hsa_circ_0003251,5280961,0
MIMAT0013982,4763,0
MIMAT0005903,1207,0
MIMAT0004867,5206,0
MIMAT0002860,6623,0
MIMAT0004661,41867,0
100130418,16078949,0
MIMAT0000516,5280427,0
MIMAT0000762,5073,0
MIMAT0000200,47725,0
MIMAT0002875,445639,0
MIMAT0015170,1548943,0
MIMAT0000437,123631,1
hsa_circ_0048856,123865,0
hsa_circ_0003511,104741,0
MIMAT0000613,253602,0
hsa_circ_0000517,737139,0
MIMAT0016878,97226,1
440253,36314,0
MIMAT0014025,4763,0
MIMAT0003239,176870,0
MIMAT0002823,6057,0
hsa_circ_0088059,5284583,0
MIMAT0000513,47318,0
MIMAT0000874,6440495,1
MIMAT0000652,253602,0
hsa_circ_0006473,42113,0
MIMAT0004486,25227436,0
hsa_circ_0031288,15951529,1
MIMAT0001648,5282350,0
MIMAT0002882,5881,0
hsa_circ_0000763,15951529,1
MIMAT0000796,126941,0
hsa_circ_0003550,5978,0
MIMAT0016870,44259,0
MIMAT0005913,97226,0
MIMAT0000030,4763,0
MIMAT0000385,216345,0
MIMAT0004782,210332,1
MIMAT0000440,444732,1
100874131,104842,0
MIMAT0003276,2733,0
MIMAT0003892,210332,1
MIMAT0004528,6115,0
101927541,985,0
MIMAT0001787,449171,0
hsa_circ_0047818,15951529,1
MIMAT0004683,6279,0
MIMAT0000655,5280961,0
MIMAT0000645,64971,0
MIMAT0018071,119307,1
MIMAT0003378,2236,1
MIMAT0005987,3496,1
MIMAT0003336,3028194,0
100126799,210332,0
MIMAT0003239,5641,0
100009613,6197,0
MIMAT0001827,9547215,0
100132529,3345,0
MIMAT0004937,216326,0
MIMAT0004637,5310940,0
MIMAT0015113,23939,0
MIMAT0005883,25183872,0
MIMAT0004934,5310940,0
hsa_circ_0001147,3103,0
hsa_circ_0000339,9915743,0
MIMAT0003199,784,0
hsa_circ_0091419,444254,0
MIMAT0000271,451668,1
hsa_circ_0002782,15951529,1
hsa_circ_0008621,3121,0
hsa_circ_0001445,16078949,0
MIMAT0018971,60750,0
hsa_circ_0058608,107985,0
MIMAT0014990,446220,0
MIMAT0000135,8490,1
10988,969516,0
MIMAT0001340,2767,1
MIMAT0001080,16132265,0
MIMAT0003374,54675776,0
100505532,5206,0
MIMAT0000610,54454,0
hsa_circ_0007333,3961,0
101927416,5222465,0
101929645,5950,0
MIMAT0004577,16741,1
hsa_circ_0003655,123631,0
MIMAT0005580,37542,0
MIMAT0001865,119307,0
MIMAT0004719,176870,0
MIMAT0002854,10635,0
MIMAT0019861,56842234,0
MIMAT0018188,2723601,0
MIMAT0004680,47318,0
MIMAT0019956,442428,0
MIMAT0005944,42890,0
MIMAT0004958,148124,1
MIMAT0005878,15951529,0
684959,6468,0
hsa_circ_0003550,11433190,0
650226,5394,1
MIMAT0000773,36314,1
MIMAT0005792,5222465,0
MIMAT0012823,11626560,0
hsa_circ_0032825,9915743,0
MIMAT0003288,2662,0
MIMAT0015064,8378,0
MIMAT0000661,15,0
MIMAT0005339,5743,1
MIMAT0004976,2187,0
MIMAT0014012,241,0
MIMAT0001800,442428,0
MIMAT0003199,3028194,0
MIMAT0000434,54680783,0
MIMAT0000718,31401,1
100507500,89594,0
hsa_circ_0028299,5361,0
MIMAT0004867,11433190,0
MIMAT0000207,5280360,0
653677,123865,0
MIMAT0000893,9804992,0
hsa_circ_0008087,5816,0
hsa_circ_0051799,15951529,1
MIMAT0015068,60750,1
MIMAT0014001,9444,0
MIMAT0005280,5280360,0
MIMAT0002822,23725625,0
158381,60953,0
MIMAT0003130,10621,1
MIMAT0003264,31703,0
MIMAT0000584,443586,0
111216284,5035,0
hsa_circ_0030724,446220,0
MIMAT0003511,985,0
MIMAT0004955,60700,0
MIMAT0002875,24180719,1
hsa_circ_0008310,241,0
100506599,11626560,0
hsa_circ_0026153,15951529,1
MIMAT0000462,36314,1
MIMAT0003266,5280448,0
MIMAT0003465,5978,0
MIMAT0015164,5281708,0
MIMAT0001275,74483,1
MIMAT0015070,462382,0
100885775,5288826,0
MIMAT0002881,31703,1
643446,2662,0
MIMAT0000162,6279,0
hsa_circ_0008615,5212,0
hsa_circ_0079163,54670067,0
MIMAT0000803,47725,0
MIMAT0000222,14403,0
MIMAT0003317,54670067,0
MIMAT0005583,3007,0
MIMAT0007881,2767,1
54436,49803145,0
hsa_circ_0086490,5281708,0
339926,3385,1
hsa_circ_0001235,25227436,0
MIMAT0003329,5318517,0
hsa_circ_0006239,3103,0
101929059,3763,0
653677,784,0
hsa_circ_0063577,253602,0
439949,9915743,0
MIMAT0015197,4095,0
101928509,162282,0
MIMAT0003740,5538,0
hsa_circ_0056048,72304,0
100126791,6013,0
MIMAT0000446,5311,1
hsa_circ_0004680,25227436,0
MIMAT0000682,2375,1
MIMAT0004953,222528,0
100190938,210332,0
23766,5394,1
646576,4943,0
27242,41867,0
MIMAT0001876,73581,0
MIMAT0000885,164676,0
MIMAT0015323,11707110,0
MIMAT0000376,443586,1
MIMAT0000076,5538,1
hsa_circ_0008382,216239,0
MIMAT0000803,89594,1
MIMAT0001783,74483,1
hsa_circ_0050581,108065,0
100874095,1983,0
hsa_circ_0086694,7222,0
100874095,222528,0
MIMAT0001629,6623,0
MIMAT0000728,6918837,0
100126791,455658,0
MIMAT0003239,6468,0
MIMAT0004911,25244711,1
hsa_circ_0008223,15951529,1
MIMAT0019926,5280427,0
hsa_circ_0009357,135403648,0
MIMAT0000376,5865,0
101929467,56843276,0
MIMAT0001793,1674,0
MIMAT0000198,2187,0
652995,969516,1
MIMAT0004907,5311,0
MIMAT0000093,45266826,0
MIMAT0004586,91820602,0
hsa_circ_0082140,1983,0
MIMAT0001072,141643,0
MIMAT0019913,3385,1
hsa_circ_0006941,10621,0
MIMAT0004555,41867,0
hsa_circ_0040188,54454,0
hsa_circ_0006168,5280427,0
MIMAT0004733,25227436,0
MIMAT0000435,3229,1
MIMAT0000443,5212,0
101927597,5394,1
MIMAT0019934,24821094,0
MIMAT0000160,9064,0
5997,3385,0
MIMAT0000265,31703,1
100048912,5281811,0
hsa_circ_0002755,42113,0
hsa_circ_0011385,443586,0
MIMAT0017993,123865,0
100874041,5360373,0
440253,21633059,0
MIMAT0004534,10635,0
MIMAT0001087,2051,0
MIMAT0003728,4946,0
hsa_circ_0001721,60700,0
hsa_circ_0002965,253602,0
MIMAT0000444,5460341,0
100033416,42890,0
hsa_circ_0003302,15951529,1
MIMAT0007864,8029,0
MIMAT0000519,5361,0
MIMAT0005892,148124,0
MIMAT0000883,25183872,0
MIMAT0000866,9826528,0
MIMAT0000068,60750,1
MIMAT0003188,6037,0
hsa_circ_0000419,7222,0
390963,6279,0
MIMAT0004773,43815,1
MIMAT0019772,60750,1
hsa_circ_0008394,387447,0
MIMAT0019934,6410,0
hsa_circ_0005046,54671203,0
MIMAT0003338,5280795,1
111216282,31703,0
MIMAT0000279,5978,1
MIMAT0003782,24759,0
100874074,13342,0
hsa_circ_0005974,3902,0
hsa_circ_0017695,443586,0
MIMAT0000670,5222465,0
MIMAT0004565,8490,0
MIMAT0002173,49803145,0
MIMAT0001831,5280445,0
hsa_circ_0000315,4212,0
100316868,2767,1
MIMAT0000734,74483,0
MIMAT0014990,253602,0
MIMAT0004599,5978,0
MIMAT0004802,53232,0
MIMAT0015344,114900,0
MIMAT0000075,5310940,1
MIMAT0004614,3345,0
MIMAT0005949,72301,0
MIMAT0005443,89594,0
MIMAT0004987,4091,0
MIMAT0000534,1130,0
MIMAT0000670,5318517,0
MIMAT0000705,42890,0
MIMAT0015141,2236,0
988,23939,0
MIMAT0003181,16741,0
MIMAT0019806,5460341,0
hsa_circ_0071106,460612,0
MIMAT0000726,448537,1
MIMAT0000746,5280448,0
55109,3690,0
MIMAT0000266,5997,1
hsa_circ_0000324,53232,0
hsa_circ_0036750,444254,0
MIMAT0000151,3103,0
hsa_circ_0092329,6076,0
MIMAT0023617,65110,0
MIMAT0001882,9576410,0
100506274,15,0
MIMAT0000318,148124,1
MIMAT0003385,4091,0
MIMAT0003311,222528,0
hsa_circ_0000549,3345,0
MIMAT0001340,119104,0
MIMAT0000438,16078949,0
100129291,6918837,0
MIMAT0000728,241,0
MIMAT0004562,5865,0
MIMAT0001807,104746,0
MIMAT0000380,261000,0
440253,265237,0
MIMAT0003264,9547215,0
MIMAT0002824,11953817,0
MIMAT0001267,4641,0
hsa_circ_0001599,47725,0
hsa_circ_0003552,5280427,0
MIMAT0004858,11953817,0
MIMAT0001797,439530,0
MIMAT0001799,47318,0
MIMAT0000030,114900,0
MIMAT0000760,135403648,1
MIMAT0001704,222757,0
hsa_circ_0002755,36462,0
MIMAT0004644,49803145,0
MIMAT0016886,441074,0
MIMAT0000074,9804992,1
MIMAT0000830,462382,0
MIMAT0000232,60750,1
MIMAT0013991,5281614,0
4855,9949648,0
MIMAT0002805,31703,1
MIMAT0000860,60606,0
MIMAT0003381,261004,0
MIMAT0001081,6036,1
MIMAT0001849,5816,0
100130935,119307,0
hsa_circ_0051799,13089,0
MIMAT0015358,6410,0
MIMAT0018932,5280445,0
MIMAT0000555,445858,1
MIMAT0000885,123631,0
100507468,5360373,0
MIMAT0001423,1176,0
MIMAT0000757,3385,1
hsa_circ_0000525,44631912,0
MIMAT0004719,7222,0
MIMAT0000555,164676,0
MIMAT0004951,3385,1
hsa_circ_0003602,5755,0
MIMAT0000645,73581,0
440253,65015,0
hsa_circ_0059910,657237,0
MIMAT0003714,104758,0
hsa_circ_0000557,15951529,1
MIMAT0000247,9700,0
MIMAT0002849,77999,0
MIMAT0003336,5790,0
387723,4943,0
hsa_circ_0030998,439260,0
MIMAT0004883,4158,0
MIMAT0014008,24821094,0
100507632,445154,0
MIMAT0001425,47936,0
MIMAT0000140,210332,1
MIMAT0000764,5310940,1
MIMAT0000417,6115,1
MIMAT0000084,667639,0
MIMAT0001817,93004,0
MIMAT0005794,77999,0
101927686,5790,0
MIMAT0000447,104758,1
MIMAT0005880,2995,0
hsa_circ_0001296,3121,0
MIMAT0000242,72304,0
MIMAT0015143,56842234,0
MIMAT0000707,24288,0
100033426,5459308,0
619455,1176,0
MIMAT0004929,5816,1
MIMAT0000123,6036,1
MIMAT0001853,261004,0
55000,31703,1
100506465,15625,0
MIMAT0000862,5743,1
hsa_circ_0045219,72301,0
hsa_circ_0001518,5394,0
hsa_circ_0034067,216239,0
MIMAT0000157,44259,0
MIMAT0002840,5793,1
MIMAT0004886,462382,0
MIMAT0000072,31703,1
MIMAT0001882,5881,0
100499177,24759,0
MIMAT0003218,31703,1
MIMAT0000241,2733526,0
MIMAT0003254,445639,0
387978,222528,0
hsa_circ_0001275,15951529,1
MIMAT0000639,114900,0
MIMAT0005627,119307,0
hsa_circ_0002976,119104,0
101927249,107985,0
MIMAT0003377,442793,0
MIMAT0003199,222757,0
MIMAT0004187,5997,0
MIMAT0002844,10621,0
MIMAT0000369,216326,0
MIMAT0013988,54670067,0
MIMAT0011432,9700,0
hsa_circ_0000287,5282350,0
MIMAT0000376,9064,1
MIMAT0012825,3028194,1
MIMAT0018352,3121,0
MIMAT0001072,15625,0
MIMAT0000739,47936,0
644919,5394,1
MIMAT0003753,13089,0
MIMAT0000239,241,0
MIMAT0000380,14403,0
MIMAT0003765,6468,0
MIMAT0019730,14403,0
25855,5288826,0
MIMAT0005293,16741,1
MIMAT0003278,6076,0
hsa_circ_0000370,448013,0
hsa_circ_0005763,104741,0
MIMAT0007870,24288,0
MIMAT0001371,2662,0
339240,439530,0
MIMAT0001777,6440495,0
MIMAT0000252,91820602,1
MIMAT0000386,36462,0
10821,28486,0
hsa_circ_0076917,122634,0
MIMAT0003150,6089,0
MIMAT0003189,9064,1
MIMAT0001582,138374198,0
hsa_circ_0089863,5284616,0
hsa_circ_0088059,171548,0
MIMAT0003380,253602,0
MIMAT0015188,97226,0
MIMAT0001791,9064,0
MIMAT0007881,387447,1
MIMAT0002819,60852,0
hsa_circ_0005281,449171,0
MIMAT0000437,104741,1
MIMAT0001623,24821094,0
hsa_circ_0069980,4158,0
MIMAT0000243,5793,1
MIMAT0002111,65015,0
MIMAT0000898,439530,0
MIMAT0000825,5212,0
100506930,36314,0
MIMAT0000208,5359268,0
MIMAT0002177,10621,1
MIMAT0000812,65110,0
100033413,3652,0
MIMAT0000094,265237,0
652995,148124,1
MIMAT0004879,449171,0
MIMAT0000459,31703,1
MIMAT0002809,38904,1
MIMAT0004739,3779,1
MIMAT0003480,6001,0
MIMAT0004798,5793,1
hsa_circ_0084727,439530,0
MIMAT0004723,444795,0
hsa_circ_0000042,2767,0
MIMAT0001285,65110,0
MIMAT0014003,6115,0
MIMAT0003331,5281614,0
MIMAT0000791,6623,0
hsa_circ_0005907,9064,0
hsa_circ_0000525,15951529,1
MIMAT0000521,24978538,0
MIMAT0019732,790,0
MIMAT0015079,49803145,0
hsa_circ_0001849,104741,0
100506207,5789,0
hsa_circ_0036683,2520,0
MIMAT0005457,135403648,0
hsa_circ_0068458,3690,1
100505994,5281614,0
MIMAT0000738,644241,0
MIMAT0004692,2051,0
MIMAT0000449,442972,1
MIMAT0004495,1176,0
MIMAT0000773,24821094,0
MIMAT0000318,3385,1
101927056,5394,1
MIMAT0013985,60606,0
MIMAT0003756,24759,0
MIMAT0022834,6468,0
728207,702,0
MIMAT0001705,5318517,0
101926964,5538,0
MIMAT0013987,37542,0
MIMAT0004934,448537,0
MIMAT0004773,1673,0
MIMAT0000719,5793,1
hsa_circ_0018499,141643,0
MIMAT0000449,2336,1
100996335,451668,0
MIMAT0005793,5310940,1
MIMAT0042989,6442177,0
MIMAT0005572,9444,0
hsa_circ_0047641,47936,0
MIMAT0019733,445858,0
101927447,3062316,0
MIMAT0019789,15,0
hsa_circ_0040773,5329102,0
MIMAT0000786,3779,1
MIMAT0012825,5310940,0
MIMAT0004701,6442177,0
MIMAT0000269,253602,0
MIMAT0017080,24497,0
MIMAT0003499,462382,0
MIMAT0003223,5280448,0
MIMAT0000273,25183872,0
hsa_circ_0036750,6167,0
MIMAT0002854,5950,0
MIMAT0000618,6106,0
hsa_circ_0005974,124886,0
MIMAT0002830,448537,1
hsa_circ_0001440,443586,0
hsa_circ_0092303,5280453,0
MIMAT0000255,5282350,1
MIMAT0001388,8029,0
MIMAT0000436,14888,1
MIMAT0000243,47725,1
hsa_circ_0000915,24759,0
MIMAT0004565,60852,0
MIMAT0003277,124886,0
MIMAT0001536,36462,1
MIMAT0004978,21633059,0
hsa_circ_0002590,24821094,0
hsa_circ_0001818,441074,0
MIMAT0018191,24180719,1
MIMAT0019916,5281929,0
MIMAT0004800,74483,0
MIMAT0005865,5280951,0
MIMAT0000266,123631,1
MIMAT0004670,712,0
MIMAT0004599,141643,0
MIMAT0014008,638278,0
hsa_circ_0001204,790,0
MIMAT0005595,3397,0
MIMAT0019021,2733,0
MIMAT0019851,44631912,0
MIMAT0000136,6037,0
MIMAT0000246,5280343,1
MIMAT0015077,5280795,0
MIMAT0005907,31703,1
MIMAT0003318,3961,0
MIMAT0000273,210332,0
100033431,657237,0
101927220,164676,0
MIMAT0003459,443586,1
MIMAT0000098,5284616,1
MIMAT0003499,8490,1
hsa_circ_0002987,54454,0
MIMAT0001095,54671203,0
101928710,135403648,0
MIMAT0000218,442428,0
MIMAT0015002,5280961,0
hsa_circ_0008702,104842,0
hsa_circ_0005855,5359268,0
MIMAT0003278,11226684,0
MIMAT0004791,8029,1
hsa_circ_0000907,104758,0
MIMAT0003898,2578,0
MIMAT0000899,47289,0
MIMAT0004235,4624,0
MIMAT0002858,5281708,0
MIMAT0002177,5281004,0
29108,10184653,0
MIMAT0003313,2520,1
MIMAT0004593,6253,0
MIMAT0000077,135403648,1
MIMAT0015327,702,0
MIMAT0015140,14888,0
MIMAT0000373,49803145,0
hsa_circ_0089371,5280795,0
hsa_circ_0000407,53232,0
MIMAT0022692,3103,0
MIMAT0004520,3028194,0
MIMAT0000253,3385,1
MIMAT0005868,6442177,0
MIMAT0004813,2375,0
MIMAT0003327,60750,1
hsa_circ_0004808,171548,0
MIMAT0006764,3385,1
MIMAT0019778,3385,1
MIMAT0005828,10184653,0
100499177,2662,0
MIMAT0000891,60780,0
MIMAT0004738,3071,0
MIMAT0000281,97226,1
hsa_circ_0026349,30323,0
8452,60700,0
MIMAT0000782,11433190,0
100506990,544,0
hsa_circ_0023249,16132265,0
MIMAT0004557,47725,0
MIMAT0002819,38904,1
MIMAT0004921,11707110,0
MIMAT0001549,6468,0
111216284,29327,0
hsa_circ_0003838,5281004,0
hsa_circ_0007250,3019,0
MIMAT0014007,5318517,0
105379054,5881,0
MIMAT0004683,5793,1
MIMAT0014012,444254,0
MIMAT0001095,544,0
MIMAT0001080,44259,0
MIMAT0006789,71496458,0
MIMAT0000617,12967,0
hsa_circ_0055957,11228183,0
102800310,5311,0
MIMAT0002874,455658,0
MIMAT0004644,285033,0
MIMAT0003121,2051,0
6175,2995,0
MIMAT0002819,14403,0
MIMAT0013982,6167,0
MIMAT0004663,107985,0
MIMAT0001092,25227436,0
MIMAT0000561,25244711,0
hsa_circ_0085567,5288826,0
MIMAT0017016,77999,0
MIMAT0000067,6623,1
MIMAT0000819,97226,0
hsa_circ_0003273,2767,0
650226,11228183,0
MIMAT0018191,5352624,0
MIMAT0006764,5994,0
MIMAT0015120,5352624,0
hsa_circ_0075896,15951529,1
100271297,123631,1
MIMAT0000222,3071,0
hsa_circ_0061891,3385,0
MIMAT0000520,3028194,0
MIMAT0000252,5978,1
hsa_circ_0050125,3488,0
MIMAT0000682,47725,1
MIMAT0000894,5280448,0
101927686,5361,0
hsa_circ_0038090,3690,0
MIMAT0015025,5281929,0
MIMAT0003495,8490,1
MIMAT0001857,104741,0
MIMAT0016918,60750,1
hsa_circ_0002955,6036,0
hsa_circ_0000760,2336,0
hsa_circ_0000963,5280445,0
MIMAT0000728,41867,1
hsa_circ_0009362,25262965,0
MIMAT0003225,135403648,0
MIMAT0000833,16741,0
MIMAT0000091,3385,1
hsa_circ_0008554,5281614,0
hsa_circ_0003201,15951529,1
hsa_circ_0004368,162282,0
MIMAT0016916,60750,1
MIMAT0000792,77999,0
hsa_circ_0006884,896,0
100151643,638278,0
MIMAT0000279,73581,0
26751,24268,0
101928530,3652,0
hsa_circ_0004315,11953817,0
MIMAT0000275,60750,1
MIMAT0004976,29327,0
MIMAT0018941,2767,0
MIMAT0015348,3902,0
MIMAT0003452,10635,0
MIMAT0019730,24288,0
MIMAT0000255,5978,1
MIMAT0004487,5318517,0
100126791,3121,0
MIMAT0000858,14403,0
MIMAT0015194,737139,0
MIMAT0000648,65348,0
MIMAT0004933,445858,1
MIMAT0009977,123865,0
MIMAT0001823,5280951,0
MIMAT0004365,3496,1
MIMAT0005880,2767,1
MIMAT0000126,6036,1
MIMAT0019716,7222,0
MIMAT0000247,444732,1
hsa_circ_0005087,5757,0
hsa_circ_0008896,65015,0
MIMAT0000236,25183872,0
100506119,1176,0
MIMAT0002821,451668,1
MIMAT0000217,2520,0
hsa_circ_0007117,5881,0
100505702,15625,0
MIMAT0003465,210332,1
MIMAT0000427,60852,1
hsa_circ_0037972,11707110,0
MIMAT0000877,208908,0
MIMAT0000737,2520,0
MIMAT0000544,104741,0
MIMAT0000069,969516,1
MIMAT0004950,16741,0
MIMAT0004674,790,0
101928168,6623,0
MIMAT0000082,5284616,0
MIMAT0000076,2353,1
MIMAT0000881,5790,0
100505538,442428,0
MIMAT0024890,24288,0
hsa_circ_0076251,15951529,1
MIMAT0019719,6505803,0
MIMAT0003218,17754356,0
MIMAT0004952,3385,1
2176,5394,1
MIMAT0000281,54454,0
MIMAT0015344,216345,0
MIMAT0000383,790,0
MIMAT0000755,5790,1
MIMAT0000450,148124,1
414243,6001,0
MIMAT0018976,5283344,0
MIMAT0015077,5881,0
hsa_circ_0000872,261004,0
MIMAT0005853,2244,0
100505994,31401,0
7079,15625,0
MIMAT0000748,6410,1
100048912,2767,1
MIMAT0000589,171548,0
MIMAT0000273,3386,0
MIMAT0004845,107985,0
hsa_circ_0003620,2236,0
MIMAT0003728,3902,0
MIMAT0004224,222757,0
MIMAT0004445,24360,0
MIMAT0015025,229455,0
MIMAT0004938,5459308,0
hsa_circ_0001311,123865,0
MIMAT0004660,9931953,0
100506258,445154,0
MIMAT0001367,261004,0
hsa_circ_0091894,24268,0
MIMAT0002880,56843276,0
MIMAT0000593,216345,0
MIMAT0015165,71496458,0
MIMAT0003741,3103,0
hsa_circ_0023249,11433190,0
hsa_circ_0004254,446220,0
MIMAT0001796,261004,0
hsa_circ_0003373,60953,0
hsa_circ_0005354,8029,0
MIMAT0001387,5865,0
MIMAT0001635,544,0
MIMAT0005928,3397,0
MIMAT0004882,13089,0
MIMAT0006770,25227436,0
104266957,60823,0
hsa_circ_0003183,13089,0
100289178,285033,0
MIMAT0000680,657237,0
MIMAT0019854,60750,1
MIMAT0000437,5997,1
MIMAT0004523,60780,0
MIMAT0001734,3652,0
MIMAT0003127,444795,0
MIMAT0015051,689043,0
hsa_circ_0004934,138374198,0
663,56649450,0
MIMAT0001852,5950,0
MIMAT0015323,162282,0
MIMAT0001787,5280896,0
105375847,445639,0
101927843,6037,0
MIMAT0000096,439530,0
MIMAT0006767,1548943,0
MIMAT0000670,14403,0
MIMAT0004955,25227436,0
hsa_circ_0065384,5280448,0
MIMAT0015327,261004,0
MIMAT0000831,30323,0
MIMAT0019058,444795,0
100506844,5790,0
MIMAT0000447,216345,0
hsa_circ_0026512,10836,0
MIMAT0000073,229455,1
MIMAT0004683,5381226,0
MIMAT0003893,141643,0
MIMAT0003221,638278,0
MIMAT0001020,162282,0
MIMAT0017080,5284616,0
MIMAT0000858,441074,0
MIMAT0002016,91820602,0
MIMAT0002832,25262965,0
MIMAT0003193,544,0
MIMAT0000366,60750,1
hsa_circ_0003997,16197265,0
hsa_circ_0087861,2244,0
MIMAT0004930,60852,0
MIMAT0000222,3385,1
MIMAT0000563,65015,0
MIMAT0000883,5311,0
MIMAT0004507,56649450,0
hsa_circ_0001204,3117,0
MIMAT0004888,448013,0
MIMAT0002876,5746,0
MIMAT0005860,23939,0
MIMAT0000684,31703,1
MIMAT0000674,5943,0
102724434,77999,0
286827,6857599,1
MIMAT0014928,5997,0
MIMAT0004487,46843772,0
MIMAT0003892,5281614,0
MIMAT0003726,60700,0
100506498,41867,0
MIMAT0019784,25244711,0
MIMAT0003049,657237,0
hsa_circ_0002669,15951529,1
MIMAT0001748,10836,0
MIMAT0002879,5793,1
MIMAT0004648,451668,0
hsa_circ_0006795,5789,0
MIMAT0000785,60780,0
MIMAT0019834,4763,0
MIMAT0019776,445580,0
MIMAT0001090,3690,0
MIMAT0004825,5280951,0
MIMAT0002109,8490,0
hsa_circ_0001691,6115,0
MIMAT0000385,138374198,0
MIMAT0019758,448537,0
hsa_circ_0001898,241,0
hsa_circ_0002082,6036,0
MIMAT0015343,265237,0
hsa_circ_0005671,15951529,1
MIMAT0000414,2520,1
MIMAT0000460,985,0
hsa_circ_0000673,9931953,0
MIMAT0001704,24180719,0
MIMAT0015018,5280453,0
hsa_circ_0009362,36462,0
hsa_circ_0000192,5360373,0
MIMAT0003769,29327,0
MIMAT0003769,253602,0
MIMAT0000226,5291,1
MIMAT0000221,97226,0
MIMAT0000445,5283344,0
hsa_circ_0033024,65110,0
MIMAT0002820,444732,0
hsa_circ_0001691,2244,0
MIMAT0000437,46843772,1
MIMAT0001425,2187,0
MIMAT0003167,5865,0
105373984,6167,0
MIMAT0000449,5212,1
MIMAT0017002,16078949,1
MIMAT0000098,2767,1
hsa_circ_0022589,15951529,1
MIMAT0000366,123596,0
hsa_circ_0076522,15951529,1
MIMAT0003469,11556711,0
MIMAT0000250,444732,1
100873972,126941,0
MIMAT0002890,124886,0
MIMAT0003340,452548,0
MIMAT0003218,10635,0
MIMAT0000670,11228183,0
MIMAT0000279,2051,0
MIMAT0004895,222528,0
MIMAT0000560,638278,0
100292680,5291,0
hsa_circ_0005235,446220,0
MIMAT0000617,6857599,1
MIMAT0045392,123865,0
MIMAT0015036,544,0
100130935,54670067,0
MIMAT0019721,60750,1
MIMAT0005572,5291,1
MIMAT0004970,3488,0
MIMAT0016852,107985,0
MIMAT0000818,16132265,1
MIMAT0000582,60700,0
MIMAT0000432,2662,1
MIMAT0001545,31703,1
100033418,5978,0
101929574,5755,1
MIMAT0003329,2767,1
MIMAT0004942,9700,0
103344926,222757,0
MIMAT0004536,4946,0
MIMAT0005627,24288,0
100132967,229455,0
hsa_circ_0089371,6468,0
23015,23939,0
MIMAT0003273,65015,0
MIMAT0000582,24268,0
MIMAT0019947,3385,1
MIMAT0015359,5288826,0
hsa_circ_0000517,3496,0
MIMAT0003290,119307,0
MIMAT0005917,6857599,0
100506175,5284583,0
MIMAT0000089,2520,1
MIMAT0014006,3121,0
MIMAT0000381,91820602,0
hsa_circ_0003484,9898279,0
MIMAT0004853,104741,0
MIMAT0000706,56843276,0
MIMAT0000087,60750,1
hsa_circ_0022382,11228183,0
hsa_circ_0000907,5789,0
MIMAT0005899,896,0
MIMAT0018085,42890,0
581,452548,0
MIMAT0015069,91466,0
MIMAT0000091,37542,0
hsa_circ_0056281,446556,0
MIMAT0000141,1130,0
MIMAT0000380,544,0
100129029,5394,1
MIMAT0005870,5360373,0
6175,2336,0
MIMAT0004704,31703,1
hsa_circ_0060516,3220,0
hsa_circ_0084606,5282350,0
MIMAT0000782,11960529,0
MIMAT0005796,216239,0
MIMAT0011462,89594,1
MIMAT0003273,442972,0
MIMAT0019021,5755,0
MIMAT0000460,36314,1
MIMAT0002805,9826528,0
103352670,65015,0
hsa_circ_0072805,5538,0
hsa_circ_0002755,5280448,0
MIMAT0002055,439260,0
MIMAT0019740,544,0
MIMAT0000510,36462,1
MIMAT0000690,24268,0
MIMAT0005896,124886,0
MIMAT0004540,5865,0
100506881,123596,0
MIMAT0002872,60838,1
MIMAT0000087,1673,1
hsa_circ_0001445,13089,0
100130700,41867,0
MIMAT0015070,3763,0
100132529,4158,0
100652739,4946,0
MIMAT0003179,5943,1
1832,141643,0
100126791,460612,0
MIMAT0003393,3385,1
MIMAT0004481,6041,0
100652772,6623,0
MIMAT0001734,3062316,0
MIMAT0015001,3496,0
MIMAT0000273,216345,0
hsa_circ_0003552,5288209,0
MIMAT0015188,455658,0
hsa_circ_0003738,37542,0
MIMAT0002940,3019,0
MIMAT0001541,5978,0
MIMAT0001037,4091,0
100874131,3019,0
101927136,222757,0
MIMAT0000536,5757,1
MIMAT0000454,25183872,0
MIMAT0004748,455658,0
MIMAT0005580,1176,0
MIMAT0015055,5997,0
101927282,56843276,0
MIMAT0004812,5329102,0
hsa_circ_0089652,446556,0
MIMAT0019928,3779,0
MIMAT0005293,3386,0
MIMAT0000084,451668,1
MIMAT0004957,5793,1
hsa_circ_0006606,5284616,0
102800310,71496458,0
100506990,60838,0
hsa_circ_0072567,42611257,0
MIMAT0000893,5865,0
MIMAT0004234,5280795,0
hsa_circ_0002402,15951529,1
147947,3103,0
MIMAT0000812,47936,0
390963,208908,0
100507053,6918289,0
hsa_circ_0046263,11228183,0
101927282,104842,0
102724312,3902,0
hsa_circ_0000120,38904,0
hsa_circ_0000524,9700,0
MIMAT0001798,15625,1
MIMAT0000733,119104,0
hsa_circ_0029426,15951529,1
100996335,222528,0
MIMAT0000608,644241,0
MIMAT0004496,445154,0
MIMAT0018961,65110,0
MIMAT0000838,3690,0
101929059,16078949,0
MIMAT0000252,31703,1
MIMAT0000273,3385,1
MIMAT0000094,148124,1
hsa_circ_0006174,3028194,0
MIMAT0004585,5462222,0
645687,11228183,0
5997,5746,0
MIMAT0003453,44259,0
MIMAT0004797,4829,0
MIMAT0001825,60838,0
hsa_circ_0008087,15951529,1
101928880,265237,0
MIMAT0000378,11226684,0
MIMAT0004841,9444,0
100874058,5394,1
MIMAT0000134,8490,1
339240,1548943,0
MIMAT0000256,135403648,1
MIMAT0005863,56649450,0
MIMAT0000521,8490,1
54660,636397,0
MIMAT0000248,60700,0
MIMAT0001805,446556,0
MIMAT0000101,54675776,0
hsa_circ_0000919,5881,0
101927932,3690,0
MIMAT0001275,31703,0
MIMAT0037307,5280961,0
MIMAT0002807,1130,0
MIMAT0001338,54454,0
MIMAT0005596,8029,0
MIMAT0015077,11226684,0
MIMAT0022496,123631,1
MIMAT0001837,15939,0
23410,3006531,0
MIMAT0000653,667639,0
MIMAT0015136,5950,0
MIMAT0000873,3488,0
MIMAT0004538,5318517,0
MIMAT0000367,6410,1
100128398,439530,0
MIMAT0003882,36314,1
hsa_circ_0002669,5280448,0
MIMAT0001273,4891,0
MIMAT0003251,5359268,0
100505530,6918289,0
MIMAT0001537,122724,0
MIMAT0000632,176870,0
101101772,4624,0
26080,3488,0
hsa_circ_0045219,15625,0
642633,24978538,0
hsa_circ_0005415,3385,0
MIMAT0005788,42890,0
101928979,5394,1
MIMAT0005951,3385,1
MIMAT0003880,24759,0
MIMAT0000684,5311,1
hsa_circ_0000237,448013,0
MIMAT0004861,3652,0
173401,91466,0
MIMAT0000983,64971,0
hsa_circ_0001203,31401,0
MIMAT0000227,3385,1
hsa_circ_0026349,441074,0
MIMAT0004928,3821,0
MIMAT0019778,56843276,0
MIMAT0002806,54670067,1
hsa_circ_0046265,969516,0
MIMAT0016876,2907,0
MIMAT0000674,6253,0
hsa_circ_0092303,5280448,0
102724105,148124,0
hsa_circ_0049462,5073,0
MIMAT0004943,77999,0
MIMAT0004808,123631,0
MIMAT0001783,5288209,0
MIMAT0004695,17754356,0
MIMAT0005591,3121,0
MIMAT0000251,5280448,0
MIMAT0002882,5280951,0
MIMAT0000101,712,1
104644205,60838,0
MIMAT0000090,49803145,0
MIMAT0000571,4033,0
MIMAT0026473,5206,0
MIMAT0003187,2187,0
hsa_circ_0003695,43815,0
100126793,13089,0
hsa_circ_0003620,442793,0
hsa_circ_0008382,3101,0
MIMAT0003495,8378,0
MIMAT0004807,10635,0
25981,54671203,0
MIMAT0004587,5951,0
MIMAT0001635,36314,1
MIMAT0000244,14888,1
728613,544,0
MIMAT0000074,3385,1
MIMAT0004972,2244,0
MIMAT0004845,1130,0
MIMAT0003179,1983,1
MIMAT0002170,5280360,0
MIMAT0000687,3121,0
MIMAT0003119,455658,0
MIMAT0000690,31703,1
MIMAT0000247,8490,1
MIMAT0018975,49803145,0
MIMAT0003482,60823,1
MIMAT0000417,4946,0
MIMAT0015323,42611257,0
MIMAT0001638,5352624,0
MIMAT0000711,60838,0
hsa_circ_0078605,4641,0
646626,644241,0
MIMAT0003375,443586,1
MIMAT0000230,8490,1
MIMAT0013989,5281929,0
MIMAT0000554,1673,0
105373984,7222,0
MIMAT0000727,60780,1
MIMAT0003324,2733,0
MIMAT0002174,1983,0
MIMAT0000442,2375,1
MIMAT0002826,60838,0
hsa_circ_0004709,119307,0
101927666,77999,0
MIMAT0017950,4091,0
MIMAT0015194,2051,0
hsa_circ_0086694,54670067,0
MIMAT0000256,3229,1
MIMAT0019855,145858,0
MIMAT0000727,2733526,1
MIMAT0004923,5284373,0
MIMAT0004982,119307,1
55647,91466,0
hsa_circ_0080975,126941,1
MIMAT0001783,23973,0
MIMAT0000278,229455,1
MIMAT0004700,5460341,0
MIMAT0004495,6918837,0
hsa_circ_0065264,104758,0
MIMAT0000765,2767,1
MIMAT0003130,156413,0
hsa_circ_0028098,30323,0
100270828,4943,0
101928307,216326,0
MIMAT0000454,9064,0
MIMAT0000771,2767,1
MIMAT0001079,1110,0
MIMAT0000595,3902,0
MIMAT0004603,60198,0
hsa_circ_0006117,44259,0
728374,4943,0
MIMAT0000852,10184653,0
6101,6037,0
MIMAT0000731,5288826,0
MIMAT0000158,5206,1
MIMAT0019055,6037,0
MIMAT0001822,65348,0
102724246,5951,0
hsa_circ_0002060,108065,0
MIMAT0000524,4091,0
MIMAT0019045,3385,1
MIMAT0003122,5943,1
MIMAT0002177,9064,1
MIMAT0000254,36314,1
MIMAT0002174,5222465,0
MIMAT0000691,210332,0
MIMAT0000142,53232,0
MIMAT0000782,3779,1
MIMAT0000760,5280795,1
MIMAT0001698,126941,0
100506498,64971,0
MIMAT0001639,9826528,0
MIMAT0001639,24180719,1
MIMAT0000874,104746,0
MIMAT0000671,16078949,0
hsa_circ_0008702,4091,0
MIMAT0005322,53232,0
MIMAT0000076,6253,1
100499177,64971,0
MIMAT0003331,6167,0
MIMAT0004643,123865,0
100144597,5288209,0
MIMAT0004558,449171,0
hsa_circ_0026349,138374198,0
MIMAT0015169,8029,0
hsa_circ_0002654,451668,0
MIMAT0000818,71496458,0
MIMAT0004696,5994,1
MIMAT0007881,30323,0
MIMAT0004481,442428,0
MIMAT0000158,445580,0
101927667,122634,0
643446,544,0
MIMAT0004187,5212,0
100073347,2723601,0
MIMAT0000833,5816,0
7473,14888,0
MIMAT0004558,5281614,0
MIMAT0000715,11953817,0
hsa_circ_0059216,442793,0
hsa_circ_0009012,636397,0
MIMAT0005901,11953817,0
100507099,74483,0
MIMAT0001069,5459308,0
MIMAT0004708,969516,0
MIMAT0015083,6857599,0
MIMAT0000224,261000,0
MIMAT0000373,4763,0
MIMAT0014988,638278,0
MIMAT0004949,5865,0
MIMAT0004876,216239,0
MIMAT0000086,8029,0
hsa_circ_0047663,1832,0
MIMAT0000704,5291,0
MIMAT0000066,5291,1
692205,2236,0
MIMAT0000270,1130,0
MIMAT0018071,6041,0
100506668,36314,1
7508,2723601,0
MIMAT0015070,3385,1
MIMAT0004888,5793,0
hsa_circ_0005235,24180719,0
MIMAT0016889,43815,0
23015,11433190,0
hsa_circ_0040203,13342,0
MIMAT0005966,9444,0
hsa_circ_0033144,91820602,0
MIMAT0000828,24978538,0
MIMAT0003888,123631,1
hsa_circ_0080209,122724,0
101928710,47936,0
MIMAT0000089,4943,0
MIMAT0005907,72304,1
MIMAT0001338,5746,0
MIMAT0003393,6057,0
hsa_circ_0008389,108065,0
MIMAT0005914,15939,0
hsa_circ_0000074,4095,0
MIMAT0001779,208908,0
hsa_circ_0002060,3019,0
MIMAT0002817,60750,1
MIMAT0000262,60750,1
MIMAT0019032,3385,1
MIMAT0005442,5757,0
MIMAT0000796,638278,0
hsa_circ_0005949,4033,0
MIMAT0000419,712,1
MIMAT0003307,2767,1
MIMAT0002863,16132265,0
MIMAT0002811,5394,0
MIMAT0005588,42611257,0
MIMAT0015070,4095,0
245,1673,0
MIMAT0000246,2336,1
MIMAT0014817,15625,0
100507098,6442177,0
MIMAT0000417,5281929,0
MIMAT0000705,3385,1
MIMAT0025580,2578,0
MIMAT0000663,15,0
MIMAT0000449,122634,1
100128675,41867,0
hsa_circ_0047253,10184653,0
MIMAT0015002,5789,0
MIMAT0001534,8029,1
MIMAT0019017,5280951,0
27004,3385,0
hsa_circ_0041252,15951529,1
100131814,31703,0
MIMAT0004498,6279,0
MIMAT0000800,3652,0
5728,6857599,1
MIMAT0000442,47725,1
101927155,162282,0
100507006,1110,0
hsa_circ_0063776,53232,0
MIMAT0015010,5793,0
MIMAT0004920,2767,1
hsa_circ_0014737,56649450,0
MIMAT0000680,5281708,0
hsa_circ_0000554,4624,0
MIMAT0004284,3220,1
MIMAT0005593,3385,1
100128054,24497,0
MIMAT0003241,77999,0
MIMAT0003401,784,0
MIMAT0014005,451668,0
hsa_circ_0036056,65064,0
MIMAT0005853,6410,1
hsa_circ_0002082,3961,0
MIMAT0003347,5959,0
hsa_circ_0047444,455658,0
MIMAT0005796,21109,0
102724927,5280427,0
MIMAT0000517,2662,0
MIMAT0000269,1175,0
MIMAT0003172,5288826,0
MIMAT0002809,60823,1
MIMAT0005942,60750,1
hsa_circ_0001545,108065,0
MIMAT0005847,449171,0
MIMAT0001821,122634,0
hsa_circ_0009594,23939,0
26033,91820602,0
MIMAT0005826,446556,0
25855,3397,0
MIMAT0000520,60823,1
hsa_circ_0008310,3397,0
101926978,6036,0
hsa_circ_0063577,5073,0
hsa_circ_0015796,49803145,0
hsa_circ_0031288,5311,0
MIMAT0004673,6623,0
MIMAT0000760,712,1
MIMAT0000440,216345,0
hsa_circ_0007031,985,0
hsa_circ_0001055,11556711,0
MIMAT0018074,3779,0
hsa_circ_0077216,4091,0
MIMAT0014023,241,0
MIMAT0002174,5280795,0
MIMAT0002104,5381226,0
MIMAT0000724,3385,1
MIMAT0000428,5394,1
MIMAT0005319,65348,0
hsa_circ_0061891,7222,0
MIMAT0019018,6076,0
MIMAT0004504,13342,0
hsa_circ_0040466,702,0
MIMAT0018961,9949648,0
MIMAT0001069,10836,0
MIMAT0002805,12967,0
MIMAT0019958,2907,0
MIMAT0004505,2733526,0
hsa_circ_0023610,5288209,0
MIMAT0001633,5283344,0
MIMAT0000800,439260,0
MIMAT0018179,1674,0
101928516,60750,0
MIMAT0000812,9700,0
8452,65110,0
MIMAT0004234,10621,0
MIMAT0000259,2733526,1
MIMAT0000420,5291,1
MIMAT0000605,13342,0
MIMAT0019762,445434,0
MIMAT0000785,253602,0
100505592,3345,0
MIMAT0015143,138374198,0
MIMAT0000680,444732,1
MIMAT0003894,5943,0
MIMAT0001372,2723601,0
hsa_circ_0003438,6057,0
100033421,9700,0
MIMAT0000207,5212,0
387723,5816,0
MIMAT0000068,460612,1
MIMAT0001370,11626560,0
101927718,10184653,0
MIMAT0003884,31401,0
MIMAT0003321,451668,1
28996,4946,0
MIMAT0006778,444795,0
hsa_circ_0032683,104842,0
MIMAT0004586,54454,0
645954,6167,0
hsa_circ_0001372,126941,0
MIMAT0016925,31703,1
hsa_circ_0022963,64971,0
MIMAT0003300,5310940,1
MIMAT0002819,36462,0
MIMAT0016907,138374198,0
MIMAT0000084,1673,0
MIMAT0000860,47936,0
MIMAT0000177,5743,0
MIMAT0001778,74483,1
MIMAT0004945,6623,0
MIMAT0014004,5282350,0
MIMAT0004702,3821,0
100132891,44631912,0
MIMAT0003152,896,0
hsa_circ_0005763,3902,0
MIMAT0005591,5865,1
MIMAT0002174,3385,1
MIMAT0003898,5284616,0
hsa_circ_0088485,216239,0
100505532,784,0
MIMAT0017002,5281004,0
MIMAT0004813,2767,1
MIMAT0018068,43815,0
hsa_circ_0026302,3103,0
MIMAT0001289,3028194,0
MIMAT0000270,448537,1
100506498,31703,0
hsa_circ_0002961,6036,0
hsa_circ_0003484,5318517,0
MIMAT0000798,445154,1
MIMAT0003211,5757,1
MIMAT0003507,9576410,0
hsa_circ_0038366,1674,0
MIMAT0002830,36314,0
MIMAT0000661,60823,1
MIMAT0001289,9931953,0
MIMAT0000205,122724,0
MIMAT0003385,60953,0
MIMAT0004798,3007,0
MIMAT0003331,123631,1
MIMAT0000574,49803145,0
hsa_circ_0000520,5951,0
MIMAT0015189,38904,0
MIMAT0002805,91820602,0
MIMAT0003295,25227436,0
MIMAT0003457,443586,1
hsa_circ_0006862,439260,0
10988,5360373,0
MIMAT0004695,30323,0
MIMAT0000812,1207,0
hsa_circ_0002402,31703,0
MIMAT0001809,784,0
101929395,2995,0
MIMAT0000607,1548943,0
MIMAT0003248,9826528,0
MIMAT0003162,5394,0
hsa_circ_0068458,2767,1
MIMAT0015042,2236,0
100128054,122724,0
MIMAT0005280,11626560,0
MIMAT0000421,5462222,0
MIMAT0001068,41867,0
hsa_circ_0059216,25183872,0
MIMAT0004920,31703,1
MIMAT0002843,42113,0
103352670,91466,0
hsa_circ_0001122,5394,0
hsa_circ_0058361,5641,0
hsa_circ_0008554,4829,0
hsa_circ_0019088,24759,0
MIMAT0002805,36462,0
MIMAT0015157,16132265,0
MIMAT0000646,9826528,1
645687,3229,0
MIMAT0014999,3019,0
MIMAT0019003,15939,0
MIMAT0003764,74483,1
105374104,122634,0
MIMAT0000717,5281929,0
hsa_circ_0081001,104758,0
MIMAT0000523,6036,0
MIMAT0015166,5959,0
MIMAT0000275,5743,0
MIMAT0000692,4943,0
hsa_circ_0006117,445154,0
MIMAT0000867,222757,0
hsa_circ_0001203,54670067,0
MIMAT0003327,3062316,0
MIMAT0009448,689043,0
hsa_circ_0009618,3690,0
MIMAT0004508,93004,0
MIMAT0000828,11960529,0
hsa_circ_0085495,1176,0
MIMAT0004978,123631,0
MIMAT0003254,5280427,0
hsa_circ_0067352,3657,0
MIMAT0003727,3121,1
MIMAT0000253,444795,1
MIMAT0000419,156413,0
MIMAT0019878,24180719,1
hsa_circ_0005741,445580,0
MIMAT0001882,74483,1
MIMAT0005943,5641,0
MIMAT0016925,444795,0
MIMAT0005576,60700,1
441307,60780,0
MIMAT0003312,448537,1
MIMAT0015138,1673,0
101927056,25262965,0
MIMAT0000772,448537,1
MIMAT0006765,5816,0
hsa_circ_0006004,6410,0
MIMAT0002860,3821,0
hsa_circ_0080209,119104,0
MIMAT0004773,60750,1
MIMAT0014031,5360373,0
MIMAT0004514,439260,0
MIMAT0004503,3657,0
MIMAT0000449,122724,0
MIMAT0001072,9915743,0
101928517,8378,0
MIMAT0001810,1673,0
hsa_circ_0001345,41867,0
MIMAT0001372,6440495,0
MIMAT0005917,24268,0
MIMAT0000152,126941,0
MIMAT0001837,460612,0
MIMAT0005799,445580,1
hsa_circ_0002089,11960529,0
MIMAT0002809,5291,1
7040,3007,0
101927416,44631912,0
MIMAT0001841,3220,0
MIMAT0000104,5291,1
MIMAT0000763,5222465,0
MIMAT0001773,4891,0
MIMAT0004983,638278,0
MIMAT0019757,1207,0
MIMAT0000690,5291,1
MIMAT0018068,439530,0
MIMAT0000103,2767,1
111216284,9700,0
MIMAT0000531,3019,0
MIMAT0000208,46843772,0
MIMAT0000299,5460341,0
MIMAT0004911,5381226,0
MIMAT0000838,6440495,1
MIMAT0015142,5284616,0
101927891,5394,1
MIMAT0000821,451668,0
MIMAT0015083,17754356,0
MIMAT0019887,11626560,0
101928530,4763,0
MIMAT0001632,24288,0
503637,2520,0
100287082,667639,0
1832,5361,0
MIMAT0001705,2051,0
645954,5284583,0
MIMAT0003473,5462222,0
MIMAT0000726,31703,1
MIMAT0000443,36314,1
MIMAT0019708,3117,0
hsa_circ_0000326,38904,0
MIMAT0001781,9576410,0
MIMAT0000099,712,1
101927171,65015,0
MIMAT0001728,455658,0
MIMAT0000222,387447,1
1591,5755,0
MIMAT0016889,97226,1
MIMAT0004233,5280453,0
hsa_circ_0025135,6115,0
MIMAT0000076,702,1
MIMAT0003213,176870,0
MIMAT0000076,657237,1
MIMAT0003260,38904,1
MIMAT0003466,8378,0
MIMAT0004893,10635,0
MIMAT0000822,14403,0
hsa_circ_0000285,2520,0
MIMAT0000222,36314,1
101927155,387447,0
MIMAT0002883,148124,1
MIMAT0000252,145858,1
hsa_circ_0013055,5282350,0
MIMAT0005844,5281004,1
MIMAT0011778,5280453,0
MIMAT0004489,43815,0
MIMAT0000222,712,1
hsa_circ_0001497,15951529,1
MIMAT0004605,13342,0
MIMAT0003180,3385,1
MIMAT0003948,6037,0
MIMAT0013989,17754356,0
MIMAT0001876,176870,0
MIMAT0015048,3386,0
MIMAT0015158,1175,0
645954,3779,0
MIMAT0000444,10184653,0
MIMAT0014024,93004,0
MIMAT0000090,7222,0
MIMAT0006700,3821,0
MIMAT0003296,5793,1
MIMAT0003239,439260,0
hsa_circ_0087861,6623,0
6101,25183872,0
MIMAT0003464,3007,0
hsa_circ_0000648,25227436,0
MIMAT0005596,2995,0
MIMAT0000318,47725,1
hsa_circ_0000036,462382,0
100533955,28486,0
hsa_circ_0000211,15951529,1
hsa_circ_0000673,4891,0
101928978,442972,0
MIMAT0000139,5757,1
MIMAT0004920,10184653,0
MIMAT0005871,28486,0
hsa_circ_0092315,56843276,0
hsa_circ_0075402,3386,0
100652736,5318517,0
hsa_circ_0022383,387447,0
MIMAT0004605,119307,1
MIMAT0005293,24759,0
hsa_circ_0004087,5459308,0
MIMAT0000733,9444,0
MIMAT0022692,12967,0
MIMAT0000065,119307,1
100132169,5280795,0
100506542,91466,0
MIMAT0002111,6918289,0
hsa_circ_0036683,451668,0
hsa_circ_0003605,11626560,0
MIMAT0000462,6918837,0
MIMAT0015097,2662,0
MIMAT0018184,3488,0
MIMAT0019919,2767,1
100129075,5073,0
MIMAT0004596,2995,0
MIMAT0009391,2578,0
100506258,5394,1
MIMAT0002176,60750,0
100874284,44259,0
MIMAT0000759,42890,0
MIMAT0003331,13342,0
hsa_circ_0065932,3229,0
MIMAT0014048,10635,0
MIMAT0001413,171548,0
MIMAT0001091,210332,1
MIMAT0000266,3229,1
MIMAT0001331,126941,0
MIMAT0000571,25244711,0
101805492,265237,0
100996259,5394,1
MIMAT0005834,5281004,0
MIMAT0026620,47289,0
MIMAT0002172,38904,0
MIMAT0000151,2662,0
102724312,5394,1
100874095,5994,0
MIMAT0000808,5641,0
5970,5280445,0
6301,122634,0
MIMAT0000855,2733526,0
MIMAT0005596,47936,0
102724434,5394,1
654433,5394,1
MIMAT0003282,54671203,0
100505929,6036,0
MIMAT0001805,24288,0
MIMAT0000069,448537,1
101928103,5743,0
MIMAT0005580,5462222,0
MIMAT0004703,23939,0
2149,44259,0
MIMAT0004981,36314,1
344887,6106,0
MIMAT0001080,5281708,0
100287216,3007,0
105379054,3779,0
hsa_circ_0011385,15951529,1
MIMAT0000608,10621,0
MIMAT0000433,8378,1
MIMAT0019826,5997,0
MIMAT0013989,448537,0
339240,445639,0
MIMAT0000366,6442177,0
MIMAT0015144,42611257,0
101927934,5394,1
101929395,712,0
MIMAT0000567,638278,0
MIMAT0005932,6505803,0
hsa_circ_0056790,5538,0
28996,3652,0
MIMAT0003298,5280453,1
hsa_circ_0000237,6041,0
MIMAT0019732,5789,0
MIMAT0018982,3220,0
hsa_circ_0002955,60852,0
MIMAT0003258,2767,1
MIMAT0005837,16197265,0
101928161,135403648,0
hsa_circ_0006884,9547215,0
100126799,72304,0
hsa_circ_0025054,4212,0
MIMAT0018085,451668,0
MIMAT0003281,10621,0
hsa_circ_0003967,5073,0
MIMAT0000223,42890,0
101928979,2733526,0
MIMAT0007869,11960529,0
103689912,5394,1
hsa_circ_0011245,24268,0
MIMAT0003286,1176,0
MIMAT0019963,60852,0
MIMAT0000820,8378,0
MIMAT0001768,9547215,0
MIMAT0003330,2723601,0
MIMAT0004533,3006531,0
hsa_circ_0047663,72304,0
MIMAT0005280,3345,0
MIMAT0000239,444732,1
MIMAT0005863,3496,0
MIMAT0019716,3071,0
MIMAT0000589,439260,0
MIMAT0003208,60953,0
MIMAT0015344,37542,0
MIMAT0004911,12967,0
MIMAT0003190,38904,0
441666,123631,0
MIMAT0000072,91820602,1
MIMAT0000429,31703,1
286333,4763,0
MIMAT0000461,969516,1
MIMAT0018361,21633059,0
7473,9576410,0
MIMAT0003782,16132265,0
hsa_circ_0060516,11953817,0
hsa_circ_0022378,2236,0
102724434,6041,0
106481742,5994,0
MIMAT0004694,6089,0
101929574,3345,0
MIMAT0005459,5310940,1
MIMAT0003385,164676,0
MIMAT0000427,77999,0
MIMAT0000278,5352624,0
MIMAT0026719,5793,1
hsa_circ_0004954,5281614,0
MIMAT0004738,93004,0
MIMAT0000445,14888,1
hsa_circ_0003748,6442177,0
MIMAT0003496,36462,0
390963,17754356,0
hsa_circ_0004217,449171,0
MIMAT0002882,969516,1
MIMAT0003189,5280343,1
100130889,5959,0
MIMAT0003306,5329102,1
MIMAT0000065,6918289,0
hsa_circ_0045219,460612,0
MIMAT0003479,15,0
hsa_circ_0026153,44259,0
MIMAT0004646,5959,0
hsa_circ_0001258,5281811,0
hsa_circ_0006913,702,0
MIMAT0000257,216239,1
MIMAT0004531,3121,0
MIMAT0000276,544,0
hsa_circ_0000861,8029,0
100506930,107985,0
hsa_circ_0013055,985,0
106481742,73581,0
hsa_circ_0087856,2051,0
hsa_circ_0001171,285033,0
MIMAT0000736,65064,0
MIMAT0015024,6115,0
MIMAT0000281,5310940,1
MIMAT0004825,5311,0
MIMAT0003237,2995,0
MIMAT0000429,3385,1
MIMAT0014003,5280360,0
MIMAT0001631,6857599,1
MIMAT0000198,5994,0
MIMAT0000256,3385,1
hsa_circ_0007148,5359268,0
MIMAT0015324,5359268,0
MIMAT0018121,5035,0
hsa_circ_0083530,5284583,0
MIMAT0019045,23973,0
MIMAT0000773,15625,0
MIMAT0001542,222528,0
100271297,24821094,0
MIMAT0019928,138374198,0
MIMAT0005572,5951,0
hsa_circ_0068458,31703,1
MIMAT0019003,2662,0
100073347,11635763,0
hsa_circ_0030999,36314,1
MIMAT0000242,5865,1
hsa_circ_0004771,91820602,0
MIMAT0001423,5538,0
MIMAT0000711,5359268,0
MIMAT0015169,56649450,0
hsa_circ_0062865,60780,0
MIMAT0001785,5755,0
100132891,444795,0
MIMAT0001582,54671203,0
344887,5361,0
hsa_circ_0007283,4095,0
10984,24497,0
102723465,49803145,0
MIMAT0006587,89594,1
MIMAT0000435,135403648,0
hsa_circ_0001122,60750,0
MIMAT0015338,91820602,0
hsa_circ_0000255,126941,0
100616668,6076,0
MIMAT0004747,12967,1
MIMAT0004858,15625,1
MIMAT0000741,5280453,0
MIMAT0004536,72304,0
MIMAT0014009,135403648,0
MIMAT0001390,285033,0
102723099,445858,0
101929120,176870,0
MIMAT0000757,712,1
hsa_circ_0068514,42890,0
101928495,13342,0
MIMAT0005827,5280951,0
hsa_circ_0007326,60780,0
hsa_circ_0038090,5073,0
hsa_circ_0006382,14888,0
MIMAT0000546,49803145,0
MIMAT0016918,15,0
MIMAT0003894,77999,0
100873920,2578,0
MIMAT0019887,9700,0
MIMAT0003241,2733526,0
MIMAT0015010,1175,0
hsa_circ_0021727,5881,0
hsa_circ_0002761,56843276,0
MIMAT0015038,5280961,0
101927642,5394,1
hsa_circ_0000648,455658,0
hsa_circ_0004315,444254,0
MIMAT0004930,5881,0
hsa_circ_0004029,15951529,1
MIMAT0012735,138374198,0
MIMAT0003389,171548,0
100292680,6857599,1
MIMAT0005031,4829,0
MIMAT0000883,16132265,1
100507053,104746,0
hsa_circ_0039261,2375,0
MIMAT0014022,4891,0
MIMAT0000842,162282,0
MIMAT0004229,123865,0
MIMAT0003187,702,0
MIMAT0004897,24360,0
MIMAT0003322,3385,1
MIMAT0004497,5951,0
MIMAT0000804,261000,0
MIMAT0000243,13342,1
MIMAT0000552,6857599,0
MIMAT0000747,446220,1
hsa_circ_0008389,15951529,1
MIMAT0018104,5943,0
MIMAT0003119,5746,0
MIMAT0000562,2733,0
MIMAT0000899,5282350,0
MIMAT0004942,229455,0
hsa_circ_0028299,9547215,0
414243,6167,0
MIMAT0015014,36314,1
MIMAT0007885,5951,0
MIMAT0000281,5994,0
MIMAT0002177,119307,1
MIMAT0003885,148124,1
MIMAT0003459,210332,1
MIMAT0000828,3028194,0
MIMAT0010251,449171,0
MIMAT0005591,5978,1
hsa_circ_0000792,2995,0
MIMAT0000256,969516,1
MIMAT0003247,23939,0
MIMAT0004661,6410,1
MIMAT0015356,23725625,0
MIMAT0016913,2767,1
MIMAT0000782,445154,1
MIMAT0000760,5222465,0
MIMAT0002858,446220,0
MIMAT0006012,5281614,0
MIMAT0000973,3062316,0
MIMAT0015001,208908,0
MIMAT0002835,5035,0
MIMAT0019017,164676,0
hsa_circ_0056048,4763,0
6596,5288209,0
MIMAT0009198,10635,0
MIMAT0003882,5538,0
hsa_circ_0020354,6076,0
MIMAT0000257,5288826,1
MIMAT0004648,3779,1
1397,5288209,0
MIMAT0004916,1673,0
389634,9064,0
MIMAT0015172,5206,0
MIMAT0019002,72301,0
MIMAT0002177,65348,0
MIMAT0000703,2733526,1
101927873,135403648,0
MIMAT0004450,91820602,0
MIMAT0003123,60198,0
MIMAT0019059,23973,0
MIMAT0000256,31401,0
hsa_circ_0007924,64971,0
MIMAT0000510,2767,1
hsa_circ_0002965,11635763,0
MIMAT0000663,8490,1
MIMAT0001805,6037,0
MIMAT0004534,31703,1
hsa_circ_0087963,9700,0
hsa_circ_0040466,5222465,0
hsa_circ_0031241,15951529,1
100506465,5997,0
100506797,47318,0
MIMAT0015337,123631,0
hsa_circ_0083026,104741,0
MIMAT0004952,3763,0
MIMAT0005908,31703,0
MIMAT0000883,60838,0
MIMAT0000063,43815,1
MIMAT0004840,17754356,0
MIMAT0000440,122724,0
MIMAT0003189,16132265,0
MIMAT0000435,148124,1
MIMAT0003305,5281708,0
MIMAT0000643,9915743,0
hsa_circ_0000044,15951529,1
MIMAT0019046,46843772,0
MIMAT0000187,5280896,1
MIMAT0007400,3902,0
MIMAT0000082,4091,1
MIMAT0004674,442428,1
MIMAT0004216,5284583,0
MIMAT0004557,5280427,0
hsa_circ_0003908,455658,0
MIMAT0001708,2662,0
MIMAT0005459,444732,0
MIMAT0000227,60780,1
hsa_circ_0085567,31703,1
hsa_circ_0008001,21633059,0
MIMAT0003895,442428,0
MIMAT0019019,31703,1
MIMAT0000102,462382,0
MIMAT0003323,36462,1
MIMAT0002882,5073,0
MIMAT0001786,3101,0
hsa_circ_0063305,8029,0
MIMAT0004579,443586,1
MIMAT0001796,60852,0
MIMAT0000231,5978,1
105375475,2578,0
MIMAT0005847,37542,0
MIMAT0001289,446556,0
26080,8490,0
101927447,5394,1
MIMAT0001859,444732,0
hsa_circ_0000676,24180719,0
MIMAT0000257,42611257,0
100505648,5394,1
MIMAT0019757,60750,1
MIMAT0014009,65064,0
101928650,460612,0
100652739,13089,0
100128054,5950,0
644649,3397,0
MIMAT0002882,24821094,0
MIMAT0000526,8490,1
101929427,15,0
MIMAT0004574,442793,0
MIMAT0002820,2733526,0
hsa_circ_0006528,65348,0
100505648,5280360,0
MIMAT0005902,210332,0
hsa_circ_0003247,5281004,0
hsa_circ_0000604,5280427,0
MIMAT0005591,14888,0
MIMAT0001867,6036,0
MIMAT0000813,8029,0
hsa_circ_0025054,15951529,1
MIMAT0005903,667639,0
hsa_circ_0092329,14403,0
hsa_circ_0087400,47725,0
MIMAT0000815,2236,1
hsa_circ_0002483,265237,0
MIMAT0001832,1983,0
MIMAT0001700,24268,1
MIMAT0019903,54670067,0
hsa_circ_0048695,229455,0
hsa_circ_0063623,5282350,0
MIMAT0000242,4763,0
MIMAT0018975,2767,0
MIMAT0000649,124886,0
100316868,5288209,0
MIMAT0000816,3821,0
hsa_circ_0043634,56842234,0
MIMAT0000318,31401,0
101927171,30323,0
100128054,60700,0
MIMAT0000067,5280795,1
hsa_circ_0002971,6918289,0
MIMAT0000752,3117,1
MIMAT0004560,444254,0
100133991,12967,0
MIMAT0000523,11707110,0
hsa_circ_0008806,5280343,0
MIMAT0000583,5881,0
hsa_circ_0092276,3117,0
MIMAT0005853,14403,0
104644205,5394,1
MIMAT0001730,2907,0
hsa_circ_0000614,15951529,1
hsa_circ_0060516,16741,0
MIMAT0019827,3071,0
MIMAT0019748,3657,0
MIMAT0000096,15951529,0
100505994,737139,0
MIMAT0001732,24268,1
hsa_circ_0013055,439260,0
hsa_circ_0000676,445154,0
MIMAT0004957,145858,0
MIMAT0007892,171548,0
MIMAT0000100,5793,1
MIMAT0004603,47318,0
MIMAT0000089,451668,1
650226,5280961,0
MIMAT0004661,2336,0
MIMAT0004981,17754356,0
100507246,5318517,0
MIMAT0004956,448537,0
100507099,5978,0
MIMAT0005584,2336,0
hsa_circ_0075281,91820602,0
MIMAT0004520,74483,0
MIMAT0000648,6197,0
339005,5394,1
MIMAT0005788,5994,1
MIMAT0000025,208908,0
MIMAT0015010,5394,0
MIMAT0001341,442972,0
MIMAT0004911,3019,0
55000,6115,0
MIMAT0003312,5943,0
MIMAT0000722,8490,0
hsa_circ_0078654,15951529,1
MIMAT0002867,2520,1
MIMAT0000682,60838,0
hsa_circ_0005235,138374198,0
100033416,5280448,0
645954,13089,0
hsa_circ_0075281,65110,0
hsa_circ_0071196,29327,0
MIMAT0019929,23725625,0
MIMAT0004482,31101,0
hsa_circ_0089863,1674,0
MIMAT0004489,3220,1
MIMAT0003338,6857599,1
MIMAT0000198,985,0
MIMAT0001808,10836,0
MIMAT0002846,5284373,0
MIMAT0000424,60953,0
100379571,2353,0
MIMAT0018081,24497,0
102724077,5394,1
hsa_circ_0048775,8029,0
MIMAT0004592,442793,0
MIMAT0000681,5994,1
hsa_circ_0071174,5329102,0
MIMAT0003296,3385,1
MIMAT0001849,702,1
MIMAT0004578,210332,0
MIMAT0016900,72301,0
101929407,896,0
MIMAT0005031,5291,0
hsa_circ_0041252,1832,0
hsa_circ_0001985,43815,0
MIMAT0015363,14888,0
MIMAT0009201,2767,1
MIMAT0002875,9700,0
101929427,636397,0
MIMAT0004784,46843772,0
MIMAT0002842,5206,0
MIMAT0000273,4158,0
MIMAT0000770,36314,1
MIMAT0000267,135403648,1
hsa_circ_0000324,93004,0
MIMAT0003211,108065,0
MIMAT0000571,3345,1
hsa_circ_0001649,38904,0
MIMAT0000272,71496458,0
100151643,5394,1
MIMAT0001733,65015,0
MIMAT0002868,5280961,0
MIMAT0000235,9826528,0
MIMAT0000140,5212,0
MIMAT0000589,25244711,0
MIMAT0004747,6036,1
100505865,119104,0
MIMAT0010357,737139,0
MIMAT0002174,38904,1
MIMAT0000185,108065,0
hsa_circ_0071106,46843772,0
MIMAT0019879,4091,0
26298,3386,0
MIMAT0004837,3229,0
MIMAT0000074,2520,1
MIMAT0004971,5746,0
MIMAT0001806,5997,0
MIMAT0003186,6001,0
hsa_circ_0020354,2236,0
MIMAT0000270,6468,0
MIMAT0000101,1207,0
MIMAT0000129,122724,0
MIMAT0003310,448013,0
MIMAT0000594,544,0
MIMAT0002849,5881,0
102725045,4158,0
MIMAT0001389,6089,0
MIMAT0004694,74483,0
101927780,54670067,0
hsa_circ_0008771,97226,0
MIMAT0000063,91820602,1
hsa_circ_0079385,5394,0
MIMAT0000053,2353,0
MIMAT0000898,3006531,0
100874284,5310940,0
MIMAT0000855,253602,0
MIMAT0000644,60606,0
hsa_circ_0059910,5793,0
MIMAT0000690,119307,1
MIMAT0004676,123865,0
MIMAT0000617,72301,1
MIMAT0003204,3006531,0
hsa_circ_0079048,47725,0
hsa_circ_0040188,15951529,1
MIMAT0000537,17754356,0
MIMAT0000608,60838,0
MIMAT0005339,12967,0
MIMAT0000143,24268,0
MIMAT0000061,2353,0
hsa_circ_0001329,29327,0
MIMAT0004673,104746,0
MIMAT0048133,71496458,0
MIMAT0019817,3779,0
MIMAT0005837,784,0
MIMAT0018097,31703,1
MIMAT0001768,42611257,0
2149,122634,0
hsa_circ_0062980,5793,0
hsa_circ_0003302,6167,0
hsa_circ_0039930,21109,0
100033413,91466,0
MIMAT0001341,3961,0
MIMAT0001095,16741,0
hsa_circ_0058058,5281004,0
MIMAT0000525,10621,1
100506783,16741,0
MIMAT0000833,3103,0
MIMAT0018191,122634,0
MIMAT0015083,229455,0
MIMAT0004954,5280795,1
MIMAT0001080,5538,0
MIMAT0004882,443586,1
100048912,4943,1
100289255,5280453,0
100506994,2187,0
102724077,1673,0
hsa_circ_0011292,2244,0
MIMAT0013992,164676,0
hsa_circ_0023685,9915743,0
MIMAT0000790,89594,1
546,6857599,1
MIMAT0003465,9826528,0
64859,5282350,0
MIMAT0004639,56843276,1
100506990,11556711,0
hsa_circ_0087400,17754356,0
MIMAT0000082,6505803,0
MIMAT0014817,446220,1
MIMAT0003886,44631912,0
MIMAT0000451,5310940,1
MIMAT0004548,1207,0
MIMAT0000983,60750,0
101928931,8378,0
MIMAT0001280,5222465,0
hsa_circ_0037972,6037,0
100128054,21109,0
MIMAT0003330,5959,0
MIMAT0000898,9915743,0
MIMAT0004949,11707110,0
MIMAT0003295,462382,0
MIMAT0000272,2767,1
MIMAT0005878,3779,0
MIMAT0000792,5743,1
MIMAT0003735,3763,0
MIMAT0019789,77999,0
hsa_circ_0001772,65110,0
MIMAT0004536,8490,1
MIMAT0003496,16741,1
100129662,9915743,0
MIMAT0000822,4624,0
MIMAT0004679,445580,0
MIMAT0000096,3385,1
MIMAT0000769,60606,0
102724246,107985,0
hsa_circ_0000524,124886,0
101929395,16132265,0
hsa_circ_0001235,5035,0
hsa_circ_0069997,9898279,0
hsa_circ_0004964,5288826,0
MIMAT0000084,2733526,1
MIMAT0015014,56842234,0
MIMAT0003898,5462222,0
MIMAT0000246,1983,1
55384,6857599,1
MIMAT0000670,141643,0
hsa_circ_0063179,15951529,1
hsa_circ_0008044,91820602,0
MIMAT0005949,31703,1
MIMAT0002816,2236,0
hsa_circ_0072904,41867,0
MIMAT0002823,9547215,0
MIMAT0007875,443586,1
MIMAT0000081,15625,1
MIMAT0002940,448537,0
MIMAT0000899,2187,0
100873940,208908,0
MIMAT0023617,9547215,0
MIMAT0005580,5284583,0
hsa_circ_0025054,24360,0
5654,3385,0
MIMAT0004979,4763,0
MIMAT0000552,24180719,0
MIMAT0004528,448537,0
MIMAT0012823,43815,0
MIMAT0002061,123865,0
MIMAT0018967,123865,0
MIMAT0000372,1130,0
MIMAT0000270,36314,1
MIMAT0006765,56842234,0
386597,23939,1
100270746,9547215,0
100286844,5743,0
MIMAT0000889,93004,0
MIMAT0004938,1832,0
647946,15,0
MIMAT0003313,60750,1
101927931,5360373,0
MIMAT0001283,3690,0
hsa_circ_0004709,15939,0
hsa_circ_0080212,11228183,0
hsa_circ_0005907,15951529,1
MIMAT0003880,448537,1
MIMAT0002879,5282350,0
MIMAT0003204,5280896,0
MIMAT0001773,91466,0
MIMAT0016900,9826528,0
MIMAT0003180,6013,0
MIMAT0004560,702,1
MIMAT0011446,123596,0
100507632,3345,0
100129794,5280896,0
MIMAT0000431,2723601,0
MIMAT0000848,3652,0
MIMAT0005279,29327,0
MIMAT0000548,5280360,0
MIMAT0000790,5280448,0
MIMAT0003150,148124,1
MIMAT0012822,5743,1
hsa_circ_0080210,6857599,0
MIMAT0005635,285033,0
25850,6505803,0
MIMAT0004692,2767,1
hsa_circ_0001545,54454,0
6494,148124,0
MIMAT0000155,77999,0
MIMAT0005576,3902,0
MIMAT0002847,23725625,0
MIMAT0000858,141643,0
hsa_circ_0022589,462382,0
MIMAT0004605,148124,1
hsa_circ_0003511,689043,0
hsa_circ_0087963,104746,0
MIMAT0003471,6013,0
100132529,10621,0
MIMAT0004888,446556,0
MIMAT0003271,5310940,1
101928650,21633059,0
hsa_circ_0000919,43815,0
MIMAT0019886,91466,0
6494,3006531,0
340811,5311,0
MIMAT0000756,6057,0
hsa_circ_0064808,54670067,0
MIMAT0015043,36314,1
MIMAT0011162,3006531,0
100885775,5816,0
MIMAT0000100,25244711,0
MIMAT0000265,5329102,1
hsa_circ_0030162,6279,0
100506119,3121,0
MIMAT0000229,56649450,0
hsa_circ_0006101,446556,0
MIMAT0002170,2520,1
MIMAT0003458,4763,0
MIMAT0005635,60852,0
MIMAT0019074,60750,1
hsa_circ_0000141,13089,0
100126799,54454,0
hsa_circ_0069997,2244,0
hsa_circ_0037972,107985,0
439949,3690,0
hsa_circ_0000818,6505803,0
MIMAT0000151,443586,1
MIMAT0000589,5318517,0
MIMAT0003377,6041,0
MIMAT0000161,12967,0
MIMAT0001805,5073,0
hsa_circ_0022383,6115,0
hsa_circ_0000453,5280896,0
MIMAT0019718,9826528,0
MIMAT0003330,9931953,0
10517,896,0
100996447,5284583,0
387723,6076,0
MIMAT0018108,210332,0
MIMAT0000256,11707110,0
MIMAT0002873,148124,1
MIMAT0048134,442793,0
MIMAT0000799,216326,0
MIMAT0000128,285033,0
MIMAT0003270,16741,0
100303491,44631912,0
MIMAT0016889,5073,0
MIMAT0001091,47725,0
581,445858,0
MIMAT0000124,5280951,0
MIMAT0001725,156413,0
MIMAT0000279,56842234,1
MIMAT0003335,5284373,0
MIMAT0002816,444732,1
MIMAT0004498,1548943,0
hsa_circ_0088485,24978538,0
MIMAT0000257,444795,1
MIMAT0015187,108065,0
MIMAT0014995,3121,0
MIMAT0003193,2375,0
hsa_circ_0000907,5951,0
100873998,25244711,0
MIMAT0003301,5310940,1
MIMAT0000846,4033,0
MIMAT0001887,667639,0
hsa_circ_0061346,56842234,0
hsa_circ_0077216,65348,0
MIMAT0019778,21109,0
MIMAT0004719,5280795,0
MIMAT0004763,5757,0
MIMAT0004220,108065,0
MIMAT0000756,21633059,0
MIMAT0000846,8490,0
hsa_circ_0004015,60823,0
MIMAT0003227,36462,0
hsa_circ_0072025,644241,0
MIMAT0004979,2578,0
MIMAT0000840,446220,1
hsa_circ_0065264,15951529,1
MIMAT0002845,46843772,0
MIMAT0000860,2236,1
100132169,6089,0
MIMAT0000076,162282,1
MIMAT0000426,5994,1
hsa_circ_0080210,9804992,0
MIMAT0001339,5280453,0
100126793,3071,0
MIMAT0004782,5281004,1
5997,5281614,0
MIMAT0001849,2236,0
101929027,11433190,0
MIMAT0019074,5284583,0
MIMAT0016866,9898279,0
MIMAT0000432,5329102,1
4321,65015,0
MIMAT0001545,2520,1
MIMAT0003737,54454,0
MIMAT0005593,2995,0
101927931,5394,1
MIMAT0000386,5281004,1
MIMAT0003177,44259,0
MIMAT0003475,119104,0
MIMAT0004954,3220,0
MIMAT0000718,4095,0
102724571,448013,0
MIMAT0005593,3220,1
100750225,451668,0
101928858,443586,0
MIMAT0004837,443586,1
MIMAT0000437,5978,1
MIMAT0003339,107985,0
101928509,9700,0
MIMAT0000087,54671203,0
MIMAT0004621,145858,1
MIMAT0003222,15625,0
MIMAT0016890,15625,0
MIMAT0018994,91466,0
MIMAT0000898,6440495,1
hsa_circ_0028864,5282350,0
MIMAT0003291,462382,0
MIMAT0004825,30323,0
101929719,5394,1
MIMAT0004790,5035,0
MIMAT0004497,31401,0
hsa_circ_0037511,712,0
MIMAT0000030,3763,0
MIMAT0003186,54671203,0
MIMAT0000775,11228183,0
MIMAT0000808,2723601,0
MIMAT0000160,6036,1
646024,47936,0
hsa_circ_0031241,114900,0
hsa_circ_0006491,6918289,0
MIMAT0004670,448013,0
MIMAT0014028,91466,0
641516,3488,0
100270746,6918837,0
hsa_circ_0042265,6623,0
hsa_circ_0006522,15951529,1
hsa_circ_0085278,15,0
MIMAT0019963,712,0
MIMAT0000070,644241,1
MIMAT0001289,141643,0
MIMAT0018992,4891,0
MIMAT0000775,9915743,0
MIMAT0018188,65348,0
MIMAT0002852,11556711,0
100130392,6857599,1
MIMAT0000378,5280896,0
MIMAT0015001,11556711,0
MIMAT0000667,5281614,0
MIMAT0004602,5865,0
MIMAT0019868,667639,0
MIMAT0015158,97226,0
MIMAT0000673,8490,1
MIMAT0003407,60700,0
hsa_circ_0040786,65110,0
64002,25244711,0
hsa_circ_0005528,47318,0
MIMAT0000090,5318517,0
MIMAT0004522,65064,0
MIMAT0000818,737139,0
MIMAT0003276,21109,0
MIMAT0005456,3690,0
173401,16078949,0
MIMAT0003882,31401,0
hsa_circ_0075402,5212,0
MIMAT0014008,10184653,0
MIMAT0000804,3386,0
MIMAT0000805,24268,0
MIMAT0002818,12967,0
MIMAT0015166,11228183,0
hsa_circ_0066290,1832,0
MIMAT0002888,6167,0
MIMAT0000648,108065,0
MIMAT0003222,712,0
hsa_circ_0087963,124886,0
MIMAT0004672,442972,0
MIMAT0001773,985,0
MIMAT0004603,896,0
MIMAT0004981,54670067,0
MIMAT0000788,54675776,0
MIMAT0000222,445580,1
hsa_circ_0000519,24978538,0
hsa_circ_0084606,65015,0
MIMAT0001797,21109,0
MIMAT0019045,42611257,0
MIMAT0005439,145858,1
MIMAT0000157,2520,0
285548,15951529,0
MIMAT0000788,4891,0
hsa_circ_0051908,784,0
MIMAT0019826,261004,0
MIMAT0002806,985,0
MIMAT0004646,3386,0
MIMAT0019771,24360,0
MIMAT0000428,3763,0
MIMAT0025412,442428,0
MIMAT0004852,145858,0
415056,97226,0
MIMAT0004237,5793,0
MIMAT0004697,1175,0
100132891,11556711,0
27242,3902,0
MIMAT0004780,5280360,0
MIMAT0000264,2375,0
hsa_circ_0036750,5206,0
MIMAT0015174,5943,0
hsa_circ_0037447,3103,0
hsa_circ_0088681,444795,0
MIMAT0000245,5329102,1
100033439,5394,1
MIMAT0000164,24288,0
hsa_circ_0070617,60700,0
MIMAT0004540,253602,0
MIMAT0000881,89594,1
hsa_circ_0003605,4091,0
MIMAT0015340,71496458,0
MIMAT0000278,4091,1
440993,3345,0
2059,171548,0
MIMAT0004489,1176,0
MIMAT0000874,5310940,0
hsa_circ_0070098,442793,0
hsa_circ_0004771,11228183,0
51352,3071,0
MIMAT0000722,89594,0
MIMAT0004703,65064,0
MIMAT0004542,4829,0
hsa_circ_0055943,253602,0
MIMAT0000443,23973,0
hsa_circ_0025513,5994,0
hsa_circ_0006608,36314,1
MIMAT0005626,91820602,0
MIMAT0001823,24360,0
MIMAT0001788,702,1
100507127,156413,0
MIMAT0009206,9444,0
6425,6037,0
MIMAT0000759,5291,1
hsa_circ_0034067,442428,0
MIMAT0003246,3902,0
MIMAT0004882,4624,0
hsa_circ_0091934,1110,0
MIMAT0003467,12967,0
101928516,5394,1
MIMAT0000218,11635763,0
MIMAT0016878,15625,0
hsa_circ_0050125,6410,0
MIMAT0000268,445434,1
MIMAT0000426,5288209,0
MIMAT0000436,6857599,1
MIMAT0003305,3657,0
MIMAT0000462,5212,0
MIMAT0000775,171548,0
ENSG00000255237,31401,0
MIMAT0004596,216345,0
MIMAT0004907,60823,1
MIMAT0000813,42890,0
MIMAT0000843,5462222,0
MIMAT0003241,6001,0
MIMAT0004952,4624,1
MIMAT0003151,36462,0
MIMAT0000238,9804992,0
MIMAT0015157,15625,0
MIMAT0000224,119104,0
MIMAT0000062,3652,1
MIMAT0000817,896,0
MIMAT0000649,6197,0
MIMAT0000684,3386,0
MIMAT0004921,123631,0
hsa_circ_0002961,4033,0
hsa_circ_0042444,5281708,0
MIMAT0001865,460612,0
hsa_circ_0077216,3103,0
100216479,3488,0
MIMAT0002870,25183872,0
100506126,65015,0
100506465,285033,0
MIMAT0004928,108065,0
hsa_circ_0044556,93004,0
MIMAT0000580,6279,0
MIMAT0001412,31101,0
hsa_circ_0002060,253602,0
MIMAT0000243,36314,1
MIMAT0000084,5757,1
MIMAT0004602,5281004,0
hsa_circ_0018499,3229,0
MIMAT0035720,5352624,0
hsa_circ_0000315,65110,0
MIMAT0000083,148124,1
MIMAT0000372,638278,0
MIMAT0020976,5284616,0
MIMAT0015037,2733,0
MIMAT0001081,65110,0
103752587,2051,0
MIMAT0000245,2375,1
hsa_circ_0058608,657237,0
MIMAT0001806,3220,0
hsa_circ_0002314,442793,0
MIMAT0000690,445154,0
MIMAT0002884,1673,0
MIMAT0003242,5281708,0
MIMAT0000455,1548943,0
MIMAT0015320,5280445,0
MIMAT0004662,5789,0
hsa_circ_0000872,77999,0
100507056,6115,0
MIMAT0004565,24978538,1
MIMAT0003271,5280448,0
MIMAT0004725,439530,0
MIMAT0000568,24821094,0
MIMAT0019021,6106,0
hsa_circ_0017643,222528,0
MIMAT0000252,442428,1
MIMAT0005791,6468,0
hsa_circ_0000858,6857599,1
hsa_circ_0023404,1673,0
MIMAT0000415,60750,1
MIMAT0000823,114900,0
100129662,1832,0
MIMAT0000721,45266826,0
105377105,5282350,0
MIMAT0001630,5329102,0
MIMAT0001706,455658,0
MIMAT0004481,5865,0
MIMAT0001948,16078949,0
100874343,38904,0
MIMAT0003728,145858,1
hsa_circ_0003748,104758,0
MIMAT0004605,216239,0
hsa_circ_0021506,23973,0
100128675,2907,0
hsa_circ_0039216,444795,0
MIMAT0005878,37542,0
MIMAT0004747,446556,0
MIMAT0001020,53232,0
MIMAT0015322,6442177,0
MIMAT0005439,10184653,0
MIMAT0000373,443586,0
MIMAT0001340,6857599,1
MIMAT0004813,737139,0
MIMAT0005939,65015,0
hsa_circ_0078150,4829,0
MIMAT0003507,24497,0
MIMAT0000420,460612,0
MIMAT0015022,5360373,0
hsa_circ_0005513,5460341,0
29128,1175,0
MIMAT0000846,12967,0
MIMAT0000078,123596,0
147947,3028194,0
hsa_circ_0042359,108065,0
MIMAT0015028,544,0
MIMAT0004188,5755,0
100861402,4212,0
9641,135403648,0
MIMAT0003172,1175,0
hsa_circ_0005087,5283344,0
hsa_circ_0081001,2767,1
MIMAT0000071,444254,0
hsa_circ_0072857,5755,0
105374104,4763,0
MIMAT0016878,64971,0
MIMAT0001865,97226,0
MIMAT0001878,6857599,0
MIMAT0004767,445639,0
MIMAT0000765,5291,1
hsa_circ_0000557,5978,0
MIMAT0019721,4033,0
hsa_circ_0001573,15951529,1
MIMAT0001837,3007,0
MIMAT0000076,5997,1
MIMAT0019855,11953817,0
101928880,5206,0
MIMAT0015057,89594,0
hsa_circ_0046263,5222465,0
MIMAT0004871,6279,0
MIMAT0005834,442793,0
MIMAT0004497,107985,0
hsa_circ_0028864,15951529,1
MIMAT0004743,64971,0
MIMAT0000069,5280961,1
MIMAT0000243,2767,1
hsa_circ_0059216,74483,0
MIMAT0004807,702,0
hsa_circ_0005087,443586,0
hsa_circ_0009004,3488,0
hsa_circ_0000519,4091,0
MIMAT0005871,1674,0
MIMAT0004807,449171,0
MIMAT0026558,449171,0
MIMAT0000434,2767,1
MIMAT0004672,5284583,0
MIMAT0003273,46843772,0
100507334,2733526,0
hsa_circ_0001985,253602,0
MIMAT0015035,442793,0
MIMAT0004748,38904,0
MIMAT0005635,24497,0
100499467,6167,0
MIMAT0003466,14403,0
hsa_circ_0002987,49803145,0
MIMAT0000259,31703,1
112267897,2244,0
MIMAT0004491,60750,1
MIMAT0001079,6440495,0
hsa_circ_0001849,3488,0
MIMAT0003485,5206,0
MIMAT0004504,3902,0
581,9576410,0
MIMAT0004635,114900,0
MIMAT0019733,445639,0
MIMAT0003948,10836,0
hsa_circ_0005655,123865,0
147947,108065,0
663,114900,0
MIMAT0000163,1175,0
MIMAT0000138,5641,0
MIMAT0003299,1176,0
MIMAT0003327,4158,0
100873940,11635763,0
MIMAT0004826,445639,0
hsa_circ_0003201,25183872,0
MIMAT0001832,5978,0
MIMAT0019027,5280951,0
MIMAT0017016,5865,0
MIMAT0014022,5359268,0
101927416,2723601,0
MIMAT0000256,36314,1
101929559,452548,0
MIMAT0002176,11626560,0
MIMAT0000799,77999,0
MIMAT0000261,2767,1
MIMAT0000375,1674,0
MIMAT0000432,3220,1
MIMAT0000233,5281004,1
MIMAT0004985,31101,0
MIMAT0000616,1207,0
hsa_circ_0056790,2578,0
162632,969516,0
728558,442972,0
MIMAT0003279,56649450,0
MIMAT0015347,24268,1
MIMAT0003478,6410,1
MIMAT0000251,24821094,0
27303,23973,0
MIMAT0004567,5793,1
MIMAT0000797,636397,0
hsa_circ_0067352,5790,0
MIMAT0001780,3779,0
100507006,6410,0
hsa_circ_0040203,3690,0
hsa_circ_0005623,15625,0
MIMAT0015340,5359268,0
MIMAT0003221,135403648,0
MIMAT0014011,1548943,0
MIMAT0002806,24180719,1
MIMAT0018110,91820602,0
hsa_circ_0072857,5280453,0
MIMAT0001835,5222465,0
MIMAT0002852,2520,1
MIMAT0015041,104842,0
MIMAT0001052,12967,0
MIMAT0000650,445154,0
hsa_circ_0063575,4624,0
MIMAT0000233,8490,1
hsa_circ_0002314,2767,1
hsa_circ_0000760,253602,0
MIMAT0005892,2767,1
MIMAT0004635,60198,0
hsa_circ_0003748,15951529,1
MIMAT0024890,5943,0
MIMAT0001052,2578,0
55384,10836,0
hsa_circ_0049587,442972,0
hsa_circ_0068464,5462222,0
MIMAT0000176,455658,0
MIMAT0000443,41867,1
hsa_circ_0032154,445434,0
MIMAT0003258,10621,0
MIMAT0005943,446556,0
286827,2733526,0
MIMAT0000898,2236,1
MIMAT0001340,47318,0
hsa_circ_0001646,24180719,0
hsa_circ_0017695,5311,0
101927447,89594,0
101929719,5280445,0
MIMAT0000162,8490,1
hsa_circ_0002314,31703,1
MIMAT0015028,12967,0
hsa_circ_0005210,2578,0
MIMAT0001841,31401,0
MIMAT0000131,9898279,0
hsa_circ_0003534,5281811,0
MIMAT0004930,4158,0
MIMAT0003455,241,0
hsa_circ_0001545,135403648,0
MIMAT0000278,6115,1
MIMAT0009447,285033,0
MIMAT0003326,6013,1
102723883,6013,0
MIMAT0002850,638278,0
646576,47725,0
MIMAT0000718,38904,1
hsa_circ_0036391,9547215,0
MIMAT0004572,47289,0
100126299,1673,0
hsa_circ_0007283,5206,0
654433,17754356,0
100506368,2375,0
hsa_circ_0028912,24360,0
105377105,448013,0
650226,15,0
hsa_circ_0005164,11626560,0
MIMAT0000249,8490,1
hsa_circ_0001649,285033,0
MIMAT0000265,60750,1
MIMAT0004808,13342,0
MIMAT0003323,72304,0
MIMAT0000557,2236,0
MIMAT0002879,6167,0
MIMAT0002173,9826528,0
MIMAT0002860,15,0
hsa_circ_0006935,3496,0
MIMAT0005909,5310940,1
hsa_circ_0005949,60750,0
MIMAT0000370,47725,0
MIMAT0004559,1983,0
MIMAT0004236,3229,0
MIMAT0000680,5997,1
652995,5816,0
MIMAT0016925,3902,0
hsa_circ_0008623,442428,0
101929559,37542,0
MIMAT0000874,24360,0
hsa_circ_0005354,15951529,1
MIMAT0004630,10621,1
hsa_circ_0000504,2244,0
MIMAT0004548,5284583,0
MIMAT0019958,1130,0
hsa_circ_0018905,60823,0
hsa_circ_0083530,1175,0
MIMAT0000795,2767,0
111216284,448013,0
MIMAT0003299,11960529,0
MIMAT0011162,702,0
MIMAT0004825,5206,0
hsa_circ_0080210,442793,0
hsa_circ_0006473,171548,0
MIMAT0004697,93004,0
MIMAT0019017,2578,0
MIMAT0000101,148124,0
MIMAT0000680,5280795,1
MIMAT0000141,210332,1
MIMAT0005291,1207,0
100505994,1983,0
64859,3763,0
100132169,2187,0
100144597,16741,0
MIMAT0002819,6167,0
hsa_circ_0008806,54454,0
101927352,14403,0
MIMAT0004507,6106,0
MIMAT0003247,3019,0
MIMAT0018104,6197,0
MIMAT0005933,31703,1
MIMAT0000428,11953817,0
hsa_circ_0005185,3496,0
441666,667639,0
MIMAT0001371,1110,0
MIMAT0000565,5280896,0
MIMAT0000728,36314,1
105379407,44259,0
104266957,176870,0
MIMAT0003455,25183872,0
MIMAT0011432,9949648,0
101928168,261004,0
100033435,5394,1
hsa_circ_0051908,122634,0
MIMAT0014048,10184653,0
286411,4158,0
100507006,5394,1
MIMAT0001331,3229,0
hsa_circ_0006935,712,0
MIMAT0004902,10836,0
hsa_circ_0005655,38904,0
MIMAT0005828,9898279,0
MIMAT0004563,148124,0
hsa_circ_0001296,449171,0
hsa_circ_0000648,29327,0
MIMAT0000729,138374198,0
hsa_circ_0078654,47289,0
MIMAT0000103,5311,1
100874058,23725625,0
649446,36314,0
MIMAT0000247,5538,0
MIMAT0000651,210332,0
MIMAT0000546,3690,0
MIMAT0003453,108065,0
MIMAT0005595,3007,0
MIMAT0004610,446556,0
MIMAT0000540,11960529,0
100506759,5394,1
100996732,36462,0
MIMAT0019958,60823,0
MIMAT0000527,2733526,1
100132529,5280360,0
100132707,5757,0
hsa_circ_0004087,60198,0
MIMAT0001423,74483,1
MIMAT0000243,73581,1
MIMAT0000529,5284616,1
MIMAT0015065,6013,0
100130691,104741,0
MIMAT0000224,9949648,0
MIMAT0015024,222528,0
MIMAT0000782,65015,0
hsa_circ_0030162,712,0
MIMAT0005939,8490,0
100506930,123631,1
MIMAT0000417,13342,1
MIMAT0000644,54670067,0
hsa_circ_0000510,969516,0
MIMAT0004959,31703,1
hsa_circ_0001372,737139,0
hsa_circ_0019088,667639,0
MIMAT0000573,5360373,0
MIMAT0000666,9931953,0
MIMAT0000278,6857599,1
23043,6468,0
hsa_circ_0008870,636397,0
MIMAT0025123,5951,0
MIMAT0003882,5994,0
55000,56843276,0
MIMAT0003500,9547215,0
MIMAT0000650,25227436,0
MIMAT0003180,65064,0
MIMAT0000121,3652,0
MIMAT0000581,11228183,0
MIMAT0004484,644241,0
MIMAT0005847,15625,0
MIMAT0003321,36314,0
MIMAT0000318,60750,1
MIMAT0000076,387447,1
hsa_circ_0015494,5743,0
100128386,6089,0
MIMAT0000249,5288826,0
100507632,5978,1
MIMAT0000617,30323,1
MIMAT0000268,23939,0
MIMAT0004501,91466,0
MIMAT0000763,439260,1
MIMAT0048134,5288826,0
MIMAT0002824,23939,0
hsa_circ_0001667,6623,0
MIMAT0000366,16078949,1
MIMAT0000270,2733526,1
MIMAT0005827,3690,0
MIMAT0019046,3385,1
MIMAT0000459,29327,0
100288798,5394,1
MIMAT0000436,45266826,0
MIMAT0004896,1207,0
MIMAT0000530,455658,0
MIMAT0001015,657237,0
hsa_circ_0032682,15951529,1
MIMAT0000883,446220,1
MIMAT0000540,12967,1
hsa_circ_0073647,171548,0
115804232,6013,0
MIMAT0001812,3019,0
MIMAT0000782,54680783,0
101928880,16078949,0
MIMAT0001825,64971,0
MIMAT0000729,31703,1
MIMAT0003495,2578,0
100144596,441074,0
MIMAT0000774,5743,1
hsa_circ_0006873,60700,0
MIMAT0003380,6037,0
hsa_circ_0001573,3652,0
255812,3397,0
MIMAT0003477,3763,0
hsa_circ_0014737,15951529,1
MIMAT0024890,444732,0
hsa_circ_0063179,122634,0
hsa_circ_0007333,15951529,1
MIMAT0000726,11960529,0
MIMAT0019838,5641,0
MIMAT0015187,216326,0
MIMAT0000104,2733526,1
100132677,253602,0
MIMAT0000421,5997,1
hsa_circ_0000549,4763,0
MIMAT0005278,896,0
MIMAT0003202,11556711,0
100533789,104758,0
MIMAT0001341,119307,1
MIMAT0004721,12967,0
hsa_circ_0085173,5281811,0
hsa_circ_0001372,49803145,0
646024,1176,0
hsa_circ_0004703,5959,0
hsa_circ_0022142,54671203,0
101927718,5394,1
MIMAT0017282,11626560,0
hsa_circ_0000519,72304,0
8454,265237,0
MIMAT0004534,56649450,0
hsa_circ_0000044,2236,0
MIMAT0015170,119104,0
100505839,5281614,0
MIMAT0002849,4624,0
MIMAT0003298,107985,0
hsa_circ_0023610,42113,0
hsa_circ_0002874,2723601,0
hsa_circ_0000287,445434,0
MIMAT0003324,60823,1
MIMAT0003049,4829,0
MIMAT0003259,5951,0
MIMAT0015055,5281929,0
MIMAT0000258,5291,1
645687,24288,0
727896,5997,0
MIMAT0000793,145858,0
hsa_circ_0004934,6857599,0
344595,123865,0
MIMAT0000798,2733,0
MIMAT0019765,24821094,0
6101,2336,0
MIMAT0004810,2995,0
MIMAT0001832,4943,0
hsa_circ_0007148,1130,0
MIMAT0004626,6001,0
hsa_circ_0008310,1983,0
MIMAT0010357,24268,0
101927592,123865,0
MIMAT0000096,60750,1
MIMAT0000813,5280360,0
MIMAT0000255,31703,1
hsa_circ_0051799,6857599,0
MIMAT0018976,208908,0
MIMAT0000090,11226684,0
MIMAT0004948,737139,0
MIMAT0000703,5310940,1
26298,176870,0
MIMAT0004697,3385,1
MIMAT0003291,5280453,0
MIMAT0003756,6440495,0
100128164,5282350,0
hsa_circ_0003738,73581,0
MIMAT0003308,4641,0
hsa_circ_0072837,6076,0
MIMAT0005929,5978,1
51352,445434,0
MIMAT0001788,5281004,0
MIMAT0000820,145858,0
MIMAT0003948,123596,0
MIMAT0001020,23973,1
MIMAT0000261,60750,0
MIMAT0000139,123596,0
hsa_circ_0020460,16197265,0
55647,636397,0
MIMAT0007892,5359268,0
hsa_circ_0040792,77999,0
MIMAT0005794,216239,0
100874363,6076,0
hsa_circ_0048695,60852,0
hsa_circ_0050580,31401,0
MIMAT0000255,36314,1
100131874,10836,0
hsa_circ_0000323,141643,0
MIMAT0017983,97226,0
MIMAT0007401,60823,1
hsa_circ_0001439,1674,0
MIMAT0000689,97226,1
3169,10836,0
MIMAT0000276,53232,0
MIMAT0015063,638278,0
MIMAT0004703,1175,0
MIMAT0002888,2520,1
101928607,21109,0
MIMAT0015022,2767,1
hsa_circ_0070520,644241,0
440925,104746,0
MIMAT0004280,2336,0
hsa_circ_0036391,5206,0
MIMAT0015080,5538,0
MIMAT0014024,261004,0
100885775,442428,0
MIMAT0000129,10621,0
MIMAT0000459,3229,1
hsa_circ_0051899,5950,0
MIMAT0018994,3385,1
MIMAT0003889,54671203,0
MIMAT0004696,969516,1
hsa_circ_0072025,15951529,1
hsa_circ_0047641,91820602,0
hsa_circ_0006691,1130,0
26220,6857599,1
MIMAT0001634,644241,0
MIMAT0000846,24288,0
MIMAT0000082,449171,0
MIMAT0000445,123631,1
MIMAT0004532,6253,0
hsa_circ_0013055,5460341,0
hsa_circ_0018440,60780,0
MIMAT0004574,156413,0
MIMAT0005921,9064,0
MIMAT0000522,119104,0
MIMAT0001080,97226,1
MIMAT0000423,446220,1
MIMAT0004942,14888,0
MIMAT0004520,5793,0
MIMAT0000435,5280961,1
MIMAT0005791,6253,0
MIMAT0004797,14888,0
MIMAT0005868,6918289,0
MIMAT0001634,15625,1
MIMAT0003271,24268,0
hsa_circ_0069574,6167,0
hsa_circ_0066536,42890,0
MIMAT0002857,689043,0
MIMAT0000231,6857599,1
100506542,9700,0
101929423,71496458,0
MIMAT0000682,3385,1
100288798,3007,0
55165,124886,0
MIMAT0003321,448537,1
hsa_circ_0042451,6037,0
MIMAT0004616,5280360,0
MIMAT0000250,3071,0
MIMAT0000866,3690,0
MIMAT0000435,37542,1
MIMAT0000611,2578,0
196968,16741,0
hsa_circ_0075736,119104,0
hsa_circ_0061346,31401,0
MIMAT0019926,1832,0
hsa_circ_0001445,712,0
MIMAT0003457,9898279,0
MIMAT0000714,60606,0
MIMAT0018178,44259,0
MIMAT0004505,104746,0
105375847,4763,0
MIMAT0000664,123596,0
MIMAT0000145,10635,0
MIMAT0004773,702,0
hsa_circ_0001880,5212,0
MIMAT0001074,5280427,0
MIMAT0000645,9576410,0
MIMAT0000064,6623,1
MIMAT0000729,36314,1
MIMAT0004867,5281614,0
hsa_circ_0007059,445434,0
hsa_circ_0008242,216345,0
MIMAT0007881,8378,0
MIMAT0000432,13089,0
MIMAT0000051,11953817,0
100506368,7222,0
MIMAT0003215,6505803,0
hsa_circ_0011292,712,0
MIMAT0004599,5280427,0
MIMAT0000076,13089,1
hsa_circ_0006862,15951529,1
hsa_circ_0036287,387447,0
100506994,6001,0
9383,89594,0
MIMAT0000379,462382,0
MIMAT0004954,24180719,1
hsa_circ_0036688,3229,0
MIMAT0004692,148124,1
100129291,4091,0
MIMAT0018988,25183872,0
MIMAT0000415,3103,0
MIMAT0004802,74483,0
MIMAT0000819,445580,0
MIMAT0000455,31703,1
MIMAT0002174,17754356,0
MIMAT0019006,1207,0
MIMAT0001830,25262965,0
MIMAT0001630,3019,0
hsa_circ_0002976,5281614,0
MIMAT0000072,60750,1
MIMAT0001267,5280951,0
hsa_circ_0005087,6623,0
hsa_circ_0075494,5284583,0
102724105,5978,0
hsa_circ_0003273,5073,0
MIMAT0016863,77999,0
MIMAT0002876,5329102,1
MIMAT0000654,3385,0
MIMAT0015196,6197,0
MIMAT0000091,5865,1
MIMAT0004945,5994,0
101929427,3496,0
hsa_circ_0042444,5943,0
MIMAT0002109,3006531,0
MIMAT0001817,30323,0
MIMAT0000607,445154,0
MIMAT0019934,148124,0
MIMAT0004533,46843772,0
MIMAT0001413,3385,1
MIMAT0015018,3488,0
hsa_circ_0007148,119104,0
hsa_circ_0006941,6918289,0
MIMAT0000873,6115,0
MIMAT0001639,3385,1
100874131,5280453,0
MIMAT0000087,31703,1
MIMAT0001629,25244711,0
100131564,77999,0
MIMAT0003291,5280961,0
MIMAT0004616,5284583,0
MIMAT0005949,8490,0
MIMAT0000796,89594,1
MIMAT0024890,23725625,0
255812,737139,0
MIMAT0000855,5951,0
MIMAT0005896,36314,1
MIMAT0000706,31401,1
MIMAT0004934,6036,1
MIMAT0000095,2520,1
MIMAT0005951,5318517,0
hsa_circ_0076251,11960529,0
101927541,5394,1
MIMAT0005928,712,0
111216284,5222465,0
MIMAT0000129,126941,0
MIMAT0003260,9949648,0
MIMAT0000890,16197265,0
MIMAT0001781,5978,0
hsa_circ_0004029,11626560,0
hsa_circ_0063305,6001,0
100996266,29327,0
100506697,446556,0
MIMAT0003452,689043,0
MIMAT0004948,5310940,1
MIMAT0018967,216345,0
MIMAT0004806,60823,0
MIMAT0000824,162282,0
100033433,667639,0
hsa_circ_0022589,784,0
MIMAT0000798,29327,0
MIMAT0000297,42890,0
MIMAT0000779,5743,1
MIMAT0004495,5311,1
hsa_circ_0005855,4212,0
MIMAT0000608,265237,0
MIMAT0000436,46843772,1
hsa_circ_0074595,1548943,0
286827,2767,0
hsa_circ_0090328,49803145,0
MIMAT0004812,5280951,0
hsa_circ_0000549,3007,0
100506498,15625,0
hsa_circ_0004846,65110,0
MIMAT0000790,445154,1
MIMAT0004682,119307,1
MIMAT0015336,4091,0
MIMAT0004720,123865,0
hsa_circ_0032683,25262965,0
MIMAT0000087,14888,1
100009613,5280453,0
MIMAT0019958,3397,0
MIMAT0000068,135403648,1
MIMAT0000578,1673,0
MIMAT0000124,5206,0
hsa_circ_0001811,16197265,0
MIMAT0005278,5329102,0
103752589,11635763,0
100499405,5360373,0
hsa_circ_0007006,3385,1
hsa_circ_0059910,145858,0
MIMAT0000759,24978538,1
MIMAT0019905,6442177,0
MIMAT0001623,60750,0
hsa_circ_0000763,636397,0
hsa_circ_0008952,104746,0
MIMAT0005917,8490,0
hsa_circ_0050581,119307,0
hsa_circ_0079385,23725625,0
MIMAT0005797,985,0
MIMAT0000710,31703,1
MIMAT0000156,4158,0
MIMAT0019928,387447,0
MIMAT0009206,89594,0
MIMAT0001045,4946,0
MIMAT0000083,108065,0
MIMAT0019765,24497,0
MIMAT0004719,2767,0
hsa_circ_0006156,60780,0
MIMAT0000297,387447,0
MIMAT0005943,54454,0
hsa_circ_0009582,47725,0
MIMAT0019801,452548,0
111216282,6013,0
MIMAT0019936,47318,0
100507500,4891,0
100126793,4212,0
MIMAT0017134,2733526,1
MIMAT0001771,74483,1
hsa_circ_0061891,3019,0
MIMAT0005880,3385,1
MIMAT0005933,11953817,0
hsa_circ_0003620,449171,0
MIMAT0001788,123865,0
MIMAT0003188,16078949,1
hsa_circ_0000075,15951529,1
MIMAT0000743,6623,0
MIMAT0000067,445639,1
MIMAT0004216,104741,0
MIMAT0019772,657237,0
MIMAT0002846,784,0
hsa_circ_0003550,123596,0
MIMAT0003888,3101,0
MIMAT0003499,448537,0
MIMAT0000730,91820602,1
MIMAT0002177,145858,1
MIMAT0000647,5793,1
MIMAT0003330,5073,0
10517,5394,1
MIMAT0007892,5757,1
MIMAT0017017,6041,0
MIMAT0003401,74483,1
MIMAT0001634,44259,0
MIMAT0000136,24497,0
MIMAT0002846,5212,0
MIMAT0004532,9444,0
25855,4641,0
MIMAT0001068,23973,1
MIMAT0004593,23939,0
MIMAT0004667,5284616,1
MIMAT0000420,31401,0
MIMAT0000545,6505803,0
MIMAT0015363,41867,0
MIMAT0000435,46843772,1
hsa_circ_0003605,4095,0
101927171,5280453,0
102724105,5311,0
MIMAT0019827,6918837,0
MIMAT0004723,4946,1
MIMAT0000540,8490,1
hsa_circ_0079048,5959,0
MIMAT0026720,5793,1
MIMAT0000274,5462222,0
MIMAT0045392,65348,0
100506542,5283344,0
MIMAT0019850,3821,0
hsa_circ_0052154,5997,0
MIMAT0000515,44259,0
MIMAT0015348,16078949,0
hsa_circ_0061260,445580,0
MIMAT0003286,60198,0
MIMAT0000607,5283344,0
MIMAT0000249,3117,0
hsa_circ_0004015,11556711,0
101669762,107985,0
MIMAT0003469,145858,0
MIMAT0000882,8029,1
100507127,60852,0
MIMAT0000318,5793,1
MIMAT0000659,11960529,0
hsa_circ_0022963,6013,0
MIMAT0000717,24821094,0
MIMAT0000830,6001,0
MIMAT0000810,3690,0
MIMAT0007892,6013,1
MIMAT0003205,2236,1
MIMAT0003308,446220,0
MIMAT0004909,49803145,0
hsa_circ_0001275,164676,0
MIMAT0000143,3657,0
MIMAT0000220,11960529,0
MIMAT0003240,77999,0
hsa_circ_0007333,2375,0
MIMAT0004682,14403,0
MIMAT0000794,3028194,1
MIMAT0000714,9576410,0
MIMAT0000279,5035,1
728374,10836,0
hsa_circ_0008806,6279,0
MIMAT0000851,73581,0
MIMAT0004556,3690,0
MIMAT0001637,210332,1
MIMAT0002810,5035,0
644919,65064,0
MIMAT0004499,5865,0
MIMAT0003123,6037,0
MIMAT0004978,5310940,1
MIMAT0000691,216239,1
MIMAT0015165,11953817,0
MIMAT0000562,444795,0
MIMAT0000798,3062316,0
MIMAT0000076,5284616,1
hsa_circ_0042435,439530,0
6866,2767,1
MIMAT0003880,644241,0
hsa_circ_0003438,3397,0
MIMAT0006588,135403648,0
MIMAT0000728,5310940,1
hsa_circ_0006900,5288209,0
hsa_circ_0044907,31401,0
MIMAT0019697,9931953,0
MIMAT0000650,72301,0
MIMAT0000448,135403648,0
MIMAT0004852,3062316,0
hsa_circ_0036056,119307,0
MIMAT0019001,689043,0
MIMAT0005909,6037,0
102723354,47318,0
MIMAT0015026,126941,0
hsa_circ_0085567,442793,0
hsa_circ_0032683,60198,0
MIMAT0000068,5291,1
MIMAT0013985,210332,0
MIMAT0000263,265237,0
hsa_circ_0000008,91466,0
28996,5757,0
1397,216239,0
hsa_circ_0056281,3397,0
MIMAT0001588,5284583,0
MIMAT0001076,1110,0
hsa_circ_0050119,3385,0
MIMAT0004719,56843276,0
MIMAT0015018,5755,0
MIMAT0000546,8490,1
MIMAT0000078,24268,0
MIMAT0000418,14888,1
100129794,6013,0
MIMAT0000574,5291,0
MIMAT0000073,444732,1
MIMAT0018121,11626560,0
MIMAT0026719,5757,0
MIMAT0000592,4641,0
MIMAT0015024,23939,0
MIMAT0002880,44259,0
MIMAT0000240,2353,0
MIMAT0004210,60838,0
hsa_circ_0009172,56842234,0
MIMAT0000264,5793,1
hsa_circ_0008817,544,0
MIMAT0000279,657237,1
MIMAT0005580,657237,0
105374631,3821,0
MIMAT0017950,6001,0
MIMAT0019037,5459308,0
MIMAT0019021,3496,0
MIMAT0001791,46843772,0
MIMAT0001735,261000,0
MIMAT0004838,47289,0
MIMAT0001823,5790,0
MIMAT0005881,216239,1
hsa_circ_0007283,65110,0
100132169,5280453,0
MIMAT0000086,446220,0
MIMAT0001095,2336,0
MIMAT0005791,36314,1
MIMAT0003252,72301,0
100505938,387447,0
MIMAT0003289,5073,0
MIMAT0003752,74483,1
MIMAT0000758,11556711,0
MIMAT0002842,54680783,0
MIMAT0000762,544,0
MIMAT0005902,64971,0
MIMAT0018976,3220,0
MIMAT0000757,31703,1
MIMAT0003177,444254,1
101928796,737139,0
hsa_circ_0004680,15951529,1
MIMAT0005896,9898279,0
hsa_circ_0000504,46843772,0
MIMAT0018975,9576410,0
MIMAT0000448,49803145,0
MIMAT0000718,4641,0
MIMAT0000426,43815,1
101927155,9804992,0
100289019,445154,0
MIMAT0001786,5280448,0
25812,5280951,0
MIMAT0000267,969516,1
MIMAT0000761,1175,0
MIMAT0003210,445154,0
MIMAT0004790,156413,0
MIMAT0001625,3019,0
100506207,3961,0
MIMAT0004812,2375,0
MIMAT0015037,5280343,0
MIMAT0000271,123631,1
MIMAT0015017,108065,0
hsa_circ_0006473,442428,0
hsa_circ_0008122,2662,0
MIMAT0004925,2767,1
MIMAT0000167,5959,0
9641,11960529,0
MIMAT0003453,14888,0
MIMAT0014990,15,0
MIMAT0015140,6857599,0
101448202,171548,0
MIMAT0000067,5280896,0
100129554,5755,0
MIMAT0004845,444254,0
MIMAT0003738,6623,0
MIMAT0015002,5283344,0
643733,11953817,0
MIMAT0018967,5284616,0
MIMAT0005799,65348,0
MIMAT0005955,36314,1
100289255,444795,0
MIMAT0000772,4943,0
MIMAT0048651,5318517,0
MIMAT0002812,5793,1
MIMAT0004796,5459308,0
MIMAT0000278,3385,1
hsa_circ_0005528,6036,0
hsa_circ_0076522,241,0
MIMAT0015051,3345,0
MIMAT0000785,104741,0
MIMAT0000240,3062316,0
MIMAT0004867,443586,1
MIMAT0011160,24759,0
100507632,5394,1
MIMAT0001817,15625,1
hsa_circ_0002130,11226684,0
MIMAT0000820,2236,0
MIMAT0001832,24180719,0
503637,176870,0
MIMAT0000688,11226684,0
MIMAT0005318,36314,0
MIMAT0000281,60823,1
hsa_circ_0071210,2520,0
MIMAT0003945,6623,0
101928492,1176,0
MIMAT0004494,119307,1
hsa_circ_0009792,985,0
MIMAT0000571,446220,1
MIMAT0004538,9915743,0
MIMAT0015317,5881,0
hsa_circ_0000760,114900,0
hsa_circ_0040203,65064,0
MIMAT0015339,3496,0
MIMAT0000098,2375,1
MIMAT0000235,5288209,0
hsa_circ_0001122,638278,0
MIMAT0000454,2336,0
hsa_circ_0023610,156413,0
100506274,5394,1
MIMAT0015018,2051,0
hsa_circ_0006491,5538,0
MIMAT0000093,446220,0
MIMAT0004979,452548,0
MIMAT0002811,23725625,0
MIMAT0000737,2767,1
23410,6197,0
hsa_circ_0025506,37542,0
MIMAT0022834,896,0
MIMAT0000743,5790,0
MIMAT0002844,216345,0
MIMAT0004188,446220,0
MIMAT0001859,47725,0
MIMAT0006770,21109,0
1832,45266826,0
hsa_circ_0011571,15951529,1
hsa_circ_0037274,5359268,0
101927477,5281811,0
MIMAT0000815,176870,0
MIMAT0004708,6037,0
MIMAT0005592,5359268,0
MIMAT0003889,210332,1
hsa_circ_0003438,15951529,1
MIMAT0000838,6013,0
102724246,6197,0
MIMAT0003177,104758,0
MIMAT0000639,285033,0
MIMAT0000608,387447,0
hsa_circ_0052154,6918837,0
hsa_circ_0007117,702,0
MIMAT0004234,6167,0
MIMAT0000436,135403648,1
hsa_circ_0008806,2244,0
MIMAT0004670,2187,0
56997,1175,0
MIMAT0005593,460612,0
MIMAT0000510,5288209,0
MIMAT0001730,141643,0
MIMAT0000265,97226,1
MIMAT0000255,54671203,1
MIMAT0015378,387447,0
MIMAT0000076,5288826,1
728192,5943,0
MIMAT0000562,123631,0
101927230,156413,0
MIMAT0001730,6410,0
MIMAT0001542,47289,0
101927934,44259,0
MIMAT0004669,5755,0
MIMAT0018097,47318,0
hsa_circ_0006101,24821094,0
hsa_circ_0002965,1176,0
hsa_circ_0000746,122634,0
hsa_circ_0006784,5757,0
hsa_circ_0039930,24180719,0
MIMAT0000020,448013,0
MIMAT0004612,5460341,0
hsa_circ_0058608,60953,0
MIMAT0018945,36314,0
MIMAT0000759,10635,0
hsa_circ_0004015,6076,0
MIMAT0004802,10836,0
hsa_circ_0051899,93004,0
MIMAT0000710,6115,0
MIMAT0002814,7222,0
hsa_circ_0058191,702,0
MIMAT0015144,71496458,0
100506119,448537,0
MIMAT0005880,119307,1
MIMAT0003209,3821,0
hsa_circ_0006941,54675776,0
hsa_circ_0075900,72304,0
MIMAT0000610,5743,1
hsa_circ_0075402,60953,0
hsa_circ_0084727,6013,0
441307,5280448,0
MIMAT0000708,23973,0
hsa_circ_0007990,3071,0
MIMAT0000604,21633059,0
MIMAT0003893,31401,1
100874261,253602,0
MIMAT0026605,3007,0
MIMAT0003289,93004,0
MIMAT0000721,5793,1
MIMAT0017134,5281811,0
hsa_circ_0008432,1130,0
MIMAT0004520,176870,0
100131874,5994,0
MIMAT0015083,91820602,0
MIMAT0015339,126941,0
10988,6857599,1
hsa_circ_0086490,36314,0
100506119,445434,0
MIMAT0019876,162282,0
MIMAT0000074,15,0
MIMAT0004696,3006531,0
100132967,6036,0
MIMAT0004233,2733,0
hsa_circ_0048956,1832,0
MIMAT0000240,4624,1
MIMAT0005459,65348,0
MIMAT0001627,124886,0
MIMAT0000076,1673,0
MIMAT0000777,124886,0
MIMAT0004955,3385,1
hsa_circ_0085567,148124,0
hsa_circ_0036750,3229,0
MIMAT0005870,36462,0
MIMAT0004670,104746,0
103689912,64971,0
339192,15939,0
MIMAT0002854,47289,0
389023,2662,0
MIMAT0005955,9547215,0
100128675,47725,0
hsa_circ_0001772,216345,0
MIMAT0000256,119307,1
MIMAT0003172,5280961,0
MIMAT0018943,657237,0
MIMAT0003123,5943,0
hsa_circ_0005671,5951,0
MIMAT0004950,60852,0
hsa_circ_0091692,15951529,1
hsa_circ_0001974,4891,0
MIMAT0005315,124886,0
MIMAT0001868,56649450,0
hsa_circ_0006795,65110,0
hsa_circ_0047253,24180719,0
MIMAT0004812,38904,0
hsa_circ_0004703,53232,0
MIMAT0000803,25262965,0
MIMAT0002820,36462,0
MIMAT0000135,712,0
MIMAT0000415,135403648,1
MIMAT0000078,6041,1
MIMAT0004920,638278,0
MIMAT0005584,6057,0
MIMAT0000423,2767,1
MIMAT0003291,1175,0
100288798,5280448,0
MIMAT0012848,11953817,0
MIMAT0000210,3386,0
hsa_circ_0000525,790,0
MIMAT0004813,1207,0
MIMAT0001709,47725,0
MIMAT0003457,15951529,0
MIMAT0004577,11228183,0
MIMAT0001369,123631,0
MIMAT0004779,42611257,0
100033418,3071,0
hsa_circ_0040786,135403648,0
MIMAT0015344,445154,0
MIMAT0000715,65348,0
MIMAT0004489,5381226,0
MIMAT0003263,91820602,1
MIMAT0002888,14403,0
MIMAT0014996,3385,1
6175,5978,1
MIMAT0004748,2767,1
728558,5282350,0
hsa_circ_0003273,37542,0
101929395,2051,0
MIMAT0000510,44259,0
MIMAT0011162,9444,0
MIMAT0000124,8490,1
MIMAT0013517,441074,0
MIMAT0000597,285033,0
MIMAT0003493,60852,0
MIMAT0000822,5743,1
100133311,5459308,0
MIMAT0000237,8490,1
MIMAT0005878,24180719,1
104355217,14888,0
MIMAT0000743,60606,0
hsa_circ_0006174,3101,0
hsa_circ_0070616,9898279,0
MIMAT0005933,60780,0
MIMAT0001631,5281708,0
MIMAT0005591,54670067,0
MIMAT0003270,9444,0
MIMAT0001021,56842234,0
MIMAT0001546,969516,1
hsa_circ_0092329,5538,0
hsa_circ_0005272,25227436,0
MIMAT0000647,47725,0
MIMAT0002817,216239,0
MIMAT0004620,6410,1
MIMAT0004531,6918289,0
hsa_circ_0017449,15951529,1
100379571,14403,0
100271297,176870,0
100073347,156413,0
MIMAT0015358,25227436,0
MIMAT0000090,2375,1
MIMAT0004533,5462222,0
100289178,5280360,0
MIMAT0015097,9576410,0
MIMAT0004592,2767,1
101929645,162282,0
MIMAT0005987,15,0
MIMAT0001783,3902,0
MIMAT0004697,25262965,0
MIMAT0000734,667639,0
6175,4158,0
MIMAT0000693,5311,1
MIMAT0004882,8490,1
MIMAT0002172,16132265,0
MIMAT0003204,1176,0
MIMAT0000226,11433190,0
MIMAT0015156,784,0
MIMAT0000551,5284373,0
hsa_circ_0050580,4212,0
100873940,145858,0
MIMAT0001785,16741,0
MIMAT0000652,65015,0
MIMAT0004488,6279,0
MIMAT0000445,4763,0
hsa_circ_0071174,4891,0
MIMAT0004637,2723601,0
hsa_circ_0028864,16078949,0
MIMAT0004522,5282350,0
hsa_circ_0002483,9700,0
MIMAT0000067,712,1
MIMAT0000867,36462,0
105373984,65110,0
MIMAT0009196,65348,0
MIMAT0001883,11556711,0
MIMAT0037307,5538,0
hsa_circ_0000206,119307,0
hsa_circ_0002483,1674,0
MIMAT0000267,126941,1
MIMAT0000534,5281614,0
hsa_circ_0001874,5035,0
MIMAT0007887,5280951,0
hsa_circ_0072088,15951529,1
MIMAT0000426,5206,0
MIMAT0003763,3652,0
MIMAT0001076,145858,0
hsa_circ_0001122,15951529,1
100885798,44631912,0
MIMAT0001021,445434,0
MIMAT0004497,5280427,0
MIMAT0000146,5280795,0
MIMAT0018977,141643,0
MIMAT0004775,4212,0
hsa_circ_0033149,10621,0
MIMAT0000571,3961,0
MIMAT0004901,9700,0
MIMAT0018188,3652,0
MIMAT0005443,229455,0
MIMAT0000299,124886,0
hsa_circ_0000150,2733526,0
MIMAT0004573,91820602,0
MIMAT0001625,261004,0
MIMAT0000376,31703,1
MIMAT0003393,2733526,1
MIMAT0002055,3019,0
MIMAT0000584,15,0
MIMAT0003459,5283344,0
MIMAT0019000,42890,0
MIMAT0015001,9949648,0
hsa_circ_0006528,5816,0
MIMAT0000708,5311,0
MIMAT0000763,42113,0
MIMAT0001279,5222465,0
MIMAT0000454,24180719,1
MIMAT0002177,5994,0
MIMAT0002807,156413,0
hsa_circ_0007551,2051,0
MIMAT0002867,54671203,0
MIMAT0003164,241,0
hsa_circ_0003273,15951529,1
MIMAT0000280,16197265,0
105374104,119307,0
MIMAT0003314,3488,0
hsa_circ_0000604,123865,0
MIMAT0004826,6057,0
100652772,126941,0
hsa_circ_0008910,37542,0
MIMAT0000100,53232,0
MIMAT0002055,124886,0
MIMAT0004807,3961,0
hsa_circ_0032154,4763,0
MIMAT0000794,6918289,0
100652772,3652,0
hsa_circ_0003511,31703,0
MIMAT0004555,253602,0
100873940,6857599,1
MIMAT0003894,5881,0
hsa_circ_0071196,60838,0
MIMAT0004520,5284616,1
MIMAT0024890,148124,0
MIMAT0000827,60823,0
MIMAT0000423,148124,1
hsa_circ_0006941,3821,0
MIMAT0015037,24497,0
MIMAT0017016,16741,0
hsa_circ_0085923,42113,0
MIMAT0014004,6253,0
hsa_circ_0063329,9804992,0
hsa_circ_0074930,3385,1
101927167,784,0
hsa_circ_0001531,176870,0
100499183,3062316,0
hsa_circ_0008926,97226,0
MIMAT0000143,8490,1
100507257,5394,1
MIMAT0003881,9898279,0
MIMAT0003740,8490,1
MIMAT0003296,60750,1
MIMAT0003478,5280343,1
MIMAT0000460,60823,1
MIMAT0002852,6001,0
MIMAT0000061,5943,0
MIMAT0000262,14403,0
hsa_circ_0002130,784,0
MIMAT0019006,445154,0
MIMAT0004679,5281811,0
hsa_circ_0006117,60823,0
100126791,6505803,0
MIMAT0000085,2662,0
MIMAT0018178,5816,0
MIMAT0004930,5284583,0
MIMAT0013985,784,0
hsa_circ_0006941,451668,0
100506797,3071,0
MIMAT0015001,6036,0
MIMAT0000065,4946,0
hsa_circ_0002755,6505803,0
MIMAT0004933,5280343,1
MIMAT0003214,5212,0
MIMAT0004893,387447,0
MIMAT0004939,5329102,0
988,31703,0
100033427,114900,0
hsa_circ_0038366,17754356,0
102723968,5881,0
MIMAT0004631,46843772,0
MIMAT0000219,5462222,0
hsa_circ_0026457,644241,0
hsa_circ_0076413,1176,0
MIMAT0019699,3385,1
hsa_circ_0030162,451668,0
hsa_circ_0070617,5959,0
hsa_circ_0068697,54670067,0
MIMAT0000735,445580,0
MIMAT0019928,216326,0
MIMAT0001728,11960529,0
MIMAT0000248,8490,1
MIMAT0015338,41867,0
MIMAT0000276,702,1
MIMAT0003407,6253,0
MIMAT0004667,4033,0
645323,6410,0
MIMAT0000685,23973,0
MIMAT0003318,5280445,0
338758,23939,0
MIMAT0000250,10836,0
MIMAT0000609,455658,0
hsa_circ_0040185,24180719,0
101928650,9700,0
MIMAT0004945,702,0
MIMAT0015169,657237,0
MIMAT0007875,5282350,0
MIMAT0015196,9931953,0
MIMAT0000138,15939,0
MIMAT0000791,126941,0
hsa_circ_0000873,3779,0
64002,119104,0
MIMAT0000256,107985,1
MIMAT0000605,5381226,0
100129534,4091,0
MIMAT0004959,24180719,0
MIMAT0000255,2244,1
MIMAT0000788,4829,0
MIMAT0000757,16132265,0
MIMAT0004696,1130,0
MIMAT0003780,123596,0
MIMAT0000274,36462,1
MIMAT0003252,2520,1
hsa_circ_0059665,10635,0
646324,1548943,0
MIMAT0004902,449171,0
hsa_circ_0002782,71496458,0
hsa_circ_0011462,657237,0
MIMAT0003243,4891,0
5610,5035,0
MIMAT0003290,448537,1
hsa_circ_0004029,222757,0
hsa_circ_0075402,126941,0
MIMAT0000727,712,1
MIMAT0016916,3385,1
MIMAT0000249,16741,0
245,5793,0
MIMAT0004517,11226684,0
MIMAT0002888,15951529,0
MIMAT0016847,2767,1
100129310,1673,0
MIMAT0001339,47318,0
MIMAT0003741,47318,0
MIMAT0019893,3028194,0
5654,5381226,0
MIMAT0004855,93004,0
MIMAT0000747,5280427,0
MIMAT0015170,47725,0
MIMAT0000579,265237,0
MIMAT0001090,25183872,0
hsa_circ_0036683,1832,0
MIMAT0003180,3019,0
100126791,11635763,0
MIMAT0000703,444732,0
MIMAT0000165,5459308,1
MIMAT0000279,5757,1
hsa_circ_0001345,445434,0
MIMAT0002175,60750,0
MIMAT0000447,6505803,1
MIMAT0019765,5281929,0
692205,5359268,0
MIMAT0004536,5943,0
344462,24180719,0
MIMAT0002820,444795,0
MIMAT0002177,7222,0
MIMAT0000093,444254,0
MIMAT0004764,122634,0
MIMAT0015083,24821094,0
MIMAT0004610,784,0
hsa_circ_0067352,24180719,0
29128,5073,0
MIMAT0019719,16078949,0
MIMAT0001731,15939,0
hsa_circ_0006862,5284373,0
724087,5280343,0
MIMAT0026608,5394,1
hsa_circ_0065384,3657,0
MIMAT0002173,5310940,1
MIMAT0004491,31703,1
MIMAT0000087,2723601,0
hsa_circ_0044556,737139,0
hsa_circ_0005513,31703,0
MIMAT0003453,4829,0
MIMAT0000385,2051,0
MIMAT0000087,135403648,1
hsa_circ_0001689,10836,0
MIMAT0003243,2520,1
hsa_circ_0017695,126941,0
MIMAT0002839,60700,0
MIMAT0000063,31703,1
MIMAT0003381,265237,0
111216282,636397,0
MIMAT0000834,3028194,1
MIMAT0004643,3229,0
MIMAT0000066,56842234,0
101927750,5394,1
MIMAT0005932,25262965,0
MIMAT0001412,2733526,1
MIMAT0015054,3488,0
MIMAT0019075,3496,0
7040,47318,0
MIMAT0005892,1832,0
MIMAT0005327,42890,0
MIMAT0004945,60838,0
MIMAT0001852,6623,0
hsa_circ_0000042,23939,0
hsa_circ_0000760,47289,0
hsa_circ_0008616,65064,0
644919,712,0
hsa_circ_0003441,5743,0
MIMAT0001625,229455,0
MIMAT0000373,3961,0
MIMAT0000664,5280453,0
hsa_circ_0056048,6505803,0
MIMAT0001793,5281004,0
MIMAT0000150,5997,0
hsa_circ_0001178,15951529,1
MIMAT0003313,107985,0
MIMAT0000514,8490,1
MIMAT0001340,47289,0
MIMAT0004764,93004,0
hsa_circ_0018905,261000,0
MIMAT0002837,5978,0
MIMAT0001095,65064,0
MIMAT0004491,16132265,0
645206,5394,1
MIMAT0000766,12967,1
26033,5394,1
MIMAT0003255,1674,0
hsa_circ_0000510,5280448,0
hsa_circ_0059914,15951529,1
344595,5978,1
MIMAT0015339,5394,0
hsa_circ_0002669,657237,0
MIMAT0003210,114900,0
MIMAT0005867,444254,0
MIMAT0015048,42890,0
MIMAT0003304,3779,0
MIMAT0018185,54680783,0
MIMAT0000420,444732,1
hsa_circ_0022589,6468,0
MIMAT0007875,3117,0
hsa_circ_0076100,36314,1
51352,9949648,0
hsa_circ_0069980,6253,0
MIMAT0003130,9064,1
100131176,5280427,0
hsa_circ_0091894,8490,0
6596,9931953,0
MIMAT0004497,24180719,1
MIMAT0001423,445434,0
MIMAT0002878,2767,1
103752589,124886,0
MIMAT0000440,3902,0
MIMAT0004909,4095,0
MIMAT0005588,5359268,0
MIMAT0000532,5280445,0
hsa_circ_0008910,3386,0
MIMAT0006770,5755,0
MIMAT0004676,37542,1
MIMAT0005635,5460341,0
8418,5394,1
MIMAT0000689,7222,0
100874261,5283344,0
MIMAT0000759,104746,0
MIMAT0004806,10621,0
hsa_circ_0084021,3385,1
MIMAT0018941,667639,0
MIMAT0003222,544,0
MIMAT0000423,6857599,1
MIMAT0012852,31703,0
MIMAT0004893,60700,0
hsa_circ_0041523,145858,0
MIMAT0004550,5280445,0
100996246,24360,0
101928674,455658,0
MIMAT0000165,3397,0
hsa_circ_0000676,12967,0
hsa_circ_0050580,71496458,1
100874041,3496,0
MIMAT0004950,5311,1
MIMAT0018988,3385,1
hsa_circ_0000919,5462222,0
100506495,9931953,0
MIMAT0015189,28486,0
MIMAT0003380,446556,0
MIMAT0000442,448537,1
MIMAT0019817,285033,0
103752587,3821,0
MIMAT0000139,56843276,0
MIMAT0007881,60750,1
619455,9931953,0
hsa_circ_0080209,25227436,0
100130392,5789,0
MIMAT0004779,5212,0
MIMAT0000144,31101,0
MIMAT0005572,123631,0
MIMAT0002864,5282350,0
339926,241,0
hsa_circ_0001490,5816,0
hsa_circ_0037130,73581,0
MIMAT0003181,36314,0
hsa_circ_0078607,47289,0
hsa_circ_0003136,6253,0
hsa_circ_0022378,16078949,0
hsa_circ_0083530,702,0
hsa_circ_0072025,3779,0
MIMAT0004640,60780,0
hsa_circ_0006873,5284616,0
654433,5951,0
MIMAT0000137,60198,0
MIMAT0004855,443586,1
MIMAT0000424,2187,1
102723968,2578,0
hsa_circ_0006239,5381226,0
hsa_circ_0081001,24180719,0
MIMAT0019776,74483,0
MIMAT0006765,14403,0
MIMAT0003328,448537,1
MIMAT0000688,387447,1
MIMAT0000245,6623,0
100271075,1175,0
100506697,60750,0
hsa_circ_0000206,1674,0
MIMAT0000367,6623,0
MIMAT0000419,65110,0
MIMAT0009448,636397,0
MIMAT0000755,25244711,1
MIMAT0006778,54670067,1
hsa_circ_0000549,138374198,0
MIMAT0019021,5641,0
hsa_circ_0002782,5281811,0
338758,4095,0
29797,4212,0
MIMAT0003299,31703,1
MIMAT0004812,60823,1
MIMAT0001865,3103,0
101927541,138374198,0
55384,3103,0
101101772,60823,0
MIMAT0001734,11707110,0
MIMAT0000134,444254,0
MIMAT0005523,114900,0
MIMAT0000650,119307,0
MIMAT0000261,31703,1
hsa_circ_0000287,6036,0
MIMAT0000562,3779,1
MIMAT0004682,448013,0
MIMAT0005576,15951529,0
55165,443586,0
MIMAT0002866,5951,0
MIMAT0000298,2995,0
MIMAT0003898,3028194,0
MIMAT0003305,446220,0
MIMAT0003385,265237,0
MIMAT0000224,6115,0
MIMAT0015319,4829,0
MIMAT0000069,460612,1
MIMAT0003151,1673,0
MIMAT0000982,31101,0
MIMAT0002843,31401,0
MIMAT0003240,5280427,0
MIMAT0001835,2051,0
hsa_circ_0009577,24821094,0
MIMAT0000450,47725,1
hsa_circ_0087400,3488,0
MIMAT0000554,2578,0
MIMAT0002837,5361,0
MIMAT0000212,31703,0
MIMAT0001816,9064,0
MIMAT0000244,5978,1
MIMAT0000788,3690,0
MIMAT0004800,45266826,0
147947,5459308,0
MIMAT0000421,5310940,1
MIMAT0002875,5310940,1
104266957,36462,0
100506465,5284616,0
MIMAT0003247,445639,0
100132891,1548943,0
MIMAT0015341,6918837,0
MIMAT0000535,65064,0
hsa_circ_0001565,71496458,0
MIMAT0018942,25262965,0
MIMAT0003490,210332,1
MIMAT0006012,15,0
hsa_circ_0003552,896,0
100287082,2578,0
101927642,449171,0
MIMAT0001268,162282,0
MIMAT0000064,6253,0
MIMAT0003763,5329102,0
101927811,5394,1
MIMAT0000238,5943,0
MIMAT0000779,442972,0
MIMAT0019807,31703,0
MIMAT0000070,5280448,0
MIMAT0000078,60838,1
MIMAT0003512,104741,0
MIMAT0003263,3071,0
MIMAT0001780,5361,0
MIMAT0004188,4091,0
100505938,4763,0
MIMAT0001728,5281708,0
MIMAT0000218,8490,0
MIMAT0004861,16132265,0
MIMAT0003285,5311,1
hsa_circ_0047253,15625,0
hsa_circ_0062865,448537,0
MIMAT0002889,6013,0
MIMAT0015113,6442177,0
MIMAT0003186,5035,0
MIMAT0004748,104746,0
MIMAT0003307,31703,1
100507632,36314,1
MIMAT0000790,5311,0
MIMAT0019762,36314,1
MIMAT0019796,2907,0
MIMAT0000739,141643,0
MIMAT0001629,5281929,0
MIMAT0003297,23725625,0
MIMAT0003251,3229,0
MIMAT0003259,60780,0
MIMAT0000458,3229,1
MIMAT0001390,24268,1
MIMAT0019796,148124,0
MIMAT0000196,5073,0
hsa_circ_0050581,65064,0
hsa_circ_0085495,3121,0
hsa_circ_0045234,5310940,0
101805492,14403,0
MIMAT0001278,3062316,0
hsa_circ_0046265,462382,0
MIMAT0003453,667639,0
MIMAT0015327,24268,1
MIMAT0000772,6857599,0
MIMAT0003300,5288209,0
hsa_circ_0078654,28486,0
MIMAT0004488,123631,0
MIMAT0035005,2520,1
hsa_circ_0058608,156413,0
101929152,11226684,0
MIMAT0015051,2907,0
MIMAT0018966,455658,0
hsa_circ_0007006,445858,0
MIMAT0016915,446556,0
hsa_circ_0017628,657237,0
MIMAT0003179,5997,0
MIMAT0002176,261004,0
MIMAT0000271,2767,1
MIMAT0005917,6468,0
100132923,3386,0
MIMAT0000610,4891,0
hsa_circ_0000499,16132265,0
MIMAT0000210,5757,1
hsa_circ_0004271,3763,0
MIMAT0004584,5280795,0
MIMAT0010313,3385,1
100130935,5757,0
MIMAT0014001,9949648,0
MIMAT0001724,2907,0
hsa_circ_0001974,4829,0
MIMAT0001830,2995,0
MIMAT0003485,5222465,0
MIMAT0004982,65064,0
105375475,3229,0
MIMAT0006775,3220,0
MIMAT0003258,4891,0
MIMAT0015318,8490,0
100151643,4763,0
MIMAT0004224,5790,0
hsa_circ_0063623,141643,0
MIMAT0005439,123631,0
MIMAT0000267,24360,0
MIMAT0000551,4158,0
MIMAT0004552,4943,0
102467147,2236,0
MIMAT0000513,65064,0
hsa_circ_0058058,15951529,1
hsa_circ_0076100,216239,0
MIMAT0000228,16741,0
MIMAT0003283,452548,0
100303491,176870,0
MIMAT0018110,6918837,0
MIMAT0003407,5280427,0
MIMAT0004956,21633059,0
MIMAT0003280,38904,1
MIMAT0005576,5281614,0
MIMAT0005886,3821,0
MIMAT0019854,3385,1
hsa_circ_0049462,135403648,0
MIMAT0005443,41867,0
100874041,162282,0
MIMAT0000692,148124,1
MIMAT0004613,5284616,0
101928416,44631912,0
MIMAT0000861,448537,0
hsa_circ_0043634,5381226,0
MIMAT0001632,8490,1
MIMAT0000086,31703,1
MIMAT0000934,16078949,0
MIMAT0000104,2336,0
MIMAT0001709,24268,1
100874343,638278,0
MIMAT0000754,91820602,1
101927482,6115,0
hsa_circ_0046263,9064,0
100131733,6468,0
hsa_circ_0002761,5310940,0
MIMAT0003466,31401,0
MIMAT0001547,138374198,0
MIMAT0019854,3397,0
hsa_circ_0030162,6505803,0
hsa_circ_0002060,3101,0
hsa_circ_0075736,2336,0
MIMAT0001723,5978,0
MIMAT0005580,60823,1
hsa_circ_0004058,387447,0
MIMAT0000720,31703,1
hsa_circ_0044556,5361,0
MIMAT0003780,5280448,0
MIMAT0000243,119307,1
55000,126941,1
MIMAT0004234,47289,0
hsa_circ_0040466,4033,0
101927642,53232,0
646576,6057,0
hsa_circ_0033144,2907,0
MIMAT0001279,60700,0
MIMAT0003294,2767,1
MIMAT0000270,5361,0
MIMAT0003187,2051,0
101929427,5790,0
MIMAT0001835,445434,0
MIMAT0003274,222528,0
MIMAT0000418,451668,1
hsa_circ_0083026,11626560,0
102723099,5816,0
MIMAT0000540,2733526,1
MIMAT0004324,30323,0
MIMAT0000787,5284373,0
MIMAT0000692,3229,1
hsa_circ_0020354,5280795,0
MIMAT0015322,145858,0
hsa_circ_0023249,91820602,0
MIMAT0000758,3385,1
MIMAT0002832,24360,0
hsa_circ_0040773,216345,0
MIMAT0003049,74483,1
100316868,36314,1
MIMAT0000446,6442177,0
MIMAT0004871,452548,0
MIMAT0000435,2767,1
MIMAT0015024,452548,0
101927761,4763,0
MIMAT0003453,222757,0
MIMAT0003948,1176,0
hsa_circ_0000714,208908,0
MIMAT0004738,445858,0
MIMAT0000552,138374198,0
MIMAT0004482,445580,0
hsa_circ_0002654,31101,0
MIMAT0000531,145858,0
MIMAT0000158,5381226,0
hsa_circ_0008432,54680783,0
653190,42611257,0
hsa_circ_0000192,124886,0
hsa_circ_0026512,56843276,0
hsa_circ_0063623,73581,0
hsa_circ_0000504,47289,0
MIMAT0004489,3779,0
MIMAT0018068,60606,0
MIMAT0004482,1674,0
MIMAT0004574,460612,0
hsa_circ_0075048,126941,0
MIMAT0000163,4158,0
MIMAT0018443,93004,0
hsa_circ_0005528,3690,0
hsa_circ_0037130,3019,0
728192,5284583,0
MIMAT0000386,544,0
hsa_circ_0042359,6857599,1
MIMAT0004977,123865,0
MIMAT0003767,65064,0
MIMAT0015193,45266826,0
hsa_circ_0087861,5994,0
hsa_circ_0063776,460612,0
hsa_circ_0003602,56649450,0
hsa_circ_0047663,216345,0
hsa_circ_0006528,73581,0
101928287,2336,0
MIMAT0004602,6076,0
MIMAT0014863,442972,0
101928710,6106,0
MIMAT0019835,11707110,0
hsa_circ_0002402,3397,0
MIMAT0000227,5311,1
MIMAT0003119,11626560,0
MIMAT0014988,123596,0
MIMAT0002848,6857599,0
10517,42611257,0
MIMAT0018191,5816,0
221883,5743,0
MIMAT0001341,451668,1
MIMAT0001825,30323,0
MIMAT0019817,2520,0
MIMAT0003210,91820602,0
100652736,5281004,0
MIMAT0000422,176870,0
101928978,6001,0
55384,11226684,0
MIMAT0001779,74483,1
MIMAT0002880,60780,0
MIMAT0000378,71496458,0
MIMAT0000383,148124,0
MIMAT0004546,15,0
MIMAT0018927,3385,1
MIMAT0014990,5793,0
MIMAT0018204,667639,0
MIMAT0003477,5310940,0
hsa_circ_0057518,5359268,0
hsa_circ_0048775,5790,0
MIMAT0005908,2767,0
101928287,162282,0
MIMAT0000461,462382,0
MIMAT0003240,5943,0
MIMAT0001387,3902,0
MIMAT0000612,210332,1
hsa_circ_0000724,2375,0
MIMAT0000670,445858,0
MIMAT0000889,6001,0
MIMAT0004775,3019,0
MIMAT0003257,5743,0
MIMAT0005887,5310940,1
MIMAT0004574,3062316,0
hsa_circ_0025202,24759,0
MIMAT0015052,17754356,0
MIMAT0000548,1110,0
9950,5035,0
MIMAT0019002,30323,0
MIMAT0015043,54671203,0
hsa_circ_0005671,444254,0
MIMAT0000076,135403648,1
MIMAT0000420,29327,0
MIMAT0001787,16132265,0
MIMAT0004644,445434,0
MIMAT0001046,443586,0
MIMAT0000414,3028194,0
MIMAT0000450,2767,1
MIMAT0000093,5281929,0
MIMAT0003728,104842,0
100505865,42611257,0
MIMAT0000878,5816,0
MIMAT0004882,3019,0
MIMAT0015137,5311,0
MIMAT0004569,3821,0
MIMAT0037307,2767,1
MIMAT0004779,5281708,0
MIMAT0003151,5789,0
MIMAT0005789,216239,0
hsa_circ_0000813,15951529,1
hsa_circ_0080209,455658,0
100874058,3397,0
100750225,13342,0
100507099,16741,0
MIMAT0001783,60700,0
MIMAT0018091,446220,0
MIMAT0001080,3385,1
MIMAT0004825,5978,0
hsa_circ_0009004,3652,0
MIMAT0003496,544,0
MIMAT0001412,1548943,0
hsa_circ_0002131,4763,0
MIMAT0000130,5035,0
MIMAT0000377,164676,0
MIMAT0004810,5311,1
MIMAT0004979,38904,0
hsa_circ_0084615,47936,0
MIMAT0000557,5790,0
MIMAT0018179,9444,0
645996,5755,0
MIMAT0000262,5978,1
MIMAT0000084,14888,1
MIMAT0000514,6036,1
hsa_circ_0040792,93004,0
MIMAT0000083,54670067,0
MIMAT0003292,3821,0
MIMAT0000432,6857599,1
MIMAT0004234,72301,0
MIMAT0018087,119307,1
hsa_circ_0002955,439530,0
MIMAT0002809,54454,0
103344926,15625,0
hsa_circ_0039261,15951529,1
MIMAT0014023,24268,1
4976,5329102,0
MIMAT0000076,42890,0
MIMAT0014012,123865,0
hsa_circ_0031288,123631,0
MIMAT0005583,5755,0
MIMAT0003329,5865,0
hsa_circ_0000419,2353,0
hsa_circ_0000192,5311,0
MIMAT0003881,4946,0
196968,657237,0
MIMAT0003252,11626560,0
hsa_circ_0001147,11228183,0
hsa_circ_0001222,5284583,0
MIMAT0000736,3385,1
MIMAT0004640,445154,0
hsa_circ_0087856,10184653,0
MIMAT0003375,10621,0
MIMAT0001341,3385,1
111216282,444254,0
hsa_circ_0042265,15951529,1
MIMAT0005444,11228183,0
MIMAT0003119,896,0
MIMAT0004782,47289,0
55647,11626560,0
MIMAT0000422,5757,1
MIMAT0015197,14888,0
hsa_circ_0000963,6013,0
hsa_circ_0001985,122724,0
MIMAT0014023,1110,0
MIMAT0000064,123631,1
MIMAT0000682,148124,1
545,107985,0
MIMAT0016876,5073,0
MIMAT0010357,104758,0
MIMAT0001835,216326,0
hsa_circ_0000872,444254,0
100505938,122724,0
MIMAT0001420,16132265,1
MIMAT0003216,3007,0
100499484,4943,0
MIMAT0015085,1175,0
MIMAT0001800,5206,0
hsa_circ_0002976,14888,0
MIMAT0001423,53232,0
hsa_circ_0003655,123596,0
MIMAT0005596,265237,0
MIMAT0001863,445639,0
MIMAT0003185,5881,0
MIMAT0018188,17754356,0
hsa_circ_0048856,10184653,0
MIMAT0004673,6013,0
MIMAT0004487,60750,1
MIMAT0023617,31401,0
MIMAT0000026,667639,0
hsa_circ_0018905,5280896,0
MIMAT0015188,31703,0
MIMAT0005301,89594,1
MIMAT0000051,6057,0
MIMAT0016907,73581,0
hsa_circ_0006117,208908,0
MIMAT0004948,451668,0
MIMAT0003122,104758,0
MIMAT0004548,1130,0
hsa_circ_0000673,2733526,0
MIMAT0003236,4091,0
101928414,29327,0
26033,24288,0
hsa_circ_0047270,3386,0
MIMAT0004870,54670067,0
MIMAT0003176,24180719,0
hsa_circ_0006473,21109,0
101927381,5394,1
MIMAT0005456,4829,0
100505592,5360373,0
hsa_circ_0001565,54670067,0
645993,5978,0
MIMAT0002811,5310940,1
MIMAT0004235,657237,0
100506498,24360,0
hsa_circ_0079048,14403,0
MIMAT0015076,3385,1
MIMAT0000617,148124,1
MIMAT0015327,2336,0
MIMAT0003254,4212,0
MIMAT0000537,5881,0
hsa_circ_0029426,9700,0
hsa_circ_0001821,145858,0
MIMAT0004953,47318,0
hsa_circ_0059914,443586,0
MIMAT0001764,1673,0
MIMAT0001841,439530,0
100886964,638278,0
hsa_circ_0000873,1674,0
MIMAT0000664,5281929,0
441666,77999,0
hsa_circ_0008359,16132265,0
MIMAT0000267,2375,1
MIMAT0000765,1176,0
MIMAT0002888,5865,1
MIMAT0000802,5743,1
MIMAT0015026,241,0
MIMAT0002826,2767,1
hsa_circ_0005281,15939,0
MIMAT0015187,6115,0
11080,7222,0
MIMAT0009834,25262965,0
MIMAT0019692,93004,0
100287082,6505803,0
MIMAT0023635,448013,0
100033416,1983,0
MIMAT0003890,5280360,0
hsa_circ_0058608,54671203,0
MIMAT0000884,6279,0
MIMAT0031893,5394,1
100287639,5394,1
hsa_circ_0011462,44631912,0
hsa_circ_0008432,45266826,0
MIMAT0000527,9064,0
101929407,104746,0
MIMAT0000760,2723601,0
hsa_circ_0020460,969516,0
101928880,5865,0
MIMAT0000009,25227436,0
MIMAT0004751,261000,0
MIMAT0004942,31401,0
MIMAT0003265,89594,0
MIMAT0004188,3121,0
hsa_circ_0002131,23973,0
MIMAT0000126,16741,0
MIMAT0000792,17754356,0
101929660,10836,0
hsa_circ_0002483,4212,0
MIMAT0000086,451668,1
MIMAT0026720,3821,0
MIMAT0001534,11626560,0
hsa_circ_0023610,54670067,0
hsa_circ_0071174,2723601,0
100505865,5281004,0
MIMAT0012822,4946,0
MIMAT0004877,23939,0
MIMAT0007401,387447,0
MIMAT0015356,446556,0
MIMAT0003326,2662,1
MIMAT0000617,2767,1
101927780,3386,0
hsa_circ_0092315,28486,0
MIMAT0000743,73581,0
hsa_circ_0030998,36314,1
MIMAT0004607,72304,0
MIMAT0015025,3385,1
MIMAT0003491,6037,0
MIMAT0000611,104758,0
643911,46843772,0
101928509,56843276,0
MIMAT0003161,37542,0
MIMAT0001080,3690,0
hsa_circ_0042200,23939,0
MIMAT0000451,10836,1
MIMAT0014990,5381226,0
MIMAT0005457,2995,0
MIMAT0003885,54670067,0
MIMAT0000973,11635763,0
104326188,5394,1
100505702,5743,0
MIMAT0000048,441074,0
MIMAT0003499,216326,0
MIMAT0001623,74483,1
MIMAT0000436,36314,1
MIMAT0003458,985,0
MIMAT0004507,969516,1
MIMAT0000450,3385,1
MIMAT0000626,10836,0
MIMAT0000549,6918837,0
MIMAT0016878,38904,0
MIMAT0001786,56843276,0
hsa_circ_0006101,5280445,0
MIMAT0011432,145858,0
MIMAT0014001,44259,0
100287616,644241,0
hsa_circ_0002976,53232,0
MIMAT0000213,24288,0
MIMAT0003396,15951529,0
MIMAT0000145,60823,1
MIMAT0018987,9949648,0
100126793,5994,0
MIMAT0000063,41867,1
100129310,253602,0
hsa_circ_0001691,74483,0
4976,9898279,0
101929467,5755,0
hsa_circ_0011293,36314,1
MIMAT0000136,5284616,1
MIMAT0001629,6918289,0
MIMAT0003315,60606,0
MIMAT0003333,3220,1
645553,442793,0
MIMAT0000643,544,0
MIMAT0015043,265237,0
MIMAT0000297,5951,0
6374,89594,0
MIMAT0015156,25183872,0
hsa_circ_0038366,171548,0
MIMAT0019075,6505803,0
hsa_circ_0001222,141643,0
MIMAT0000423,13089,0
MIMAT0005588,31703,1
MIMAT0002112,122724,0
100033439,53232,0
MIMAT0015055,3385,1
MIMAT0001786,114900,0
hsa_circ_0000858,5311,0
100506866,25227436,0
MIMAT0000718,3229,0
hsa_circ_0001361,15951529,1
hsa_circ_0071196,72301,0
hsa_circ_0006318,47318,0
MIMAT0004806,5280427,0
hsa_circ_0058361,126941,0
hsa_circ_0005046,3397,0
MIMAT0004901,445858,1
hsa_circ_0040792,2187,0
hsa_circ_0001887,21633059,0
hsa_circ_0000763,6918289,0
MIMAT0000069,5291,1
hsa_circ_0038090,4943,0
hsa_circ_0003423,445434,0
MIMAT0000091,41867,0
hsa_circ_0001772,56843276,0
MIMAT0000566,176870,0
MIMAT0004696,712,1
MIMAT0000423,2336,1
MIMAT0023622,11953817,0
MIMAT0000821,24759,0
MIMAT0009447,54670067,1
hsa_circ_0029345,15951529,0
hsa_circ_0050580,3103,0
MIMAT0019040,72301,0
hsa_circ_0072837,15951529,1
MIMAT0015002,60750,0
MIMAT0015140,9949648,0
MIMAT0004500,702,1
MIMAT0000068,5978,1
MIMAT0000290,1176,0
MIMAT0012734,4946,0
MIMAT0000771,54675776,0
MIMAT0015000,4212,0
hsa_circ_0005513,5291,0
MIMAT0000756,216239,0
hsa_circ_0018499,446556,0
MIMAT0004983,3385,1
MIMAT0000254,28486,0
MIMAT0014013,24268,1
MIMAT0000379,10836,0
MIMAT0004540,222757,0
286827,9949648,0
MIMAT0000537,210332,0
MIMAT0000271,31703,1
MIMAT0004498,10184653,0
MIMAT0003473,11226684,0
hsa_circ_0072857,2733,0
hsa_circ_0091419,2723601,0
MIMAT0001536,5793,1
MIMAT0000242,3385,1
MIMAT0003892,38904,0
4321,60700,0
MIMAT0001835,5462222,0
105379054,5291,0
hsa_circ_0017693,657237,0
hsa_circ_0001599,65348,0
MIMAT0001748,5206,0
MIMAT0004725,16078949,0
MIMAT0000762,65348,0
MIMAT0004679,54670067,0
MIMAT0000769,108065,1
MIMAT0019806,126941,0
MIMAT0001742,657237,0
MIMAT0000778,23973,0
MIMAT0003325,97226,0
MIMAT0005572,156413,0
51741,5280961,0
MIMAT0015156,14888,0
MIMAT0003477,4624,0
104266957,5394,1
100033433,5394,1
MIMAT0019926,3062316,0
MIMAT0000158,60838,0
MIMAT0004953,2733526,1
hsa_circ_0023255,2767,0
MIMAT0000077,969516,1
MIMAT0002861,2767,1
MIMAT0000775,261000,0
MIMAT0003453,3121,0
MIMAT0000545,2353,0
MIMAT0000153,114900,0
MIMAT0003182,265237,0
10298,4158,0
MIMAT0003452,3103,0
hsa_circ_0085567,16741,0
MIMAT0000375,2578,0
MIMAT0000220,442428,1
hsa_circ_0002113,5360373,0
MIMAT0005987,5318517,0
MIMAT0014990,36314,1
MIMAT0000064,104741,1
MIMAT0000196,21109,0
MIMAT0006778,3652,0
MIMAT0000223,5281004,0
hsa_circ_0084606,6036,0
MIMAT0001731,36462,0
728192,13089,0
hsa_circ_0051799,1674,0
MIMAT0002172,31703,1
MIMAT0000680,712,1
MIMAT0003515,11226684,0
MIMAT0000689,216239,1
MIMAT0003222,4091,0
hsa_circ_0089863,3117,0
MIMAT0000758,148124,1
hsa_circ_0006862,4091,0
MIMAT0001280,15,0
hsa_circ_0092289,123865,0
23015,54454,0
MIMAT0000227,60750,1
147947,5280343,0
MIMAT0004951,3007,0
MIMAT0000255,5746,1
643733,53232,0
100216479,638278,0
MIMAT0003177,2236,0
hsa_circ_0057518,222528,0
MIMAT0001729,4829,0
MIMAT0000168,72301,0
MIMAT0000078,119104,1
MIMAT0004825,10836,0
MIMAT0003288,6167,0
hsa_circ_0077007,5746,0
MIMAT0000087,6106,0
hsa_circ_0001646,54671203,0
MIMAT0015019,8490,0
MIMAT0000692,445580,0
173401,5280896,0
MIMAT0000434,5284616,1
MIMAT0000243,135403648,1
MIMAT0002839,3385,1
101928492,712,0
MIMAT0000559,445434,0
MIMAT0014007,12967,0
MIMAT0019971,3385,1
MIMAT0000225,265237,0
101928168,5206,0
MIMAT0003150,3101,0
MIMAT0001761,5459308,0
MIMAT0000571,2767,0
MIMAT0000278,38904,0
MIMAT0014863,6106,0
MIMAT0000436,444732,1
MIMAT0019689,36314,0
7508,37542,0
MIMAT0019775,4624,0
440993,60823,0
hsa_circ_0082139,5280961,0
hsa_circ_0007630,5360373,0
MIMAT0004703,2187,0
MIMAT0000456,5746,1
hsa_circ_0002782,5212,0
652995,44259,0
54436,24821094,0
MIMAT0026620,25227436,0
MIMAT0000255,216239,1
MIMAT0000280,10836,1
MIMAT0003232,444732,1
MIMAT0002872,25244711,1
392232,9576410,0
MIMAT0000066,5793,0
MIMAT0002861,31703,0
MIMAT0000817,11635763,0
hsa_circ_0065264,29327,0
MIMAT0012852,790,0
MIMAT0000561,91820602,0
MIMAT0000255,176870,1
MIMAT0003191,6013,0
MIMAT0004498,4943,0
MIMAT0048651,10635,0
102724927,31703,1
MIMAT0019913,31703,1
MIMAT0001338,2907,0
MIMAT0000644,3496,1
MIMAT0000166,638278,0
100499405,5394,1
MIMAT0001635,60780,0
MIMAT0004970,241,0
MIMAT0000755,3028194,0
MIMAT0001421,31703,1
MIMAT0012734,25183872,0
MIMAT0004893,8490,1
hsa_circ_0001490,1832,0
MIMAT0000820,6857599,0
MIMAT0004708,460612,0
MIMAT0000708,164676,0
MIMAT0000666,6410,1
hsa_circ_0000102,4763,0
hsa_circ_0000008,1983,0
MIMAT0000420,176870,1
MIMAT0004620,24268,0
MIMAT0007875,54680783,0
MIMAT0001273,138374198,0
3169,3007,0
MIMAT0013989,6041,0
101927167,3220,0
104266957,638278,0
574029,53232,0
MIMAT0000085,23725625,0
MIMAT0002832,9700,0
MIMAT0001794,2767,0
MIMAT0000557,49803145,0
MIMAT0003892,54675776,0
MIMAT0000892,8378,0
MIMAT0015322,36314,0
MIMAT0019920,790,0
100033431,5997,0
MIMAT0001780,74483,1
100885775,462382,0
MIMAT0000079,11556711,0
MIMAT0000753,446220,0
hsa_circ_0001497,1207,0
hsa_circ_0000516,24759,0
hsa_circ_0075736,15951529,1
MIMAT0000760,2733526,1
hsa_circ_0000676,4095,0
hsa_circ_0021506,5280896,0
MIMAT0003292,5222465,0
hsa_circ_0001545,15951529,1
hsa_circ_0002782,31703,0
MIMAT0001625,148124,1
MIMAT0004947,5793,1
MIMAT0000534,460612,0
MIMAT0000414,3386,0
100287082,16078949,0
104355136,104741,0
hsa_circ_0023404,11953817,0
MIMAT0000249,896,0
MIMAT0001853,74483,1
MIMAT0001735,24268,1
102724105,4943,0
MIMAT0004879,5793,0
MIMAT0000187,11707110,0
MIMAT0003477,11226684,0
MIMAT0005795,6115,0
MIMAT0000894,1673,0
MIMAT0000253,253602,1
101927125,54675776,0
MIMAT0000420,2767,1
MIMAT0019903,1176,0
MIMAT0015064,6041,0
hsa_circ_0071185,4829,0
MIMAT0000221,4829,0
MIMAT0005792,5310940,1
101928794,3386,0
hsa_circ_0022142,644241,0
hsa_circ_0001985,24978538,0
MIMAT0004809,5280795,0
MIMAT0004524,108065,0
MIMAT0002821,12967,0
MIMAT0003238,5280427,0
MIMAT0000281,2733526,0
hsa_circ_0039930,89594,0
MIMAT0000650,253602,0
MIMAT0015076,42113,0
MIMAT0016895,60750,1
MIMAT0019003,2375,0
MIMAT0019844,445434,0
29108,104746,0
MIMAT0003165,104758,0
hsa_circ_0025054,784,0
MIMAT0000266,5793,1
MIMAT0014028,445154,0
hsa_circ_0000825,15951529,1
hsa_circ_0005730,145858,0
MIMAT0000259,71496458,0
MIMAT0000269,5281929,0
101927592,3385,0
MIMAT0004801,54671203,0
MIMAT0004622,1674,0
101928796,11707110,0
MIMAT0000086,25262965,0
MIMAT0000278,56842234,1
MIMAT0004861,443586,1
hsa_circ_0005379,5459308,0
MIMAT0004445,5291,0
MIMAT0018194,265237,0
MIMAT0001532,6013,0
MIMAT0001768,164676,0
MIMAT0001807,74483,1
MIMAT0005584,5994,1
hsa_circ_0000504,14403,0
100874343,5394,1
MIMAT0003507,6505803,0
hsa_circ_0001311,3007,0
MIMAT0005902,9898279,0
MIMAT0019916,60852,0
MIMAT0003282,54670067,1
hsa_circ_0015796,11960529,0
MIMAT0004597,12967,0
MIMAT0000828,3385,0
MIMAT0000726,444732,1
MIMAT0001731,5282350,0
MIMAT0000425,712,1
MIMAT0000420,31703,1
hsa_circ_0074930,56842234,0
100507266,5283344,0
MIMAT0000746,15,0
646626,5793,0
MIMAT0003731,6106,0
8452,216345,0
MIMAT0024618,60750,1
hsa_circ_0011292,5288209,0
23043,56649450,0
MIMAT0003309,446556,0
MIMAT0000868,46843772,0
hsa_circ_0002761,2187,0
MIMAT0000071,6623,0
MIMAT0000146,210332,1
MIMAT0002845,8029,0
MIMAT0000157,47936,0
hsa_circ_0000818,1130,0
101929395,54670067,0
439949,6057,0
MIMAT0004450,47725,0
MIMAT0000522,5073,0
MIMAT0000255,5311,1
hsa_circ_0001772,5281811,0
MIMAT0019920,47318,0
MIMAT0019704,60750,1
hsa_circ_0001122,3062316,0
MIMAT0018356,60750,1
101927843,23725625,0
MIMAT0000518,5755,0
MIMAT0004697,162282,0
619455,25183872,0
1832,5959,0
MIMAT0003389,30323,0
MIMAT0001825,23939,0
MIMAT0001793,4095,0
MIMAT0016879,790,0
MIMAT0000274,9949648,0
MIMAT0000804,4946,1
MIMAT0004628,8029,0
2310,6115,0
MIMAT0000132,737139,0
MIMAT0003255,5381226,0
hsa_circ_0001829,47936,0
hsa_circ_0001372,644241,0
MIMAT0002835,5757,1
MIMAT0001704,452548,0
101928710,4641,0
54838,5462222,0
MIMAT0002112,448537,0
MIMAT0000817,89594,1
MIMAT0019058,5288826,0
MIMAT0004637,14403,0
MIMAT0000421,2767,1
MIMAT0000639,54671203,0
hsa_circ_0050581,261004,0
MIMAT0000755,126941,0
MIMAT0018971,47318,0
MIMAT0000237,4763,0
643446,60852,0
MIMAT0002820,9547215,1
hsa_circ_0000881,138374198,0
MIMAT0019979,443586,0
MIMAT0015324,138374198,0
102724246,1176,0
MIMAT0000645,23973,1
MIMAT0000072,47936,0
MIMAT0005903,1175,0
MIMAT0000738,42113,0
10984,54670067,0
100996259,11226684,0
MIMAT0015064,2733,0
hsa_circ_0026462,2244,0
MIMAT0015048,3652,0
MIMAT0001805,28486,0
MIMAT0004499,123865,0
MIMAT0000514,41867,0
MIMAT0016852,1548943,0
hsa_circ_0067352,36314,1
MIMAT0003266,11626560,0
MIMAT0000419,73581,1
202181,60750,0
100874095,15951529,0
MIMAT0001635,9931953,0
MIMAT0000458,969516,1
MIMAT0000141,12967,1
1591,5281811,0
MIMAT0000254,5359268,0
MIMAT0005327,444254,0
100128164,3103,0
hsa_circ_0007312,56842234,0
hsa_circ_0004709,5997,0
102724105,3028194,0
101060524,5950,0
MIMAT0000728,5288826,0
MIMAT0000605,5793,0
MIMAT0000760,2520,1
hsa_circ_0007149,261004,0
MIMAT0003306,2767,1
MIMAT0005318,6279,0
MIMAT0019738,253602,0
hsa_circ_0006174,14888,0
MIMAT0014012,24180719,0
MIMAT0004674,31703,0
MIMAT0001840,25183872,0
MIMAT0004324,8490,1
MIMAT0004623,14888,0
MIMAT0015000,5959,0
MIMAT0000382,47936,0
MIMAT0000097,31703,1
MIMAT0000706,6167,0
MIMAT0004855,2662,0
MIMAT0003233,2995,0
ENSG00000255237,13342,0
MIMAT0003888,5310940,1
MIMAT0000068,38904,1
MIMAT0005523,44631912,0
hsa_circ_0009654,5865,0
MIMAT0004767,5311,1
MIMAT0000269,9064,1
hsa_circ_0001296,636397,0
MIMAT0000838,446556,0
MIMAT0000243,2336,0
MIMAT0007400,47289,0
MIMAT0001268,3657,0
MIMAT0004220,89594,1
MIMAT0018937,104746,0
MIMAT0003461,5291,0
hsa_circ_0007333,89594,0
MIMAT0000879,11707110,0
MIMAT0003299,441074,0
100506866,6918837,0
MIMAT0000434,5352624,0
MIMAT0004697,49803145,0
101669762,6857599,1
MIMAT0001827,25183872,0
MIMAT0005913,5359268,0
hsa_circ_0001898,9804992,0
hsa_circ_0088059,3961,0
MIMAT0000062,444732,1
6301,24821094,0
hsa_circ_0089652,15951529,1
MIMAT0000781,2520,0
100033418,119307,0
MIMAT0002832,387447,0
MIMAT0014022,4033,0
hsa_circ_0005397,91466,0
338758,5359268,0
MIMAT0003375,23939,0
MIMAT0003315,24821094,0
10821,21633059,0
MIMAT0019850,24180719,0
MIMAT0003317,11707110,0
hsa_circ_0001329,2375,0
MIMAT0015140,24268,1
MIMAT0000800,5311,0
MIMAT0007347,5994,0
MIMAT0015097,1673,0
MIMAT0000574,790,0
MIMAT0019796,3385,1
MIMAT0003491,54675776,0
MIMAT0009203,5281929,0
MIMAT0004805,16741,0
hsa_circ_0028912,15951529,1
MIMAT0001631,13342,1
hsa_circ_0002761,12967,0
MIMAT0000872,9444,0
hsa_circ_0079743,60700,0
MIMAT0003884,5994,1
MIMAT0015024,2733,0
MIMAT0000526,16741,1
MIMAT0005924,5280961,0
hsa_circ_0007059,657237,0
MIMAT0002810,5311,0
hsa_circ_0066874,455658,0
hsa_circ_0004709,448537,0
MIMAT0000617,444732,1
MIMAT0003326,5222465,0
MIMAT0019968,5881,0
hsa_circ_0008382,6001,0
MIMAT0000384,441074,0
MIMAT0000071,11707110,0
MIMAT0004952,60750,1
101928979,446220,0
MIMAT0000723,4158,0
hsa_circ_0082139,969516,0
MIMAT0001339,9700,0
10517,145858,0
653677,6440495,0
MIMAT0003475,3385,0
MIMAT0003287,25227436,0
286150,667639,0
MIMAT0002891,49803145,0
MIMAT0000884,9576410,0
MIMAT0000602,71496458,0
hsa_circ_0063329,6442177,0
MIMAT0002175,24759,0
MIMAT0015055,9826528,0
MIMAT0019002,44259,0
101928978,439260,0
MIMAT0014004,5206,0
MIMAT0015079,60750,1
MIMAT0000460,10635,1
hsa_circ_0004851,25227436,0
hsa_circ_0026143,6037,0
MIMAT0001884,9898279,0
hsa_circ_0087400,25183872,0
MIMAT0019748,5394,0
hsa_circ_0001849,23973,0
MIMAT0000533,5284616,1
100128252,5460341,0
MIMAT0000094,36314,1
55384,3690,0
hsa_circ_0000520,47936,0
MIMAT0004623,6918837,0
MIMAT0019861,3385,1
100885779,164676,0
MIMAT0002884,8029,0
MIMAT0004185,3101,0
MIMAT0001631,9064,1
MIMAT0000532,15625,1
MIMAT0003295,104741,0
645687,145858,0
MIMAT0017080,4158,0
MIMAT0026473,6106,0
hsa_circ_0058058,3488,0
MIMAT0004552,54675776,0
hsa_circ_0001518,5035,0
hsa_circ_0015796,104741,0
100144596,2353,0
102724077,5310940,0
MIMAT0015048,36462,0
MIMAT0004637,21109,0
MIMAT0019848,689043,0
MIMAT0014010,14888,0
MIMAT0004814,5311,1
MIMAT0019704,23973,0
MIMAT0000765,30323,1
hsa_circ_0061260,446220,0
MIMAT0000423,9444,1
MIMAT0003482,5212,0
111216284,13342,0
MIMAT0016846,2767,1
hsa_circ_0072837,11707110,0
MIMAT0005633,74483,0
101927931,123865,0
105374631,5394,1
hsa_circ_0001599,5746,0
hsa_circ_0036683,3496,0
MIMAT0005583,2767,1
MIMAT0012848,162282,0
hsa_circ_0028912,445639,0
MIMAT0015017,5462222,0
MIMAT0001783,6167,0
hsa_circ_0004390,4763,0
26298,8378,0
hsa_circ_0059910,985,0
hsa_circ_0075736,5359268,0
hsa_circ_0048956,73581,0
MIMAT0003223,60750,0
hsa_circ_0002078,104758,0
100132923,47318,0
MIMAT0000276,31703,1
MIMAT0003885,30323,1
MIMAT0001787,104758,0
MIMAT0004504,119307,1
MIMAT0019864,60750,1
27242,2767,0
MIMAT0017993,448537,0
MIMAT0001781,208908,0
hsa_circ_0001851,439530,0
MIMAT0000790,439260,0
MIMAT0009203,44631912,0
MIMAT0006700,1207,0
MIMAT0000688,3220,1
MIMAT0001773,216239,0
MIMAT0005860,10184653,0
MIMAT0000076,6623,1
MIMAT0000432,6089,0
MIMAT0000082,3763,0
hsa_circ_0000285,25183872,0
MIMAT0000262,2353,0
MIMAT0016863,43815,0
hsa_circ_0001721,15951529,1
MIMAT0002875,24497,0
MIMAT0000378,444732,0
MIMAT0005844,16741,1
MIMAT0015054,3652,0
MIMAT0007400,1673,0
hsa_circ_0068462,452548,0
54660,445858,0
hsa_circ_0008030,16197265,0
hsa_circ_0004254,126941,1
MIMAT0004188,216345,0
MIMAT0004893,16741,0
MIMAT0000143,210332,1
MIMAT0000318,9826528,1
MIMAT0000127,446220,1
MIMAT0000450,2733,0
MIMAT0003389,5311,1
hsa_circ_0075900,77999,0
hsa_circ_0065871,253602,0
MIMAT0000786,3229,0
MIMAT0018966,21633059,0
hsa_circ_0001573,2336,0
MIMAT0004974,47936,0
MIMAT0003181,104842,0
MIMAT0026605,71496458,0
MIMAT0000617,3902,0
100505881,5394,1
MIMAT0001841,97226,0
MIMAT0007401,5288826,0
MIMAT0003389,241,0
MIMAT0000250,31703,1
MIMAT0000573,30323,0
692205,56843276,0
hsa_circ_0007990,15951529,1
MIMAT0004189,3961,0
MIMAT0005583,5291,1
101927528,442428,0
hsa_circ_0059914,2051,0
101928287,5978,1
MIMAT0000431,3385,1
MIMAT0015165,222528,0
MIMAT0004799,21633059,0
MIMAT0015322,5757,0
MIMAT0004861,12967,1
MIMAT0002888,72304,0
100132103,6918289,0
MIMAT0000382,1548943,0
MIMAT0004952,5280951,0
hsa_circ_0003605,3763,0
MIMAT0000682,2520,1
hsa_circ_0004029,2236,0
MIMAT0002831,104741,0
MIMAT0000425,216239,1
MIMAT0000732,37542,1
hsa_circ_0020460,644241,0
MIMAT0014996,5978,1
MIMAT0015120,89594,1
MIMAT0004482,24360,0
hsa_circ_0000963,104758,0
MIMAT0000862,89594,0
100507257,2520,0
MIMAT0004696,108065,1
hsa_circ_0007250,15951529,1
MIMAT0019733,2767,1
MIMAT0019904,3006531,0
MIMAT0001732,9949648,0
MIMAT0000670,12967,1
hsa_circ_0012673,25262965,0
MIMAT0003171,10184653,0
MIMAT0019027,38904,0
51352,5394,1
MIMAT0001268,56843276,0
hsa_circ_0002082,54680783,0
hsa_circ_0079262,54675776,0
MIMAT0003322,449171,0
hsa_circ_0065871,208908,0
MIMAT0000382,636397,0
101929407,6468,0
MIMAT0006587,1673,0
hsa_circ_0087963,4158,0
MIMAT0001827,23973,0
MIMAT0000264,14888,1
338005,6167,0
hsa_circ_0003602,45266826,0
hsa_circ_0007769,65064,0
MIMAT0000728,2375,1
102724312,25244711,0
hsa_circ_0005974,445639,0
hsa_circ_0003484,91820602,0
hsa_circ_0001772,4033,0
MIMAT0000538,5281004,1
MIMAT0000535,6410,1
hsa_circ_0075900,104746,0
MIMAT0000048,64971,0
MIMAT0003259,5212,0
hsa_circ_0001646,15951529,1
MIMAT0000533,5206,1
hsa_circ_0017485,77999,0
MIMAT0004682,23973,0
hsa_circ_0002078,5282350,0
441307,3385,0
hsa_circ_0081001,3821,0
MIMAT0004565,5978,0
MIMAT0015357,60852,0
MIMAT0003177,1674,0
MIMAT0003176,11556711,0
MIMAT0000727,5994,1
MIMAT0004280,3496,1
MIMAT0001273,5281614,0
MIMAT0000686,65110,0
MIMAT0005850,3496,0
MIMAT0015066,60750,1
MIMAT0000724,2733526,0
MIMAT0004867,114900,0
MIMAT0003291,4763,0
28996,444732,0
MIMAT0016847,60823,0
MIMAT0000076,21109,1
MIMAT0019733,10184653,0
hsa_circ_0058361,737139,0
100996437,30323,0
MIMAT0002172,60606,0
hsa_circ_0026302,15951529,1
MIMAT0004773,42113,0
100270680,5281004,0
MIMAT0004782,114900,0
643977,5394,1
MIMAT0013991,31401,0
hsa_circ_0041252,114900,0
644649,3101,0
101929023,712,0
MIMAT0004800,3385,1
MIMAT0000850,64971,0
MIMAT0000757,443586,0
MIMAT0013993,60198,0
MIMAT0004578,16078949,1
101927597,222757,0
MIMAT0000735,31703,1
hsa_circ_0066874,5282350,0
100128054,37542,0
MIMAT0000608,24268,0
MIMAT0000518,5757,1
MIMAT0000688,3385,1
MIMAT0003277,6918837,0
hsa_circ_0075896,444732,0
MIMAT0002170,445154,0
100132707,3121,0
MIMAT0004901,985,0
hsa_circ_0002654,56843276,0
hsa_circ_0009456,5394,0
MIMAT0000861,285033,0
MIMAT0000461,104758,0
MIMAT0000104,444732,1
MIMAT0004541,5459308,0
6301,3220,0
MIMAT0000437,104842,1
MIMAT0000510,21633059,0
MIMAT0000249,15939,0
MIMAT0000727,10184653,0
654433,1832,0
391267,442428,0
MIMAT0000146,8490,1
MIMAT0000239,8490,1
MIMAT0005972,8029,0
MIMAT0007348,5284583,0
MIMAT0003222,4095,0
hsa_circ_0062980,5284583,0
MIMAT0001724,6106,0
hsa_circ_0002153,162282,0
MIMAT0004572,9064,1
MIMAT0016909,5284616,0
MIMAT0000755,4212,1
hsa_circ_0006117,60838,0
MIMAT0007401,30323,0
MIMAT0004210,5280343,0
MIMAT0003396,176870,0
101926978,16741,0
MIMAT0000891,5283344,0
MIMAT0003282,60750,1
hsa_circ_0006784,15,0
MIMAT0018204,6442177,0
hsa_circ_0073647,445580,0
MIMAT0000236,261000,0
MIMAT0000717,253602,0
100507468,4212,0
MIMAT0000083,5318517,0
26058,60838,0
MIMAT0000747,2244,0
hsa_circ_0007333,3028194,0
hsa_circ_0072797,5280427,0
MIMAT0003500,210332,0
100126299,460612,0
MIMAT0000075,446220,1
hsa_circ_0060516,5280448,0
hsa_circ_0089863,7222,0
MIMAT0001707,37542,0
28996,442793,0
MIMAT0000419,148124,1
MIMAT0000434,31703,1
MIMAT0004626,6410,1
MIMAT0019820,3385,1
MIMAT0000659,25262965,0
100507246,5206,0
MIMAT0018926,16078949,0
MIMAT0017993,54454,0
MIMAT0002172,5073,0
MIMAT0001883,5288209,0
hsa_circ_0050055,5206,0
MIMAT0001707,6041,0
hsa_circ_0000038,5280795,0
MIMAT0015037,5212,0
MIMAT0001638,6001,0
MIMAT0000646,442972,1
hsa_circ_0058191,4943,0
MIMAT0004748,145858,0
MIMAT0000141,23725625,0
25989,2520,0
MIMAT0001090,253602,0
hsa_circ_0008806,21633059,0
MIMAT0002822,5793,1
MIMAT0000427,60750,1
MIMAT0000682,176870,1
MIMAT0002877,5281811,0
MIMAT0004616,12967,0
MIMAT0005911,11707110,0
MIMAT0000086,135403648,1
MIMAT0001270,5280448,0
MIMAT0005870,5865,0
2310,2767,1
MIMAT0000794,5743,1
MIMAT0011162,2578,0
hsa_circ_0000817,6410,0
MIMAT0003278,6442177,0
101928674,5865,0
100507468,74483,0
MIMAT0004945,2767,1
MIMAT0004585,9576410,0
MIMAT0005336,29327,0
MIMAT0005902,9576410,0
MIMAT0009834,448013,0
MIMAT0018000,17754356,0
100289255,2662,0
hsa_circ_0083026,441074,0
MIMAT0001072,387447,0
MIMAT0002882,2733526,1
MIMAT0000229,60823,1
MIMAT0005460,9064,0
MIMAT0000569,24759,0
MIMAT0016879,31703,1
hsa_circ_0059910,15951529,1
MIMAT0004764,11226684,0
MIMAT0003457,14403,0
MIMAT0000686,60750,1
MIMAT0000646,148124,1
100132111,2051,0
MIMAT0000858,54680783,0
105379054,5743,0
hsa_circ_0061891,5206,0
MIMAT0003299,38904,1
MIMAT0003883,10184653,0
hsa_circ_0048856,4891,0
hsa_circ_0057518,2907,0
MIMAT0015080,36314,1
MIMAT0004584,969516,1
MIMAT0000657,9064,1
hsa_circ_0001667,31703,1
101928880,54675776,0
MIMAT0000762,1673,0
hsa_circ_0003967,24821094,0
MIMAT0000799,16132265,1
MIMAT0003292,3385,0
MIMAT0002177,31703,1
MIMAT0005917,241,0
